$ date -R
Mon, 18 May 2026 09:51:36 +0100
$ git checkout master
Already on 'master'
$ git reset --hard stable
HEAD is now at dd6c438c3e64a Merge tag 'vfs-7.1-rc1.fixes' of git://git.kernel.org/pub/scm/linux/kernel/git/vfs/vfs
Merging origin/master (5200f5f493f79 Linux 7.1-rc4)
$ git merge -m Merge branch 'master' of https://git.kernel.org/pub/scm/linux/kernel/git/torvalds/linux.git origin/master
Updating dd6c438c3e64a..5200f5f493f79
Fast-forward (no commit created; -m option ignored)
 .mailmap                                           |    9 +
 CREDITS                                            |    5 +
 Documentation/.renames.txt                         |    6 -
 .../ABI/{obsolete => removed}/sysfs-selinux-user   |    0
 Documentation/ABI/stable/sysfs-driver-speakup      |    4 +-
 .../ABI/testing/sysfs-bus-coresight-devices-tpdm   |   10 +
 Documentation/ABI/testing/sysfs-bus-iio            |    2 +-
 Documentation/admin-guide/cgroup-v1/memcg_test.rst |    6 +-
 Documentation/admin-guide/cgroup-v2.rst            |    2 +-
 Documentation/admin-guide/kernel-parameters.txt    |   18 -
 Documentation/arch/riscv/cmodx.rst                 |    8 +-
 Documentation/arch/riscv/zicfilp.rst               |    2 +-
 .../devicetree/bindings/extcon/extcon-ptn5150.yaml |    3 +
 .../bindings/i2c/amlogic,meson6-i2c.yaml           |   13 +-
 .../devicetree/bindings/i2c/apple,i2c.yaml         |    4 +-
 .../devicetree/bindings/iio/accel/adi,adxl372.yaml |    9 +-
 .../bindings/iio/accel/bosch,bma255.yaml           |   38 +-
 .../devicetree/bindings/iio/adc/adi,ad4030.yaml    |   64 +
 .../devicetree/bindings/iio/adc/adi,ad4080.yaml    |    3 +
 .../devicetree/bindings/iio/adc/adi,ad7380.yaml    |   23 +
 .../bindings/iio/adc/amlogic,meson-saradc.yaml     |    4 +
 .../devicetree/bindings/iio/adc/lltc,ltc2497.yaml  |    7 +
 .../bindings/iio/adc/motorola,cpcap-adc.yaml       |    1 +
 .../bindings/iio/adc/qcom,spmi-adc5-gen3.yaml      |  151 +
 .../bindings/iio/adc/qcom,spmi-vadc-common.yaml    |   84 +
 .../bindings/iio/adc/qcom,spmi-vadc.yaml           |   78 +-
 .../bindings/iio/amplifiers/adi,ad8366.yaml        |  101 +
 .../devicetree/bindings/iio/dac/lltc,ltc2632.yaml  |   57 +-
 .../devicetree/bindings/iio/dac/maxim,ds4424.yaml  |   42 +-
 .../devicetree/bindings/iio/dac/ti,dac7612.yaml    |    2 +-
 .../bindings/iio/gyroscope/bosch,bmg160.yaml       |   12 +-
 .../bindings/iio/light/vishay,vcnl4000.yaml        |   31 +-
 .../iio/magnetometer/bosch,bmc150_magn.yaml        |   14 +-
 .../bindings/iio/proximity/st,vl53l0x.yaml         |   22 +-
 .../bindings/iio/proximity/tyhx,hx9023s.yaml       |    4 +
 .../bindings/interconnect/qcom,glymur-rpmh.yaml    |  136 +-
 .../bindings/interconnect/qcom,msm8974.yaml        |   28 +-
 .../bindings/interconnect/qcom,osm-l3.yaml         |    1 +
 .../bindings/interconnect/qcom,qcs615-rpmh.yaml    |   23 +
 .../bindings/interconnect/qcom,qcs8300-rpmh.yaml   |   63 +
 .../devicetree/bindings/mailbox/qcom-ipcc.yaml     |    1 +
 .../devicetree/bindings/mfd/qcom,spmi-pmic.yaml    |    1 +
 .../devicetree/bindings/misc/qcom,fastrpc.yaml     |   11 +-
 .../devicetree/bindings/misc/ti,fpc202.yaml        |   21 +
 .../bindings/nvmem/layouts/kontron,sl28-vpd.yaml   |    7 +-
 .../devicetree/bindings/nvmem/qcom,qfprom.yaml     |    1 +
 .../devicetree/bindings/nvmem/rockchip,otp.yaml    |   83 +-
 .../devicetree/bindings/rtc/isil,isl12026.txt      |   28 -
 .../devicetree/bindings/rtc/isil,isl12026.yaml     |   59 +
 .../bindings/rtc/microchip,mpfs-rtc.yaml           |    3 +
 .../bindings/rtc/microcrystal,rv3028.yaml          |    2 +
 .../devicetree/bindings/rtc/olpc-xo1-rtc.txt       |    5 -
 .../devicetree/bindings/rtc/sprd,sc2731-rtc.yaml   |    7 +-
 .../devicetree/bindings/rtc/trivial-rtc.yaml       |    2 +
 .../devicetree/bindings/sound/ti,tas2781.yaml      |    7 +-
 Documentation/devicetree/bindings/spi/fsl,spi.yaml |    6 +-
 .../features/vm/ioremap_prot/arch-support.txt      |    2 +-
 Documentation/filesystems/isofs.rst                |    2 +-
 Documentation/hwmon/sy7636a-hwmon.rst              |    2 +-
 Documentation/hwmon/yogafan.rst                    |    2 +-
 Documentation/iio/ad4030.rst                       |   39 +
 Documentation/iio/ad7191.rst                       |    6 +-
 Documentation/iio/adxl345.rst                      |   89 +-
 Documentation/isdn/credits.rst                     |   73 -
 Documentation/isdn/index.rst                       |   14 -
 Documentation/isdn/interface_capi.rst              |  336 --
 Documentation/isdn/m_isdn.rst                      |    9 -
 Documentation/netlink/genetlink-c.yaml             |    9 +
 Documentation/netlink/genetlink-legacy.yaml        |    9 +
 Documentation/netlink/genetlink.yaml               |    9 +
 Documentation/netlink/netlink-raw.yaml             |    9 +
 Documentation/netlink/specs/net_shaper.yaml        |    7 +
 Documentation/netlink/specs/psp.yaml               |    2 +
 Documentation/networking/6pack.rst                 |  191 -
 Documentation/networking/ax25.rst                  |   17 -
 Documentation/networking/caif/caif.rst             |  138 -
 Documentation/networking/caif/index.rst            |   12 -
 Documentation/networking/caif/linux_caif.rst       |  195 -
 .../networking/device_drivers/atm/fore200e.rst     |   66 -
 .../networking/device_drivers/atm/index.rst        |    2 -
 .../networking/device_drivers/atm/iphase.rst       |  193 -
 .../device_drivers/ethernet/3com/3c509.rst         |  249 -
 .../networking/device_drivers/ethernet/index.rst   |    2 -
 .../device_drivers/ethernet/smsc/smc9.rst          |   48 -
 .../networking/device_drivers/hamradio/baycom.rst  |  174 -
 .../networking/device_drivers/hamradio/index.rst   |   12 -
 .../device_drivers/hamradio/z8530drv.rst           |  686 ---
 Documentation/networking/device_drivers/index.rst  |    1 -
 Documentation/networking/index.rst                 |    3 -
 Documentation/process/index.rst                    |    1 +
 Documentation/process/license-rules.rst            |    7 +-
 Documentation/process/security-bugs.rst            |  106 +-
 Documentation/process/threat-model.rst             |  235 +
 Documentation/sound/codecs/cs35l56.rst             |    2 +-
 Documentation/staging/magic-number.rst             |    3 -
 Documentation/subsystem-apis.rst                   |    1 -
 .../translations/it_IT/staging/magic-number.rst    |    3 -
 .../translations/sp_SP/process/magic-number.rst    |    3 -
 .../translations/zh_CN/networking/index.rst        |    1 -
 .../translations/zh_CN/process/magic-number.rst    |    3 -
 .../translations/zh_TW/process/magic-number.rst    |    3 -
 Documentation/userspace-api/rseq.rst               |   94 +-
 .../virt/kvm/x86/amd-memory-encryption.rst         |    8 +-
 MAINTAINERS                                        |  333 +-
 Makefile                                           |    8 +-
 arch/alpha/configs/defconfig                       |    1 -
 arch/arm/Kconfig                                   |    1 +
 arch/arm/configs/ixp4xx_defconfig                  |    4 -
 arch/arm/configs/neponset_defconfig                |    1 -
 arch/arm/configs/u8500_defconfig                   |    1 -
 arch/arm/kernel/module-plts.c                      |   12 +
 arch/arm/mm/fault.c                                |  158 +-
 arch/arm/mm/fault.h                                |   42 +-
 arch/arm/mm/flush.c                                |    4 +-
 arch/arm64/include/asm/irqflags.h                  |   14 +-
 arch/arm64/include/asm/kernel-pgtable.h            |    7 +-
 arch/arm64/include/asm/kvm_asm.h                   |   28 +-
 arch/arm64/include/asm/kvm_host.h                  |    5 +-
 arch/arm64/include/asm/kvm_nested.h                |    1 +
 arch/arm64/include/asm/sysreg.h                    |    2 +-
 arch/arm64/kernel/entry-common.c                   |   31 +-
 arch/arm64/kernel/pi/patch-scs.c                   |    4 +-
 arch/arm64/kernel/ptrace.c                         |    4 +-
 arch/arm64/kernel/signal.c                         |   54 +-
 arch/arm64/kvm/arm.c                               |   25 +
 arch/arm64/kvm/config.c                            |   23 +-
 arch/arm64/kvm/hyp/include/hyp/switch.h            |    2 +-
 arch/arm64/kvm/hyp/nvhe/clock.c                    |    3 +
 arch/arm64/kvm/hyp/nvhe/hyp-main.c                 |   30 +-
 arch/arm64/kvm/hyp/nvhe/mem_protect.c              |   47 +-
 arch/arm64/kvm/hyp/nvhe/pkvm.c                     |   54 +-
 arch/arm64/kvm/hyp/nvhe/setup.c                    |    8 +-
 arch/arm64/kvm/hyp/vhe/switch.c                    |    3 +-
 arch/arm64/kvm/mmu.c                               |   29 +-
 arch/arm64/kvm/vgic/vgic-mmio-v2.c                 |    2 +-
 arch/arm64/kvm/vgic/vgic-mmio-v3.c                 |    2 +-
 arch/loongarch/Kbuild                              |    2 +-
 arch/loongarch/Kconfig                             |  121 +-
 arch/loongarch/Makefile                            |   25 +-
 arch/loongarch/boot/Makefile                       |    6 +
 arch/loongarch/include/asm/asm-prototypes.h        |   20 +
 arch/loongarch/include/asm/cacheflush.h            |   16 +-
 arch/loongarch/include/asm/cpu-features.h          |    1 +
 arch/loongarch/include/asm/cpu.h                   |   64 +-
 arch/loongarch/include/asm/fixmap.h                |   14 +
 arch/loongarch/include/asm/highmem.h               |   43 +
 arch/loongarch/include/asm/inst.h                  |   10 +
 arch/loongarch/include/asm/irq_work.h              |    2 +-
 arch/loongarch/include/asm/jump_label.h            |    2 +
 arch/loongarch/include/asm/kvm_host.h              |    3 -
 arch/loongarch/include/asm/linkage.h               |    2 +-
 arch/loongarch/include/asm/page.h                  |    4 -
 arch/loongarch/include/asm/pgtable.h               |   12 +
 arch/loongarch/include/asm/processor.h             |    2 +-
 arch/loongarch/include/asm/stackprotector.h        |    9 +-
 arch/loongarch/include/asm/syscall.h               |    4 +
 arch/loongarch/include/asm/vdso/gettimeofday.h     |    6 -
 arch/loongarch/include/uapi/asm/hwcap.h            |    1 +
 arch/loongarch/kernel/cpu-probe.c                  |   11 +
 arch/loongarch/kernel/fpu.S                        |   12 +-
 arch/loongarch/kernel/inst.c                       |    6 +-
 arch/loongarch/kernel/jump_label.c                 |   12 +-
 arch/loongarch/kernel/proc.c                       |    2 +
 arch/loongarch/kernel/process.c                    |    2 +
 arch/loongarch/kernel/relocate.c                   |   26 +-
 arch/loongarch/kernel/syscall.c                    |    3 +-
 arch/loongarch/kernel/vmlinux.lds.S                |    7 +-
 arch/loongarch/kvm/Kconfig                         |    2 +-
 arch/loongarch/kvm/Makefile                        |    3 +-
 arch/loongarch/kvm/exit.c                          |    1 +
 arch/loongarch/kvm/interrupt.c                     |   34 +-
 arch/loongarch/kvm/main.c                          |   35 +-
 arch/loongarch/kvm/mmu.c                           |    2 +-
 arch/loongarch/kvm/switch.S                        |   22 +-
 arch/loongarch/kvm/timer.c                         |   10 +-
 arch/loongarch/kvm/vm.c                            |    2 +-
 arch/loongarch/lib/Makefile                        |    6 +-
 arch/loongarch/mm/Makefile                         |    1 +
 arch/loongarch/mm/cache.c                          |   10 -
 arch/loongarch/mm/highmem.c                        |   12 +
 arch/loongarch/mm/init.c                           |   61 +-
 arch/loongarch/mm/pgtable.c                        |   27 +
 arch/loongarch/net/bpf_jit.c                       |  383 +-
 arch/loongarch/pci/acpi.c                          |    5 +
 arch/loongarch/pci/pci.c                           |    3 +
 arch/loongarch/vdso/Makefile                       |    2 +
 arch/mips/configs/bcm47xx_defconfig                |    1 -
 arch/mips/configs/bigsur_defconfig                 |   10 -
 arch/mips/configs/db1xxx_defconfig                 |    1 -
 arch/mips/configs/gpr_defconfig                    |   24 -
 arch/mips/configs/mtx1_defconfig                   |   32 -
 arch/mips/configs/rb532_defconfig                  |    1 -
 arch/mips/configs/rm200_defconfig                  |    7 -
 arch/mips/configs/rt305x_defconfig                 |    1 -
 arch/mips/configs/xway_defconfig                   |    1 -
 arch/parisc/Makefile                               |   16 +-
 arch/parisc/include/asm/vdso.h                     |    7 +-
 arch/parisc/kernel/Makefile                        |    7 +-
 arch/parisc/kernel/drivers.c                       |   21 +-
 arch/powerpc/Kconfig.debug                         |    3 +-
 arch/powerpc/configs/amigaone_defconfig            |    1 -
 arch/powerpc/configs/chrp32_defconfig              |    1 -
 arch/powerpc/configs/g5_defconfig                  |    3 +-
 arch/powerpc/configs/pasemi_defconfig              |    1 -
 arch/powerpc/configs/powernv_defconfig             |    1 -
 arch/powerpc/configs/ppc64_defconfig               |    1 -
 arch/powerpc/configs/ppc64e_defconfig              |    1 -
 arch/powerpc/configs/ppc6xx_defconfig              |   19 -
 arch/powerpc/configs/skiroot_defconfig             |    1 -
 arch/powerpc/include/asm/pmac_low_i2c.h            |    4 -
 arch/powerpc/kernel/time.c                         |    6 +-
 arch/powerpc/kernel/vdso/Makefile                  |    6 +
 arch/powerpc/kexec/Makefile                        |    2 +-
 arch/powerpc/lib/vmx-helper.c                      |    9 +-
 arch/powerpc/perf/core-book3s.c                    |    5 +-
 arch/powerpc/perf/hv-gpci.c                        |   24 +-
 arch/powerpc/platforms/44x/warp.c                  |    2 +
 arch/powerpc/platforms/82xx/km82xx.c               |    4 +-
 arch/powerpc/platforms/8xx/cpm1.c                  |    4 +-
 arch/powerpc/platforms/pasemi/pci.c                |    3 +-
 arch/powerpc/platforms/powermac/low_i2c.c          |   34 -
 arch/powerpc/platforms/ps3/device-init.c           |    4 +-
 arch/powerpc/platforms/pseries/htmdump.c           |  133 +-
 arch/powerpc/platforms/pseries/papr-hvpipe.c       |  181 +-
 arch/powerpc/platforms/pseries/papr-hvpipe.h       |    1 -
 arch/riscv/Kconfig                                 |  109 +-
 arch/riscv/Kconfig.socs                            |    8 +-
 arch/riscv/Makefile                                |    7 +-
 arch/riscv/boot/Makefile                           |   11 -
 arch/riscv/errata/mips/errata.c                    |    2 +-
 arch/riscv/errata/thead/errata.c                   |    2 +-
 arch/riscv/include/asm/asm-prototypes.h            |    1 +
 arch/riscv/include/asm/atomic.h                    |    4 +-
 arch/riscv/include/asm/elf.h                       |    4 +-
 arch/riscv/include/asm/page.h                      |   34 +-
 arch/riscv/include/asm/pgtable.h                   |   20 -
 arch/riscv/include/asm/processor.h                 |    2 +-
 arch/riscv/include/asm/scs.h                       |    1 -
 arch/riscv/include/asm/set_memory.h                |    2 +-
 arch/riscv/include/asm/smp.h                       |    2 +-
 arch/riscv/include/asm/string.h                    |    9 +
 arch/riscv/include/asm/thread_info.h               |    2 +-
 arch/riscv/include/asm/xip_fixup.h                 |   49 -
 arch/riscv/include/uapi/asm/setup.h                |    2 +-
 arch/riscv/kernel/acpi.c                           |   12 +-
 arch/riscv/kernel/compat_signal.c                  |    2 +
 arch/riscv/kernel/copy-unaligned.S                 |    5 +-
 arch/riscv/kernel/cpu-hotplug.c                    |    2 -
 arch/riscv/kernel/cpufeature.c                     |   20 +-
 arch/riscv/kernel/entry.S                          |    1 +
 arch/riscv/kernel/ftrace.c                         |    2 +-
 arch/riscv/kernel/head.S                           |   43 +-
 arch/riscv/kernel/head.h                           |    3 -
 arch/riscv/kernel/mcount-dyn.S                     |    2 +-
 arch/riscv/kernel/module-sections.c                |    2 +-
 arch/riscv/kernel/probes/kprobes.c                 |    2 +-
 arch/riscv/kernel/probes/uprobes.c                 |    2 +-
 arch/riscv/kernel/ptrace.c                         |    4 +-
 arch/riscv/kernel/setup.c                          |    6 +-
 arch/riscv/kernel/smpboot.c                        |    8 +-
 arch/riscv/kernel/soc.c                            |    2 +-
 arch/riscv/kernel/suspend.c                        |    2 +-
 arch/riscv/kernel/suspend_entry.S                  |    2 -
 arch/riscv/kernel/traps.c                          |    6 +-
 arch/riscv/kernel/traps_misaligned.c               |    2 +-
 arch/riscv/kernel/unaligned_access_speed.c         |  223 +-
 arch/riscv/kernel/usercfi.c                        |    7 +-
 arch/riscv/kernel/vdso_cfi/.gitignore              |    8 +
 arch/riscv/kernel/vdso_cfi/Makefile                |    3 +
 arch/riscv/kernel/vec-copy-unaligned.S             |    5 +-
 arch/riscv/kernel/vmcore_info.c                    |   14 +-
 arch/riscv/kernel/vmlinux.lds.S                    |    5 -
 arch/riscv/kvm/tlb.c                               |    2 +-
 arch/riscv/kvm/vcpu_pmu.c                          |    2 +-
 arch/riscv/lib/Makefile                            |    3 +
 arch/riscv/lib/csum.c                              |    2 +-
 arch/riscv/lib/memmove.S                           |    4 +-
 arch/riscv/lib/strchr.S                            |   35 +
 arch/riscv/lib/strnlen.S                           |  164 +
 arch/riscv/lib/strrchr.S                           |   37 +
 arch/riscv/mm/cacheflush.c                         |    2 +-
 arch/riscv/mm/init.c                               |  143 +-
 arch/riscv/mm/physaddr.c                           |    4 +-
 arch/riscv/purgatory/Makefile                      |   11 +-
 arch/riscv/purgatory/kexec-purgatory.S             |    4 +-
 arch/s390/kernel/debug.c                           |    8 +
 arch/s390/kvm/interrupt.c                          |    3 +-
 arch/s390/kvm/pci.c                                |   10 +-
 arch/s390/mm/fault.c                               |    2 +-
 arch/sh/include/asm/setup.h                        |    2 +-
 arch/x86/Kconfig                                   |    1 +
 arch/x86/events/core.c                             |   13 +-
 arch/x86/events/intel/core.c                       |   50 +-
 arch/x86/events/perf_event.h                       |   10 +
 arch/x86/include/asm/efi.h                         |    3 +-
 arch/x86/include/asm/msr-index.h                   |    3 +-
 arch/x86/kernel/acpi/cppc.c                        |    6 +-
 arch/x86/kernel/cpu/amd.c                          |    3 +
 arch/x86/kernel/cpu/mce/core.c                     |   33 +-
 arch/x86/kernel/e820.c                             |    6 +-
 arch/x86/kernel/relocate_kernel_64.S               |    8 +
 arch/x86/kernel/shstk.c                            |   42 +-
 arch/x86/kvm/emulate.c                             |    2 +-
 arch/x86/kvm/hyperv.c                              |    2 +-
 arch/x86/kvm/lapic.c                               |   24 +-
 arch/x86/kvm/mmu/mmu.c                             |   54 +-
 arch/x86/kvm/svm/nested.c                          |   43 +-
 arch/x86/kvm/svm/svm.c                             |   15 +-
 arch/x86/kvm/trace.h                               |    2 +-
 arch/x86/kvm/vmx/capabilities.h                    |    1 +
 arch/x86/kvm/vmx/vmx.c                             |   57 +-
 arch/x86/mm/fault.c                                |    2 +-
 arch/x86/mm/pat/set_memory.c                       |   20 +-
 arch/x86/mm/pti.c                                  |    5 +
 arch/x86/platform/efi/quirks.c                     |   13 +-
 arch/x86/xen/mmu_pv.c                              |    8 +-
 arch/x86/xen/setup.c                               |   15 +-
 block/bio-integrity-auto.c                         |    2 +-
 block/bio-integrity.c                              |   25 +-
 block/bio.c                                        |   38 +-
 block/blk-core.c                                   |    2 +-
 block/blk-mq.c                                     |   19 +
 block/blk-throttle.c                               |    2 +-
 block/blk-zoned.c                                  |   32 +-
 block/blk.h                                        |   21 +
 block/ioctl.c                                      |   24 +-
 certs/extract-cert.c                               |    6 +-
 crypto/authencesn.c                                |    5 +
 drivers/Kconfig                                    |    2 -
 drivers/Makefile                                   |    1 -
 drivers/accel/ivpu/ivpu_drv.c                      |   21 +
 drivers/accel/qaic/qaic_data.c                     |   23 +-
 drivers/accel/qaic/qaic_ras.c                      |    4 +-
 drivers/accel/rocket/rocket_gem.c                  |    2 +
 drivers/acpi/ac.c                                  |    6 +-
 drivers/acpi/acpi_pad.c                            |    6 +-
 drivers/acpi/acpi_tad.c                            |   41 +-
 drivers/acpi/apei/einj-core.c                      |   55 +-
 drivers/acpi/arm64/cpuidle.c                       |   10 +-
 drivers/acpi/battery.c                             |    6 +-
 drivers/acpi/button.c                              |    9 +-
 drivers/acpi/cppc_acpi.c                           |    6 +-
 drivers/acpi/ec.c                                  |    6 +-
 drivers/acpi/hed.c                                 |    6 +-
 drivers/acpi/nfit/core.c                           |    6 +-
 drivers/acpi/pfr_telemetry.c                       |    6 +-
 drivers/acpi/pfr_update.c                          |    6 +-
 drivers/acpi/sbs.c                                 |    6 +-
 drivers/acpi/sbshc.c                               |    6 +-
 drivers/acpi/thermal.c                             |    2 +-
 drivers/acpi/tiny-power-button.c                   |    6 +-
 drivers/acpi/video_detect.c                        |    8 +
 drivers/android/binder.c                           |    2 +-
 drivers/android/binder/allocation.rs               |   31 +-
 drivers/android/binder/context.rs                  |   11 +
 drivers/android/binder/error.rs                    |   10 +-
 drivers/android/binder/process.rs                  |   29 +-
 drivers/android/binder/range_alloc/array.rs        |    1 -
 drivers/android/binder/rust_binder.h               |    5 +
 drivers/android/binder/rust_binder_events.h        |  121 +-
 drivers/android/binder/rust_binder_main.rs         |    3 +-
 drivers/android/binder/thread.rs                   |  211 +-
 drivers/android/binder/trace.rs                    |   78 +-
 drivers/android/binder/transaction.rs              |   89 +-
 drivers/ata/pata_parport/pata_parport.c            |   21 +-
 drivers/atm/.gitignore                             |    5 -
 drivers/atm/Kconfig                                |  300 --
 drivers/atm/Makefile                               |   29 -
 drivers/atm/adummy.c                               |  202 -
 drivers/atm/atmtcp.c                               |  513 --
 drivers/atm/eni.c                                  | 2321 --------
 drivers/atm/eni.h                                  |  136 -
 drivers/atm/fore200e.c                             | 3012 -----------
 drivers/atm/fore200e.h                             |  973 ----
 drivers/atm/he.c                                   | 2861 ----------
 drivers/atm/he.h                                   |  845 ---
 drivers/atm/idt77105.c                             |  376 --
 drivers/atm/idt77105.h                             |   92 -
 drivers/atm/idt77252.c                             | 3797 --------------
 drivers/atm/idt77252.h                             |  816 ---
 drivers/atm/idt77252_tables.h                      |  781 ---
 drivers/atm/iphase.c                               | 3283 ------------
 drivers/atm/iphase.h                               | 1452 -----
 drivers/atm/lanai.c                                | 2603 ---------
 drivers/atm/midway.h                               |  266 -
 drivers/atm/nicstar.c                              | 2759 ----------
 drivers/atm/nicstar.h                              |  759 ---
 drivers/atm/nicstarmac.c                           |  244 -
 drivers/atm/nicstarmac.copyright                   |   61 -
 drivers/atm/suni.c                                 |  391 --
 drivers/atm/suni.h                                 |  242 -
 drivers/atm/tonga.h                                |   21 -
 drivers/atm/zeprom.h                               |   35 -
 drivers/base/regmap/regmap-i2c.c                   |   49 +
 drivers/base/regmap/regmap-ram.c                   |    8 +-
 drivers/base/regmap/regmap-sdw-mbq.c               |   36 +-
 drivers/block/rbd.c                                |    6 +-
 drivers/block/ublk_drv.c                           |  168 +-
 drivers/block/zloop.c                              |  123 +-
 drivers/bluetooth/btintel_pcie.c                   |   13 +-
 drivers/bluetooth/btintel_pcie.h                   |    2 +-
 drivers/bluetooth/btmtk.c                          |   15 +-
 drivers/bluetooth/hci_ath.c                        |    3 +
 drivers/bluetooth/hci_bcsp.c                       |    3 +
 drivers/bluetooth/hci_h4.c                         |    3 +
 drivers/bluetooth/hci_h5.c                         |    3 +
 drivers/bluetooth/virtio_bt.c                      |   39 +-
 drivers/bus/mhi/ep/main.c                          |   10 +-
 drivers/bus/mhi/ep/ring.c                          |    6 +-
 drivers/bus/mhi/host/boot.c                        |   22 +-
 drivers/bus/mhi/host/pci_generic.c                 |   40 +-
 drivers/cdrom/cdrom.c                              |   73 +-
 drivers/char/agp/backend.c                         |   16 -
 drivers/char/hpet.c                                |   18 +-
 drivers/char/ipmi/ipmi_si_intf.c                   |   70 +-
 drivers/char/ipmi/ipmi_ssif.c                      |   24 +-
 drivers/char/nsc_gpio.c                            |   14 -
 drivers/char/sonypi.c                              |   25 +-
 drivers/char/tpm/tpm-chip.c                        |    2 +-
 drivers/char/tpm/tpm2-cmd.c                        |    8 +-
 drivers/char/tpm/tpm2-sessions.c                   |    5 +-
 drivers/char/tpm/tpm_crb.c                         |   35 +-
 drivers/char/tpm/tpm_i2c_atmel.c                   |   34 +-
 drivers/char/tpm/tpm_tis_core.c                    |   11 +-
 drivers/clk/bcm/clk-raspberrypi.c                  |    7 +
 drivers/clk/clk-eyeq.c                             |   60 +-
 drivers/clk/clk-rk808.c                            |    2 +-
 drivers/clk/spacemit/ccu-k3.c                      |    2 +-
 drivers/comedi/Kconfig                             |   10 +-
 drivers/comedi/comedi_pci.c                        |   11 -
 drivers/comedi/comedi_pcmcia.c                     |   11 -
 drivers/comedi/comedi_usb.c                        |   11 -
 drivers/comedi/drivers.c                           |   46 +-
 drivers/comedi/drivers/8255.c                      |   10 +-
 drivers/comedi/drivers/addi_watchdog.c             |   11 -
 drivers/comedi/drivers/adq12b.c                    |    3 +-
 drivers/comedi/drivers/aio_aio12_8.c               |   15 +-
 drivers/comedi/drivers/aio_iiro_16.c               |   11 +-
 drivers/comedi/drivers/amplc_dio200.c              |    3 +-
 drivers/comedi/drivers/amplc_dio200_common.c       |   11 -
 drivers/comedi/drivers/amplc_pc236.c               |    3 +-
 drivers/comedi/drivers/amplc_pc236_common.c        |   11 -
 drivers/comedi/drivers/amplc_pc263.c               |    3 +-
 drivers/comedi/drivers/c6xdigio.c                  |    4 +-
 drivers/comedi/drivers/comedi_8254.c               |   11 -
 drivers/comedi/drivers/comedi_8255.c               |   11 -
 drivers/comedi/drivers/comedi_isadma.c             |   32 +-
 drivers/comedi/drivers/comedi_parport.c            |    4 +-
 drivers/comedi/drivers/dac02.c                     |    3 +-
 drivers/comedi/drivers/das08.c                     |   11 -
 drivers/comedi/drivers/das08_isa.c                 |    3 +-
 drivers/comedi/drivers/das16.c                     |   31 +-
 drivers/comedi/drivers/das16m1.c                   |    3 +-
 drivers/comedi/drivers/das1800.c                   |    3 +-
 drivers/comedi/drivers/das6402.c                   |    3 +-
 drivers/comedi/drivers/das800.c                    |    3 +-
 drivers/comedi/drivers/dmm32at.c                   |   22 +-
 drivers/comedi/drivers/dt2801.c                    |    3 +-
 drivers/comedi/drivers/dt2811.c                    |    3 +-
 drivers/comedi/drivers/dt2814.c                    |    3 +-
 drivers/comedi/drivers/dt2815.c                    |    3 +-
 drivers/comedi/drivers/dt2817.c                    |    3 +-
 drivers/comedi/drivers/dt282x.c                    |    7 +-
 drivers/comedi/drivers/fl512.c                     |    8 +-
 drivers/comedi/drivers/mite.c                      |   11 -
 drivers/comedi/drivers/mpc624.c                    |    3 +-
 drivers/comedi/drivers/multiq3.c                   |    3 +-
 drivers/comedi/drivers/ni_at_a2150.c               |    3 +-
 drivers/comedi/drivers/ni_at_ao.c                  |    3 +-
 drivers/comedi/drivers/ni_atmio.c                  |    3 +-
 drivers/comedi/drivers/ni_atmio16d.c               |    3 +-
 drivers/comedi/drivers/ni_labpc.c                  |    3 +-
 drivers/comedi/drivers/ni_labpc_common.c           |   11 -
 drivers/comedi/drivers/ni_labpc_isadma.c           |   11 -
 drivers/comedi/drivers/ni_tio.c                    |   11 -
 drivers/comedi/drivers/ni_tiocmd.c                 |   11 -
 drivers/comedi/drivers/ni_usb6501.c                |   23 +-
 drivers/comedi/drivers/pcl711.c                    |    6 +-
 drivers/comedi/drivers/pcl724.c                    |   22 +-
 drivers/comedi/drivers/pcl726.c                    |   12 +-
 drivers/comedi/drivers/pcl730.c                    |   49 +-
 drivers/comedi/drivers/pcl812.c                    |   22 +-
 drivers/comedi/drivers/pcl816.c                    |    3 +-
 drivers/comedi/drivers/pcl818.c                    |   27 +-
 drivers/comedi/drivers/pcm3724.c                   |    3 +-
 drivers/comedi/drivers/pcmad.c                     |    3 +-
 drivers/comedi/drivers/pcmda12.c                   |    9 +-
 drivers/comedi/drivers/pcmmio.c                    |    3 +-
 drivers/comedi/drivers/pcmuio.c                    |    5 +-
 drivers/comedi/drivers/rti800.c                    |    3 +-
 drivers/comedi/drivers/rti802.c                    |    3 +-
 drivers/comedi/drivers/s526.c                      |    3 +-
 drivers/comedi/kcomedilib/kcomedilib_main.c        |   12 -
 drivers/counter/counter-sysfs.c                    |    2 -
 drivers/dma-buf/dma-buf.c                          |    3 +-
 drivers/dma-buf/dma-fence.c                        |    4 +-
 drivers/dpll/dpll_netlink.c                        |   10 +
 drivers/dpll/dpll_netlink.h                        |    2 -
 drivers/edac/versalnet_edac.c                      |   10 +-
 drivers/extcon/Kconfig                             |    1 +
 drivers/extcon/extcon-intel-int3496.c              |    4 +-
 drivers/extcon/extcon-ptn5150.c                    |   56 +
 drivers/extcon/extcon-usbc-tusb320.c               |   24 +-
 drivers/extcon/extcon.c                            |    4 +-
 drivers/firmware/efi/efi-pstore.c                  |    4 +-
 drivers/firmware/efi/libstub/Makefile              |    3 +-
 drivers/firmware/efi/libstub/efistub.h             |    7 -
 drivers/firmware/efi/libstub/loongarch-stub.c      |   80 +
 drivers/firmware/efi/libstub/loongarch.c           |    5 +
 drivers/firmware/efi/libstub/mem.c                 |   82 +
 drivers/firmware/efi/libstub/relocate.c            |  166 -
 drivers/fpga/fpga-bridge.c                         |    2 +-
 drivers/fpga/intel-m10-bmc-sec-update.c            |    2 +-
 drivers/gpib/agilent_82357a/agilent_82357a.c       |    5 +-
 drivers/gpib/common/gpib_os.c                      |   17 +-
 drivers/gpib/lpvo_usb_gpib/lpvo_usb_gpib.c         |  206 +-
 drivers/gpib/nec7210/nec7210.c                     |   12 -
 drivers/gpib/ni_usb/ni_usb_gpib.c                  |    4 -
 drivers/gpib/tms9914/tms9914.c                     |   13 -
 drivers/gpio/gpio-aspeed.c                         |    4 +-
 drivers/gpio/gpio-rockchip.c                       |    2 +-
 drivers/gpu/drm/amd/amdgpu/amdgpu_amdkfd_gpuvm.c   |    3 +-
 drivers/gpu/drm/amd/amdgpu/amdgpu_connectors.c     |    6 +
 drivers/gpu/drm/amd/amdgpu/amdgpu_cper.c           |   36 +-
 drivers/gpu/drm/amd/amdgpu/amdgpu_dev_coredump.c   |    9 +-
 drivers/gpu/drm/amd/amdgpu/amdgpu_device.c         |   26 +-
 drivers/gpu/drm/amd/amdgpu/amdgpu_discovery.c      |    7 +-
 drivers/gpu/drm/amd/amdgpu/amdgpu_drv.c            |   17 +-
 drivers/gpu/drm/amd/amdgpu/amdgpu_gart.c           |   13 +-
 drivers/gpu/drm/amd/amdgpu/amdgpu_gfx.c            |    2 +
 drivers/gpu/drm/amd/amdgpu/amdgpu_gmc.c            |    5 +-
 drivers/gpu/drm/amd/amdgpu/amdgpu_kms.c            |   57 +-
 drivers/gpu/drm/amd/amdgpu/amdgpu_ras_eeprom.c     |    2 +-
 drivers/gpu/drm/amd/amdgpu/amdgpu_ring.c           |   29 +-
 drivers/gpu/drm/amd/amdgpu/amdgpu_ttm.c            |    3 +
 drivers/gpu/drm/amd/amdgpu/amdgpu_userq.c          |  281 +-
 drivers/gpu/drm/amd/amdgpu/amdgpu_userq.h          |   14 +-
 drivers/gpu/drm/amd/amdgpu/amdgpu_userq_fence.c    |  314 +-
 drivers/gpu/drm/amd/amdgpu/amdgpu_userq_fence.h    |    5 +-
 drivers/gpu/drm/amd/amdgpu/amdgpu_vcn.c            |    3 +-
 drivers/gpu/drm/amd/amdgpu/amdgpu_vm.c             |   17 +-
 drivers/gpu/drm/amd/amdgpu/amdgpu_vm_cpu.c         |   12 +-
 drivers/gpu/drm/amd/amdgpu/amdgpu_vm_pt.c          |    7 +-
 drivers/gpu/drm/amd/amdgpu/gfx_v11_0.c             |   41 +-
 drivers/gpu/drm/amd/amdgpu/gfx_v12_0.c             |   17 +-
 drivers/gpu/drm/amd/amdgpu/gfx_v12_1.c             |   11 +-
 drivers/gpu/drm/amd/amdgpu/gfx_v6_0.c              |   66 +
 drivers/gpu/drm/amd/amdgpu/gfx_v9_0.c              |    3 -
 drivers/gpu/drm/amd/amdgpu/jpeg_v2_0.c             |    1 +
 drivers/gpu/drm/amd/amdgpu/jpeg_v2_5.c             |    2 +
 drivers/gpu/drm/amd/amdgpu/jpeg_v3_0.c             |    1 +
 drivers/gpu/drm/amd/amdgpu/jpeg_v4_0.c             |    1 +
 drivers/gpu/drm/amd/amdgpu/jpeg_v4_0_3.c           |   53 +-
 drivers/gpu/drm/amd/amdgpu/jpeg_v4_0_5.c           |    1 +
 drivers/gpu/drm/amd/amdgpu/jpeg_v5_0_0.c           |    1 +
 drivers/gpu/drm/amd/amdgpu/jpeg_v5_0_1.c           |    1 +
 drivers/gpu/drm/amd/amdgpu/jpeg_v5_0_2.c           |    1 +
 drivers/gpu/drm/amd/amdgpu/jpeg_v5_3_0.c           |    1 +
 drivers/gpu/drm/amd/amdgpu/mes_userqueue.c         |  122 +-
 drivers/gpu/drm/amd/amdgpu/mes_v12_1.c             |    8 +-
 drivers/gpu/drm/amd/amdgpu/nbif_v6_3_1.c           |    9 +-
 drivers/gpu/drm/amd/amdgpu/psp_v15_0.c             |    1 +
 drivers/gpu/drm/amd/amdgpu/sdma_v4_0.c             |    4 +-
 drivers/gpu/drm/amd/amdgpu/sdma_v6_0.c             |   11 +-
 drivers/gpu/drm/amd/amdgpu/sdma_v7_0.c             |   11 +-
 drivers/gpu/drm/amd/amdgpu/sdma_v7_1.c             |   12 +
 drivers/gpu/drm/amd/amdgpu/uvd_v3_1.c              |   10 +
 drivers/gpu/drm/amd/amdgpu/vcn_v2_0.c              |    2 +
 drivers/gpu/drm/amd/amdgpu/vcn_v2_5.c              |    2 +
 drivers/gpu/drm/amd/amdgpu/vcn_v3_0.c              |    7 +-
 drivers/gpu/drm/amd/amdgpu/vcn_v4_0.c              |    5 +-
 drivers/gpu/drm/amd/amdgpu/vcn_v4_0_3.c            |    1 +
 drivers/gpu/drm/amd/amdgpu/vcn_v4_0_5.c            |    1 +
 drivers/gpu/drm/amd/amdgpu/vcn_v5_0_0.c            |    1 +
 drivers/gpu/drm/amd/amdgpu/vcn_v5_0_1.c            |    1 +
 drivers/gpu/drm/amd/amdgpu/vcn_v5_0_2.c            |    1 +
 drivers/gpu/drm/amd/amdkfd/kfd_chardev.c           |   33 +-
 drivers/gpu/drm/amd/amdkfd/kfd_device.c            |   33 +-
 .../gpu/drm/amd/amdkfd/kfd_device_queue_manager.c  |    6 +-
 drivers/gpu/drm/amd/amdkfd/kfd_priv.h              |   10 +-
 drivers/gpu/drm/amd/amdkfd/kfd_svm.c               |   15 +-
 drivers/gpu/drm/amd/amdkfd/kfd_topology.c          |   11 +
 drivers/gpu/drm/amd/display/amdgpu_dm/amdgpu_dm.c  |  159 +-
 drivers/gpu/drm/amd/display/amdgpu_dm/amdgpu_dm.h  |    7 +-
 .../gpu/drm/amd/display/amdgpu_dm/amdgpu_dm_crtc.c |    7 +-
 .../drm/amd/display/amdgpu_dm/amdgpu_dm_helpers.c  |  285 +
 .../gpu/drm/amd/display/amdgpu_dm/amdgpu_dm_ism.c  |   15 +-
 .../amd/display/amdgpu_dm/amdgpu_dm_mst_types.c    |    2 +-
 drivers/gpu/drm/amd/display/dc/bios/bios_parser.c  |   73 +-
 .../amd/display/dc/clk_mgr/dcn42/dcn42_clk_mgr.c   |   78 -
 .../gpu/drm/amd/display/dc/core/dc_hw_sequencer.c  |    2 -
 drivers/gpu/drm/amd/display/dc/core/dc_resource.c  |    6 +
 drivers/gpu/drm/amd/display/dc/dc.h                |   15 +-
 drivers/gpu/drm/amd/display/dc/dc_bios_types.h     |    3 +-
 drivers/gpu/drm/amd/display/dc/dc_dsc.h            |    1 +
 drivers/gpu/drm/amd/display/dc/dc_stream.h         |    4 +-
 drivers/gpu/drm/amd/display/dc/dc_types.h          |    6 +
 .../gpu/drm/amd/display/dc/dce/dce_clock_source.c  |    2 -
 .../gpu/drm/amd/display/dc/dce/dce_link_encoder.c  |    4 +-
 .../gpu/drm/amd/display/dc/dcn30/dcn30_mmhubbub.c  |    4 +-
 drivers/gpu/drm/amd/display/dc/dm_helpers.h        |   10 +
 .../gpu/drm/amd/display/dc/dml/dcn20/dcn20_fpu.c   |    2 +-
 .../gpu/drm/amd/display/dc/dml/dcn20/dcn20_fpu.h   |    2 +-
 .../gpu/drm/amd/display/dc/dml/dcn31/dcn31_fpu.c   |    6 +-
 .../gpu/drm/amd/display/dc/dml/dcn31/dcn31_fpu.h   |    6 +-
 .../gpu/drm/amd/display/dc/dml/dcn32/dcn32_fpu.c   |   37 -
 drivers/gpu/drm/amd/display/dc/dml2_0/Makefile     |    1 +
 .../drm/amd/display/dc/dml2_0/display_mode_core.c  |   17 +
 .../drm/amd/display/dc/dml2_0/display_mode_util.c  |   14 +
 .../dc/dml2_0/dml21/dml21_translation_helper.c     |   24 +-
 .../drm/amd/display/dc/dml2_0/dml21/dml21_utils.c  |    2 +
 .../amd/display/dc/dml2_0/dml21/dml21_wrapper.c    |    4 +-
 .../display/dc/dml2_0/dml21/dml21_wrapper_fpu.c    |    2 +
 .../dml2_0/dml21/inc/bounding_boxes/dcn42_soc_bb.h |   25 +-
 .../dml2_0/dml21/inc/dml_top_display_cfg_types.h   |   14 -
 .../dc/dml2_0/dml21/src/dml2_core/dml2_core_dcn4.c |    5 +-
 .../dml21/src/dml2_core/dml2_core_dcn4_calcs.c     |   37 +-
 .../dml21/src/dml2_core/dml2_core_shared_types.h   |   40 +-
 .../dml2_0/dml21/src/dml2_core/dml2_core_utils.c   |   73 +-
 .../dml2_0/dml21/src/dml2_core/dml2_core_utils.h   |    3 +-
 .../dc/dml2_0/dml21/src/dml2_dpmm/dml2_dpmm_dcn4.c |    1 +
 .../dml2_0/dml21/src/dml2_dpmm/dml2_dpmm_factory.c |    2 +
 .../dml2_0/dml21/src/dml2_mcg/dml2_mcg_factory.c   |    1 +
 .../dc/dml2_0/dml21/src/dml2_pmo/dml2_pmo_dcn42.c  |  192 +
 .../dc/dml2_0/dml21/src/dml2_pmo/dml2_pmo_dcn42.h  |   17 +
 .../dml21/src/dml2_pmo/dml2_pmo_dcn4_fams2.c       |   21 +-
 .../dml21/src/dml2_pmo/dml2_pmo_dcn4_fams2.h       |   10 +
 .../dml2_0/dml21/src/dml2_pmo/dml2_pmo_factory.c   |    3 +
 .../src/dml2_standalone_libraries/lib_float_math.c |    2 +-
 .../dc/dml2_0/dml21/src/dml2_top/dml2_top_soc15.c  |    2 +
 .../amd/display/dc/dml2_0/dml2_dc_resource_mgmt.c  |    9 +
 .../display/dc/dml2_0/dml2_translation_helper.c    |    6 +
 drivers/gpu/drm/amd/display/dc/dml2_0/dml2_utils.c |    1 +
 .../gpu/drm/amd/display/dc/dml2_0/dml2_wrapper.c   |   11 +
 .../drm/amd/display/dc/dml2_0/dml2_wrapper_fpu.c   |   10 -
 .../display/dc/dml2_0/dml_display_rq_dlg_calc.c    |    1 +
 drivers/gpu/drm/amd/display/dc/dsc/dc_dsc.c        |   13 +-
 .../gpu/drm/amd/display/dc/dsc/dcn20/dcn20_dsc.c   |    2 +-
 .../gpu/drm/amd/display/dc/dsc/dcn35/dcn35_dsc.c   |    2 +-
 .../gpu/drm/amd/display/dc/dsc/dcn401/dcn401_dsc.c |    2 +-
 drivers/gpu/drm/amd/display/dc/gpio/gpio_service.c |    3 +
 .../drm/amd/display/dc/hwss/dce110/dce110_hwseq.c  |   94 +-
 .../gpu/drm/amd/display/dc/link/link_detection.c   |   25 +-
 drivers/gpu/drm/amd/display/dc/link/link_dpms.c    |    3 +-
 drivers/gpu/drm/amd/display/dc/link/link_factory.c |    4 +-
 .../display/dc/link/protocols/link_dp_capability.c |    5 +-
 .../amd/display/dc/resource/dce60/dce60_resource.c |    3 +-
 .../amd/display/dc/resource/dce80/dce80_resource.c |    3 +-
 .../amd/display/dc/resource/dcn21/dcn21_resource.c |    7 +
 .../amd/display/dc/resource/dcn31/dcn31_resource.c |    9 +
 .../display/dc/resource/dcn315/dcn315_resource.c   |    9 +
 .../display/dc/resource/dcn316/dcn316_resource.c   |    7 +
 .../amd/display/dc/resource/dcn32/dcn32_resource.c |    8 +-
 .../dcn42/dcn42_soc_and_ip_translator.c            |    4 +
 .../drm/amd/display/include/ddc_service_types.h    |    1 +
 .../amd/display/include/grph_object_ctrl_defs.h    |    4 +
 .../drm/amd/display/modules/freesync/freesync.c    |   32 +-
 .../drm/amd/display/modules/power/power_helpers.c  |   49 +-
 drivers/gpu/drm/amd/display/modules/vmid/vmid.c    |    8 +-
 drivers/gpu/drm/amd/pm/amdgpu_pm.c                 |   14 +-
 .../gpu/drm/amd/pm/powerplay/hwmgr/smu7_hwmgr.c    |    3 -
 .../gpu/drm/amd/pm/powerplay/smumgr/ci_smumgr.c    |   13 +-
 drivers/gpu/drm/amd/pm/swsmu/inc/amdgpu_smu.h      |    1 +
 drivers/gpu/drm/amd/pm/swsmu/smu13/aldebaran_ppt.c |    7 +-
 .../gpu/drm/amd/pm/swsmu/smu13/smu_v13_0_6_ppt.c   |    1 +
 .../gpu/drm/amd/pm/swsmu/smu14/smu_v14_0_2_ppt.c   |   70 +-
 drivers/gpu/drm/amd/pm/swsmu/smu_cmn.c             |   39 +-
 drivers/gpu/drm/amd/pm/swsmu/smu_cmn.h             |   14 +-
 .../gpu/drm/amd/ras/ras_mgr/amdgpu_virt_ras_cmd.c  |    9 +-
 drivers/gpu/drm/bridge/imx/imx8qxp-pxl2dpi.c       |   40 +-
 drivers/gpu/drm/bridge/synopsys/dw-mipi-dsi.c      |    6 +-
 drivers/gpu/drm/bridge/synopsys/dw-mipi-dsi2.c     |    6 +-
 drivers/gpu/drm/bridge/tda998x_drv.c               |    4 +-
 drivers/gpu/drm/drm_atomic_helper.c                |   14 +-
 drivers/gpu/drm/drm_color_mgmt.c                   |    2 +-
 drivers/gpu/drm/drm_fb_helper.c                    |    2 +-
 drivers/gpu/drm/drm_gem.c                          |   28 +-
 drivers/gpu/drm/drm_gem_framebuffer_helper.c       |    4 +-
 drivers/gpu/drm/etnaviv/etnaviv_sched.c            |   16 +-
 drivers/gpu/drm/exynos/exynos_drm_mic.c            |    8 +-
 drivers/gpu/drm/gma500/oaktrail_hdmi.c             |    1 +
 drivers/gpu/drm/gma500/oaktrail_lvds.c             |    9 +-
 drivers/gpu/drm/i915/display/intel_dp.c            |    9 +-
 drivers/gpu/drm/i915/display/intel_psr.c           |    2 +-
 drivers/gpu/drm/i915/gt/intel_reset.c              |    3 +-
 drivers/gpu/drm/i915/i915_driver.c                 |    5 +-
 drivers/gpu/drm/imagination/pvr_fw_trace.c         |    2 +-
 drivers/gpu/drm/loongson/lsdc_drv.c                |    2 +-
 drivers/gpu/drm/nouveau/nouveau_drm.c              |    2 +-
 drivers/gpu/drm/nouveau/nouveau_gem.c              |    2 +-
 drivers/gpu/drm/nouveau/nvkm/engine/device/base.c  |   11 +-
 drivers/gpu/drm/nouveau/nvkm/subdev/gsp/ga100.c    |    4 +
 drivers/gpu/drm/nouveau/nvkm/subdev/gsp/tu102.c    |   18 +-
 drivers/gpu/drm/panel/Kconfig                      |    1 +
 drivers/gpu/drm/panel/panel-boe-tv101wum-nl6.c     |    2 +
 .../gpu/drm/panel/panel-feiyang-fy07024di26a30d.c  |    4 +-
 drivers/gpu/drm/panel/panel-himax-hx83102.c        |    2 +
 drivers/gpu/drm/panel/panel-himax-hx83121a.c       |    4 +-
 drivers/gpu/drm/panel/panel-visionox-rm69299.c     |    2 +
 drivers/gpu/drm/panfrost/panfrost_drv.c            |    2 +
 drivers/gpu/drm/panthor/panthor_gem.c              |    2 +-
 drivers/gpu/drm/panthor/panthor_mmu.c              |   19 +
 drivers/gpu/drm/qxl/qxl_drv.c                      |    6 +-
 drivers/gpu/drm/radeon/ci_dpm.c                    |    9 +-
 drivers/gpu/drm/renesas/rcar-du/rcar_du_crtc.c     |    6 +-
 drivers/gpu/drm/sti/sti_hda.c                      |    8 +-
 drivers/gpu/drm/stm/lvds.c                         |    6 +-
 drivers/gpu/drm/sysfb/ofdrm.c                      |    2 +
 drivers/gpu/drm/tiny/appletbdrm.c                  |    4 +-
 drivers/gpu/drm/tiny/arcpgu.c                      |    3 +-
 drivers/gpu/drm/tiny/bochs.c                       |   10 +-
 drivers/gpu/drm/ttm/ttm_bo.c                       |   18 +-
 drivers/gpu/drm/ttm/ttm_bo_util.c                  |   11 +-
 drivers/gpu/drm/ttm/ttm_pool.c                     |   18 +-
 drivers/gpu/drm/ttm/ttm_resource.c                 |   18 +-
 drivers/gpu/drm/udl/udl_main.c                     |    3 +-
 drivers/gpu/drm/udl/udl_modeset.c                  |    5 +-
 drivers/gpu/drm/v3d/v3d_submit.c                   |    5 +
 drivers/gpu/drm/xe/Makefile                        |    1 +
 drivers/gpu/drm/xe/display/xe_hdcp_gsc.c           |   12 +-
 drivers/gpu/drm/xe/regs/xe_gt_regs.h               |    2 +-
 drivers/gpu/drm/xe/xe_bo.c                         |   14 +-
 drivers/gpu/drm/xe/xe_bo.h                         |   88 +-
 drivers/gpu/drm/xe/xe_bo_types.h                   |   31 +-
 drivers/gpu/drm/xe/xe_dma_buf.c                    |   65 +-
 drivers/gpu/drm/xe/xe_eu_stall.c                   |    4 +-
 drivers/gpu/drm/xe/xe_exec_queue.c                 |    9 +-
 drivers/gpu/drm/xe/xe_gsc.c                        |    2 +-
 drivers/gpu/drm/xe/xe_gt_sriov_pf_migration.c      |    8 +-
 drivers/gpu/drm/xe/xe_gt_types.h                   |    7 +
 drivers/gpu/drm/xe/xe_guc_ads.c                    |    5 +-
 drivers/gpu/drm/xe/xe_guc_submit.c                 |   33 +-
 drivers/gpu/drm/xe/xe_lrc.c                        |   13 +-
 drivers/gpu/drm/xe/xe_lrc.h                        |    2 +-
 drivers/gpu/drm/xe/xe_mem_pool.c                   |  403 ++
 drivers/gpu/drm/xe/xe_mem_pool.h                   |   35 +
 drivers/gpu/drm/xe/xe_mem_pool_types.h             |   21 +
 drivers/gpu/drm/xe/xe_migrate.c                    |   74 +-
 drivers/gpu/drm/xe/xe_pci.c                        |   10 +
 drivers/gpu/drm/xe/xe_reg_whitelist.c              |    2 +-
 drivers/gpu/drm/xe/xe_sriov_pf_migration.c         |    7 +-
 drivers/gpu/drm/xe/xe_sriov_vf_ccs.c               |   54 +-
 drivers/gpu/drm/xe/xe_sriov_vf_ccs_types.h         |    5 +-
 drivers/gpu/drm/xe/xe_tile_types.h                 |    2 -
 drivers/gpu/drm/xe/xe_tuning.c                     |    2 +-
 drivers/gpu/drm/xe/xe_vm.c                         |   56 +-
 drivers/gpu/drm/xe/xe_vm_madvise.c                 |  209 +-
 drivers/gpu/drm/xe/xe_vm_madvise.h                 |    2 -
 drivers/gpu/drm/xe/xe_wa.c                         |    8 -
 drivers/greybus/es2.c                              |   11 +-
 drivers/greybus/gb-beagleplay.c                    |  164 +-
 drivers/greybus/svc.c                              |    5 +-
 drivers/hid/bpf/hid_bpf_dispatch.c                 |    6 +-
 drivers/hid/hid-appletb-kbd.c                      |   58 +-
 drivers/hid/hid-core.c                             |   67 +-
 drivers/hid/hid-elan.c                             |    1 +
 drivers/hid/hid-ft260.c                            |   16 +-
 drivers/hid/hid-gfrm.c                             |    4 +-
 drivers/hid/hid-google-hammer.c                    |    2 +-
 drivers/hid/hid-ids.h                              |    4 +
 drivers/hid/hid-lenovo-go-s.c                      |   44 +
 drivers/hid/hid-logitech-hidpp.c                   |   40 +-
 drivers/hid/hid-magicmouse.c                       |   16 +
 drivers/hid/hid-mcp2221.c                          |    7 +
 drivers/hid/hid-multitouch.c                       |    2 +-
 drivers/hid/hid-playstation.c                      |    6 +-
 drivers/hid/hid-primax.c                           |    2 +-
 drivers/hid/hid-quirks.c                           |    2 +-
 drivers/hid/hid-sjoy.c                             |   12 +-
 drivers/hid/hid-sony.c                             |   15 +-
 drivers/hid/hid-uclogic-core.c                     |    4 +-
 drivers/hid/hid-vivaldi-common.c                   |    2 +-
 drivers/hid/i2c-hid/i2c-hid-core.c                 |    9 +-
 .../intel-quickspi/quickspi-protocol.c             |    4 +-
 drivers/hid/usbhid/hid-core.c                      |   11 +-
 drivers/hid/usbhid/hid-pidff.c                     |    7 +-
 drivers/hid/wacom_sys.c                            |    6 +-
 drivers/hv/Kconfig                                 |    2 +-
 drivers/hwmon/Makefile                             |    1 -
 drivers/hwmon/acpi_power_meter.c                   |    6 +-
 drivers/hwmon/ads7871.c                            |    6 +-
 drivers/hwmon/asus_atk0110.c                       |    7 +-
 drivers/hwmon/corsair-psu.c                        |    4 +-
 drivers/hwmon/lm63.c                               |   39 +-
 drivers/hwmon/lm75.c                               |   10 +-
 drivers/hwmon/lm90.c                               |   26 +-
 drivers/hwmon/ltc2992.c                            |   41 +-
 drivers/hwtracing/coresight/coresight-catu.c       |    4 +-
 drivers/hwtracing/coresight/coresight-core.c       |  216 +-
 drivers/hwtracing/coresight/coresight-ctcu-core.c  |    5 +-
 drivers/hwtracing/coresight/coresight-cti-core.c   |  321 +-
 drivers/hwtracing/coresight/coresight-cti-sysfs.c  |  174 +-
 drivers/hwtracing/coresight/coresight-cti.h        |   15 +-
 drivers/hwtracing/coresight/coresight-dummy.c      |    7 +-
 drivers/hwtracing/coresight/coresight-etb10.c      |    4 +-
 drivers/hwtracing/coresight/coresight-etm-perf.c   |    5 +-
 drivers/hwtracing/coresight/coresight-funnel.c     |    4 +-
 drivers/hwtracing/coresight/coresight-platform.c   |    4 +-
 drivers/hwtracing/coresight/coresight-priv.h       |    3 +-
 drivers/hwtracing/coresight/coresight-replicator.c |    4 +-
 drivers/hwtracing/coresight/coresight-stm.c        |    4 +-
 drivers/hwtracing/coresight/coresight-tmc-core.c   |   15 +-
 drivers/hwtracing/coresight/coresight-tnoc.c       |    4 +-
 drivers/hwtracing/coresight/coresight-tpda.c       |    4 +-
 drivers/hwtracing/coresight/coresight-tpdm.c       |   40 +-
 drivers/hwtracing/coresight/coresight-tpdm.h       |    2 +
 drivers/hwtracing/coresight/coresight-tpiu.c       |    4 +-
 drivers/hwtracing/coresight/ultrasoc-smb.c         |    4 +-
 drivers/i2c/busses/i2c-stm32f7.c                   |    6 +-
 drivers/i2c/i2c-core-acpi.c                        |    1 +
 drivers/i2c/i2c-core-base.c                        |    3 +-
 drivers/i2c/i2c-core-smbus.c                       |   12 +
 drivers/i2c/i2c-dev.c                              |    9 +-
 drivers/i2c/i2c-slave-testunit.c                   |    4 +-
 drivers/i2c/i2c-stub.c                             |    5 +
 drivers/iio/accel/Kconfig                          |   12 +-
 drivers/iio/accel/adis16201.c                      |    2 +-
 drivers/iio/accel/adis16209.c                      |    2 +-
 drivers/iio/accel/adxl313_core.c                   |   11 +-
 drivers/iio/accel/adxl345_core.c                   |   32 +-
 drivers/iio/accel/adxl372.c                        |  314 +-
 drivers/iio/accel/adxl372.h                        |   20 +-
 drivers/iio/accel/adxl372_i2c.c                    |   17 +-
 drivers/iio/accel/adxl372_spi.c                    |   17 +-
 drivers/iio/accel/adxl380.c                        |    4 +-
 drivers/iio/accel/bmc150-accel-core.c              |    4 +-
 drivers/iio/accel/sca3000.c                        |  215 +-
 drivers/iio/adc/Kconfig                            |   33 +
 drivers/iio/adc/Makefile                           |    1 +
 drivers/iio/adc/ad4030.c                           |  618 ++-
 drivers/iio/adc/ad4062.c                           |   12 +-
 drivers/iio/adc/ad4080.c                           |   46 +-
 drivers/iio/adc/ad4170-4.c                         |    6 +-
 drivers/iio/adc/ad7173.c                           |    3 +-
 drivers/iio/adc/ad7192.c                           |    3 -
 drivers/iio/adc/ad7266.c                           |    6 +-
 drivers/iio/adc/ad7380.c                           |   53 +-
 drivers/iio/adc/ad7768-1.c                         |  221 +-
 drivers/iio/adc/ad7793.c                           |    3 +-
 drivers/iio/adc/ad7887.c                           |    2 +-
 drivers/iio/adc/ad7923.c                           |    4 +-
 drivers/iio/adc/ad9467.c                           |   95 +-
 drivers/iio/adc/ad_sigma_delta.c                   |    6 +-
 drivers/iio/adc/ade9000.c                          |   13 +-
 drivers/iio/adc/adi-axi-adc.c                      |    5 +
 drivers/iio/adc/aspeed_adc.c                       |   72 +-
 drivers/iio/adc/at91-sama5d2_adc.c                 |    5 +-
 drivers/iio/adc/at91_adc.c                         |   12 +-
 drivers/iio/adc/cpcap-adc.c                        |   15 +
 drivers/iio/adc/fsl-imx25-gcq.c                    |    2 +-
 drivers/iio/adc/ina2xx-adc.c                       |   65 +-
 drivers/iio/adc/ltc2309.c                          |   81 +-
 drivers/iio/adc/max11410.c                         |    4 +-
 drivers/iio/adc/max1363.c                          |   87 +-
 drivers/iio/adc/mcp3564.c                          |    2 +-
 drivers/iio/adc/men_z188_adc.c                     |    2 +-
 drivers/iio/adc/meson_saradc.c                     |   21 +-
 drivers/iio/adc/mt6359-auxadc.c                    |    2 +-
 drivers/iio/adc/nau7802.c                          |    3 +-
 drivers/iio/adc/npcm_adc.c                         |    2 +-
 drivers/iio/adc/nxp-sar-adc.c                      |    3 +-
 drivers/iio/adc/pac1921.c                          |    2 +-
 drivers/iio/adc/pac1934.c                          |    2 +-
 drivers/iio/adc/palmas_gpadc.c                     |    8 +-
 drivers/iio/adc/qcom-spmi-adc5-gen3.c              |  860 +++
 drivers/iio/adc/rohm-bd79124.c                     |    4 +-
 drivers/iio/adc/sd_adc_modulator.c                 |    1 +
 drivers/iio/adc/spear_adc.c                        |    2 +-
 drivers/iio/adc/stm32-adc-core.c                   |    2 +-
 drivers/iio/adc/stm32-adc.c                        |    2 +-
 drivers/iio/adc/sun20i-gpadc-iio.c                 |    2 +-
 drivers/iio/adc/ti-ads1015.c                       |    1 -
 drivers/iio/adc/ti-ads1119.c                       |    3 +-
 drivers/iio/adc/ti-ads7950.c                       |  183 +-
 drivers/iio/adc/ti_am335x_adc.c                    |    6 +-
 drivers/iio/adc/twl4030-madc.c                     |    2 +-
 drivers/iio/adc/twl6030-gpadc.c                    |    2 +-
 drivers/iio/addac/ad74413r.c                       |    9 +-
 drivers/iio/amplifiers/Kconfig                     |    8 +
 drivers/iio/amplifiers/ad8366.c                    |  409 +-
 drivers/iio/amplifiers/ada4250.c                   |    2 +-
 drivers/iio/buffer/industrialio-hw-consumer.c      |   11 +-
 drivers/iio/buffer/kfifo_buf.c                     |   41 +-
 drivers/iio/cdc/ad7150.c                           |    2 +-
 drivers/iio/cdc/ad7746.c                           |    2 +-
 drivers/iio/chemical/bme680_core.c                 |    2 +-
 .../iio/common/cros_ec_sensors/cros_ec_sensors.c   |    2 +-
 .../iio/common/hid-sensors/hid-sensor-attributes.c |    2 +-
 .../iio/common/inv_sensors/inv_sensors_timestamp.c |    4 +-
 drivers/iio/common/ms_sensors/ms_sensors_i2c.c     |    2 +-
 drivers/iio/common/st_sensors/st_sensors_core.c    |   11 +-
 drivers/iio/dac/Kconfig                            |    1 +
 drivers/iio/dac/ad5360.c                           |   29 +-
 drivers/iio/dac/ad7293.c                           |   31 +-
 drivers/iio/dac/adi-axi-dac.c                      |    3 +-
 drivers/iio/dac/ds4424.c                           |  377 +-
 drivers/iio/dac/ltc2632.c                          |  353 +-
 drivers/iio/dac/max5522.c                          |   22 +-
 drivers/iio/dac/ti-dac5571.c                       |    1 -
 drivers/iio/filter/admv8818.c                      |   60 +-
 drivers/iio/frequency/ad9523.c                     |   92 +-
 drivers/iio/frequency/adf4350.c                    |   10 +-
 drivers/iio/frequency/adf4377.c                    |   56 +-
 drivers/iio/frequency/admv1013.c                   |  104 +-
 drivers/iio/frequency/admv1014.c                   |   89 +-
 drivers/iio/frequency/admv4420.c                   |   37 +-
 drivers/iio/frequency/adrf6780.c                   |   58 +-
 drivers/iio/gyro/hid-sensor-gyro-3d.c              |    6 +-
 drivers/iio/humidity/hdc2010.c                     |    1 -
 drivers/iio/imu/bmi323/bmi323_core.c               |    1 -
 drivers/iio/imu/inv_icm42600/inv_icm42600_accel.c  |    2 +-
 drivers/iio/imu/inv_mpu6050/inv_mpu_magn.c         |    2 +-
 drivers/iio/imu/st_lsm6dsx/st_lsm6dsx_i2c.c        |    1 +
 drivers/iio/industrialio-backend.c                 |   22 +-
 drivers/iio/industrialio-event.c                   |    1 +
 drivers/iio/industrialio-trigger.c                 |   33 +-
 drivers/iio/light/Kconfig                          |    2 +-
 drivers/iio/light/acpi-als.c                       |   42 +-
 drivers/iio/light/apds9160.c                       |    2 +-
 drivers/iio/light/apds9306.c                       |    4 +-
 drivers/iio/light/as73211.c                        |    3 -
 drivers/iio/light/gp2ap020a00f.c                   |  310 +-
 drivers/iio/light/ltr390.c                         |    2 +-
 drivers/iio/light/ltr501.c                         |    6 +-
 drivers/iio/light/opt3001.c                        |    2 +-
 drivers/iio/light/tsl2772.c                        |    2 +-
 drivers/iio/light/vcnl4000.c                       |  131 +-
 drivers/iio/light/zopt2201.c                       |   47 +-
 drivers/iio/magnetometer/ak8974.c                  |    2 +-
 drivers/iio/magnetometer/ak8975.c                  |    6 +-
 drivers/iio/magnetometer/bmc150_magn.c             |  145 +-
 drivers/iio/magnetometer/si7210.c                  |   21 +-
 drivers/iio/magnetometer/yamaha-yas530.c           |    2 +-
 drivers/iio/pressure/bmp280-spi.c                  |    2 +-
 drivers/iio/pressure/hsc030pa.c                    |    2 +-
 drivers/iio/pressure/hsc030pa_i2c.c                |    7 +-
 drivers/iio/pressure/rohm-bm1390.c                 |    2 +-
 drivers/iio/pressure/zpa2326.c                     |    2 +-
 drivers/iio/proximity/Kconfig                      |   15 +
 drivers/iio/proximity/Makefile                     |    1 +
 drivers/iio/proximity/hx9023s.c                    |    5 +-
 drivers/iio/proximity/sx9324.c                     |    2 +-
 drivers/iio/proximity/vl53l1x-i2c.c                |  756 +++
 drivers/iio/resolver/ad2s1210.c                    |    6 +-
 drivers/iio/temperature/ltc2983.c                  |    4 +-
 drivers/iio/test/iio-test-gts.c                    |    2 +-
 drivers/infiniband/core/addr.c                     |    2 +-
 drivers/infiniband/core/uverbs_cmd.c               |    9 +-
 drivers/infiniband/hw/hfi1/pio.c                   |    5 +-
 drivers/infiniband/hw/hfi1/sdma.c                  |    4 +-
 drivers/infiniband/hw/hns/hns_roce_qp.c            |   13 +-
 drivers/infiniband/hw/hns/hns_roce_srq.c           |   12 +-
 drivers/infiniband/hw/ionic/ionic_ibdev.c          |    2 +-
 drivers/infiniband/hw/mana/cq.c                    |    5 +-
 drivers/infiniband/hw/mana/qp.c                    |   16 +-
 drivers/infiniband/hw/mlx4/srq.c                   |    4 +-
 drivers/infiniband/hw/mlx5/main.c                  |    9 +-
 drivers/infiniband/hw/mlx5/qp.c                    |    7 +-
 drivers/infiniband/hw/mlx5/qpc.c                   |    9 +-
 drivers/infiniband/hw/mlx5/srq_cmd.c               |    9 +-
 drivers/infiniband/hw/mlx5/umr.c                   |    4 +-
 drivers/infiniband/hw/ocrdma/ocrdma_verbs.c        |    8 +-
 drivers/infiniband/hw/vmw_pvrdma/pvrdma_verbs.c    |    2 +-
 drivers/infiniband/sw/rxe/rxe_recv.c               |   11 +
 drivers/infiniband/sw/rxe/rxe_resp.c               |   14 +-
 drivers/interconnect/debugfs-client.c              |    9 +-
 drivers/interconnect/qcom/Kconfig                  |   13 +-
 drivers/interconnect/qcom/Makefile                 |    2 +
 drivers/interconnect/qcom/eliza.c                  | 1585 ++++++
 drivers/interconnect/qcom/glymur.c                 |   40 +-
 drivers/interconnect/qcom/icc-rpm-clocks.c         |    6 +
 drivers/interconnect/qcom/icc-rpm.c                |   18 +-
 drivers/interconnect/qcom/icc-rpm.h                |    7 +-
 drivers/interconnect/qcom/msm8974.c                | 1613 ++++--
 drivers/interconnect/qcom/qcs615.c                 |  247 +
 drivers/interconnect/qcom/qcs8300.c                |  375 ++
 drivers/iommu/amd/amd_iommu.h                      |    3 +
 drivers/iommu/amd/amd_iommu_types.h                |   21 +-
 drivers/iommu/amd/debugfs.c                        |    9 +-
 drivers/iommu/amd/init.c                           |  133 +-
 drivers/iommu/amd/iommu.c                          |   13 +-
 drivers/iommu/amd/ppr.c                            |    8 +-
 drivers/iommu/generic_pt/iommu_pt.h                |   24 +-
 drivers/iommu/intel/iommu.c                        |   16 +-
 drivers/iommu/iommu-pages.h                        |    2 +-
 drivers/iommu/iommu.c                              |  305 +-
 drivers/irqchip/irq-ath79-cpu.c                    |    7 -
 drivers/irqchip/irq-gic-v5-its.c                   |   34 +-
 drivers/irqchip/irq-gic-v5.c                       |   98 +-
 drivers/irqchip/irq-meson-gpio.c                   |    3 +-
 drivers/irqchip/irq-riscv-imsic-early.c            |    2 +
 drivers/isdn/Kconfig                               |   27 -
 drivers/isdn/Makefile                              |    8 -
 drivers/isdn/capi/Kconfig                          |   32 -
 drivers/isdn/capi/Makefile                         |    6 -
 drivers/isdn/capi/capi.c                           | 1435 -----
 drivers/isdn/capi/capiutil.c                       |  677 ---
 drivers/isdn/capi/kcapi.c                          |  933 ----
 drivers/isdn/capi/kcapi.h                          |  182 -
 drivers/isdn/capi/kcapi_proc.c                     |  231 -
 drivers/isdn/hardware/Makefile                     |    6 -
 drivers/isdn/hardware/mISDN/Kconfig                |   98 -
 drivers/isdn/hardware/mISDN/Makefile               |   19 -
 drivers/isdn/hardware/mISDN/avmfritz.c             | 1164 ----
 drivers/isdn/hardware/mISDN/hfc_multi.h            | 1236 -----
 drivers/isdn/hardware/mISDN/hfc_multi_8xx.h        |  167 -
 drivers/isdn/hardware/mISDN/hfc_pci.h              |  214 -
 drivers/isdn/hardware/mISDN/hfcmulti.c             | 5540 --------------------
 drivers/isdn/hardware/mISDN/hfcpci.c               | 2360 ---------
 drivers/isdn/hardware/mISDN/hfcsusb.c              | 2157 --------
 drivers/isdn/hardware/mISDN/hfcsusb.h              |  425 --
 drivers/isdn/hardware/mISDN/iohelper.h             |   96 -
 drivers/isdn/hardware/mISDN/ipac.h                 |  393 --
 drivers/isdn/hardware/mISDN/isar.h                 |  256 -
 drivers/isdn/hardware/mISDN/isdnhdlc.c             |  617 ---
 drivers/isdn/hardware/mISDN/isdnhdlc.h             |   69 -
 drivers/isdn/hardware/mISDN/mISDNinfineon.c        | 1168 -----
 drivers/isdn/hardware/mISDN/mISDNipac.c            | 1636 ------
 drivers/isdn/hardware/mISDN/mISDNisar.c            | 1694 ------
 drivers/isdn/hardware/mISDN/netjet.c               | 1154 ----
 drivers/isdn/hardware/mISDN/netjet.h               |   44 -
 drivers/isdn/hardware/mISDN/speedfax.c             |  520 --
 drivers/isdn/hardware/mISDN/w6692.c                | 1417 -----
 drivers/isdn/hardware/mISDN/w6692.h                |  177 -
 drivers/isdn/mISDN/Kconfig                         |   48 -
 drivers/isdn/mISDN/Makefile                        |   14 -
 drivers/isdn/mISDN/clock.c                         |  197 -
 drivers/isdn/mISDN/core.c                          |  400 --
 drivers/isdn/mISDN/core.h                          |   69 -
 drivers/isdn/mISDN/dsp.h                           |  277 -
 drivers/isdn/mISDN/dsp_audio.c                     |  421 --
 drivers/isdn/mISDN/dsp_biquad.h                    |   51 -
 drivers/isdn/mISDN/dsp_blowfish.c                  |  667 ---
 drivers/isdn/mISDN/dsp_cmx.c                       | 1949 -------
 drivers/isdn/mISDN/dsp_core.c                      | 1227 -----
 drivers/isdn/mISDN/dsp_dtmf.c                      |  313 --
 drivers/isdn/mISDN/dsp_ecdis.h                     |   96 -
 drivers/isdn/mISDN/dsp_hwec.c                      |  122 -
 drivers/isdn/mISDN/dsp_hwec.h                      |   10 -
 drivers/isdn/mISDN/dsp_pipeline.c                  |  300 --
 drivers/isdn/mISDN/dsp_tones.c                     |  550 --
 drivers/isdn/mISDN/fsm.c                           |  176 -
 drivers/isdn/mISDN/fsm.h                           |   58 -
 drivers/isdn/mISDN/hwchannel.c                     |  516 --
 drivers/isdn/mISDN/l1oip.h                         |   92 -
 drivers/isdn/mISDN/l1oip_codec.c                   |  358 --
 drivers/isdn/mISDN/l1oip_core.c                    | 1505 ------
 drivers/isdn/mISDN/layer1.c                        |  415 --
 drivers/isdn/mISDN/layer1.h                        |   16 -
 drivers/isdn/mISDN/layer2.c                        | 2266 --------
 drivers/isdn/mISDN/layer2.h                        |  131 -
 drivers/isdn/mISDN/socket.c                        |  825 ---
 drivers/isdn/mISDN/stack.c                         |  654 ---
 drivers/isdn/mISDN/tei.c                           | 1416 -----
 drivers/isdn/mISDN/timerdev.c                      |  295 --
 drivers/mailbox/cix-mailbox.c                      |    6 +-
 drivers/mailbox/exynos-mailbox.c                   |    4 -
 drivers/mailbox/hi3660-mailbox.c                   |    2 -
 drivers/mailbox/hi6220-mailbox.c                   |   14 +-
 drivers/mailbox/imx-mailbox.c                      |    4 +-
 drivers/mailbox/mailbox-sti.c                      |    2 -
 drivers/mailbox/mailbox-test.c                     |   80 +-
 drivers/mailbox/mailbox.c                          |   67 +-
 drivers/mailbox/mailbox.h                          |   12 -
 drivers/mailbox/mtk-cmdq-mailbox.c                 |   10 +-
 drivers/mailbox/mtk-vcp-mailbox.c                  |    2 +-
 drivers/mailbox/omap-mailbox.c                     |    4 +-
 drivers/mailbox/pcc.c                              |    2 -
 drivers/mailbox/rockchip-mailbox.c                 |    9 +-
 drivers/mailbox/tegra-hsp.c                        |    6 +-
 drivers/md/md-bitmap.c                             |  133 +-
 drivers/md/md-bitmap.h                             |    2 +-
 drivers/md/md-llbitmap.c                           |    7 +-
 drivers/md/md.c                                    |  182 +-
 drivers/md/md.h                                    |    6 +-
 drivers/md/persistent-data/dm-btree-remove.c       |    8 +
 drivers/md/raid1-10.c                              |    7 +-
 drivers/md/raid1.c                                 |   15 +-
 drivers/md/raid10.c                                |    2 +
 drivers/md/raid5.c                                 |    7 +-
 .../media/platform/qcom/camss/camss-csid-gen3.c    |    6 +-
 drivers/media/platform/qcom/camss/camss-csiphy.c   |   10 +-
 drivers/media/platform/qcom/camss/camss.c          |   80 +-
 drivers/media/platform/qcom/iris/Kconfig           |    2 +-
 drivers/media/platform/qcom/iris/iris_buffer.c     |    8 +-
 drivers/media/platform/qcom/iris/iris_core.c       |    4 +
 drivers/media/platform/qcom/iris/iris_hfi_common.c |    4 +
 drivers/media/platform/qcom/iris/iris_hfi_queue.c  |    2 +-
 drivers/media/platform/qcom/iris/iris_vdec.c       |    6 -
 drivers/media/platform/qcom/iris/iris_vdec.h       |    1 -
 drivers/media/platform/qcom/iris/iris_venc.c       |    6 -
 drivers/media/platform/qcom/iris/iris_venc.h       |    1 -
 drivers/media/platform/qcom/iris/iris_vidc.c       |    6 +-
 drivers/media/platform/qcom/iris/iris_vpu2.c       |    1 +
 drivers/media/platform/qcom/iris/iris_vpu3x.c      |    9 +-
 drivers/media/platform/qcom/iris/iris_vpu4x.c      |   24 +-
 drivers/media/platform/qcom/iris/iris_vpu_buffer.h |    2 +-
 drivers/media/platform/qcom/iris/iris_vpu_common.c |   16 +-
 drivers/media/platform/qcom/iris/iris_vpu_common.h |    3 +
 drivers/media/platform/qcom/venus/Kconfig          |    2 +-
 drivers/misc/Kconfig                               |    3 +-
 drivers/misc/amd-sbi/rmi-core.c                    |    4 +-
 drivers/misc/amd-sbi/rmi-i2c.c                     |   14 +
 drivers/misc/ibmasm/ibmasmfs.c                     |    7 +
 drivers/misc/ibmasm/lowlevel.c                     |   12 +-
 drivers/misc/ibmasm/remote.c                       |    5 +
 drivers/misc/mei/Kconfig                           |   11 +
 drivers/misc/mei/Makefile                          |    3 +
 drivers/misc/mei/bus-fixup.c                       |    6 +-
 drivers/misc/mei/bus.c                             |   13 +
 drivers/misc/mei/gsc-me.c                          |    3 +-
 drivers/misc/mei/hw-me-regs.h                      |  166 +-
 drivers/misc/mei/hw-me.c                           |   53 +-
 drivers/misc/mei/hw-me.h                           |   10 +-
 drivers/misc/mei/hw-txe.c                          |    4 +-
 drivers/misc/mei/init.c                            |    4 +-
 drivers/misc/mei/main.c                            |   18 +-
 drivers/misc/mei/mei-trace.h                       |   10 +-
 drivers/misc/mei/mei_dev.h                         |    5 +
 drivers/misc/mei/mei_lb.c                          |  252 +-
 drivers/misc/mei/pci-csc.c                         |  261 +
 drivers/misc/mei/pci-me.c                          |  171 +-
 drivers/misc/ti_fpc202.c                           |  349 +-
 drivers/misc/vmw_vmci/vmci_queue_pair.c            |    4 +-
 drivers/most/most_cdev.c                           |   20 +-
 drivers/most/most_usb.c                            |    6 +-
 drivers/mtd/nand/spi/core.c                        |   24 +-
 drivers/mtd/nand/spi/winbond.c                     |    6 +-
 drivers/mtd/spi-nor/debugfs.c                      |    4 +-
 drivers/mux/mmio.c                                 |    8 +-
 drivers/net/Kconfig                                |    2 -
 drivers/net/Makefile                               |    2 -
 drivers/net/Space.c                                |   15 -
 drivers/net/bareudp.c                              |    3 +
 drivers/net/bonding/bond_3ad.c                     |  109 +-
 drivers/net/bonding/bond_main.c                    |    8 +-
 drivers/net/bonding/bond_netlink.c                 |   16 +-
 drivers/net/bonding/bond_procfs.c                  |    3 +-
 drivers/net/bonding/bond_sysfs_slave.c             |   17 +-
 drivers/net/caif/Kconfig                           |   33 -
 drivers/net/caif/Makefile                          |    8 -
 drivers/net/caif/caif_serial.c                     |  443 --
 drivers/net/caif/caif_virtio.c                     |  791 ---
 drivers/net/dsa/mt7530.c                           |   75 +-
 drivers/net/dsa/mt7530.h                           |    8 +
 drivers/net/ethernet/3com/3c509.c                  | 1448 -----
 drivers/net/ethernet/3com/3c515.c                  | 1566 ------
 drivers/net/ethernet/3com/3c574_cs.c               | 1164 ----
 drivers/net/ethernet/3com/3c589_cs.c               |  974 ----
 drivers/net/ethernet/3com/Kconfig                  |   45 -
 drivers/net/ethernet/3com/Makefile                 |    4 -
 drivers/net/ethernet/8390/Kconfig                  |   41 -
 drivers/net/ethernet/8390/Makefile                 |    3 -
 drivers/net/ethernet/8390/axnet_cs.c               | 1707 ------
 drivers/net/ethernet/8390/smc-ultra.c              |  630 ---
 drivers/net/ethernet/8390/wd.c                     |  575 --
 drivers/net/ethernet/Kconfig                       |    2 -
 drivers/net/ethernet/Makefile                      |    2 -
 drivers/net/ethernet/airoha/airoha_eth.c           |   57 +-
 drivers/net/ethernet/airoha/airoha_eth.h           |    5 +
 drivers/net/ethernet/amazon/ena/ena_com.c          |    7 +-
 drivers/net/ethernet/amazon/ena/ena_phc.c          |    5 +-
 drivers/net/ethernet/amd/Kconfig                   |   21 -
 drivers/net/ethernet/amd/Makefile                  |    2 -
 drivers/net/ethernet/amd/lance.c                   | 1317 -----
 drivers/net/ethernet/amd/nmclan_cs.c               | 1508 ------
 drivers/net/ethernet/amd/xgbe/xgbe.h               |    4 +-
 drivers/net/ethernet/apm/xgene/xgene_enet_hw.c     |    4 +-
 .../net/ethernet/aquantia/atlantic/aq_pci_func.c   |    2 +-
 drivers/net/ethernet/broadcom/bnxt/bnxt.c          |   16 +-
 drivers/net/ethernet/broadcom/bnxt/bnxt_ptp.c      |   29 +-
 drivers/net/ethernet/broadcom/bnxt/bnxt_ulp.c      |   10 +-
 drivers/net/ethernet/cirrus/cs89x0.c               |    2 -
 drivers/net/ethernet/cortina/gemini.c              |   21 +-
 drivers/net/ethernet/freescale/enetc/enetc.h       |    1 +
 drivers/net/ethernet/freescale/enetc/enetc_vf.c    |   42 +-
 drivers/net/ethernet/fujitsu/Kconfig               |   30 -
 drivers/net/ethernet/fujitsu/Makefile              |    6 -
 drivers/net/ethernet/fujitsu/fmvj18x_cs.c          | 1176 -----
 drivers/net/ethernet/ibm/ibmveth.c                 |   22 +
 drivers/net/ethernet/ibm/ibmveth.h                 |    1 +
 drivers/net/ethernet/intel/i40e/i40e.h             |    1 +
 drivers/net/ethernet/intel/i40e/i40e_main.c        |    2 +
 drivers/net/ethernet/intel/i40e/i40e_ptp.c         |    3 +-
 drivers/net/ethernet/intel/iavf/iavf.h             |    9 +-
 drivers/net/ethernet/intel/iavf/iavf_main.c        |   52 +-
 drivers/net/ethernet/intel/iavf/iavf_virtchnl.c    |   76 +-
 drivers/net/ethernet/intel/ice/devlink/devlink.c   |    2 +
 drivers/net/ethernet/intel/ice/ice_common.c        |    2 -
 drivers/net/ethernet/intel/ice/ice_dcb_lib.c       |    4 +-
 drivers/net/ethernet/intel/ice/ice_dpll.c          |  151 +-
 drivers/net/ethernet/intel/ice/ice_dpll.h          |   32 +-
 drivers/net/ethernet/intel/ice/ice_main.c          |    4 +-
 drivers/net/ethernet/intel/ice/ice_vf_lib.c        |    7 +-
 drivers/net/ethernet/intel/idpf/idpf_idc.c         |    6 +
 drivers/net/ethernet/intel/idpf/idpf_ptp.c         |    4 +-
 .../ethernet/marvell/octeontx2/af/cn20k/debugfs.c  |   33 +-
 .../net/ethernet/marvell/octeontx2/af/cn20k/npc.c  |  384 +-
 .../net/ethernet/marvell/octeontx2/af/cn20k/npc.h  |   24 +-
 .../net/ethernet/marvell/octeontx2/af/rvu_nix.c    |    3 +
 .../net/ethernet/marvell/octeontx2/af/rvu_npc.c    |  231 +-
 .../net/ethernet/marvell/octeontx2/af/rvu_npc_fs.c |   30 +-
 drivers/net/ethernet/mellanox/mlx4/srq.c           |   13 +-
 .../net/ethernet/mellanox/mlx5/core/en_accel/psp.c |   36 +-
 drivers/net/ethernet/mellanox/mlx5/core/en_main.c  |   30 +-
 drivers/net/ethernet/mellanox/mlx5/core/lib/sd.c   |  114 +-
 drivers/net/ethernet/mellanox/mlx5/core/lib/sd.h   |    2 +
 drivers/net/ethernet/meta/fbnic/fbnic_netdev.c     |    3 +-
 .../net/ethernet/microchip/lan966x/lan966x_main.c  |    8 +-
 .../net/ethernet/microchip/sparx5/sparx5_main.h    |   10 +-
 .../net/ethernet/microchip/sparx5/sparx5_port.c    |    3 +-
 drivers/net/ethernet/microsoft/mana/gdma_main.c    |   40 +-
 drivers/net/ethernet/microsoft/mana/mana_en.c      |   10 +-
 drivers/net/ethernet/microsoft/mana/shm_channel.c  |    5 -
 drivers/net/ethernet/packetengines/Kconfig         |   44 -
 drivers/net/ethernet/packetengines/Makefile        |    7 -
 drivers/net/ethernet/packetengines/hamachi.c       | 1967 -------
 drivers/net/ethernet/packetengines/yellowfin.c     | 1438 -----
 drivers/net/ethernet/qlogic/qed/qed_dev.c          |    7 +
 drivers/net/ethernet/renesas/ravb_main.c           |    9 +-
 drivers/net/ethernet/renesas/rtsn.c                |    6 +-
 drivers/net/ethernet/sfc/efx_devlink.c             |    2 +-
 drivers/net/ethernet/smsc/Kconfig                  |   27 -
 drivers/net/ethernet/smsc/Makefile                 |    2 -
 drivers/net/ethernet/smsc/smc9194.c                | 1535 ------
 drivers/net/ethernet/smsc/smc91c92_cs.c            | 2059 --------
 .../net/ethernet/stmicro/stmmac/dwmac-nuvoton.c    |    2 +
 drivers/net/ethernet/stmicro/stmmac/stmmac_main.c  |   19 +-
 drivers/net/ethernet/ti/icssm/icssm_prueth.c       |    1 +
 drivers/net/ethernet/wangxun/libwx/wx_hw.c         |    7 +-
 drivers/net/ethernet/wangxun/libwx/wx_vf_common.c  |    4 +-
 drivers/net/fddi/defza.c                           |   11 +-
 drivers/net/hamradio/6pack.c                       |  912 ----
 drivers/net/hamradio/Kconfig                       |  162 -
 drivers/net/hamradio/Makefile                      |   22 -
 drivers/net/hamradio/baycom_epp.c                  | 1316 -----
 drivers/net/hamradio/baycom_par.c                  |  598 ---
 drivers/net/hamradio/baycom_ser_fdx.c              |  678 ---
 drivers/net/hamradio/baycom_ser_hdx.c              |  727 ---
 drivers/net/hamradio/bpqether.c                    |  593 ---
 drivers/net/hamradio/hdlcdrv.c                     |  747 ---
 drivers/net/hamradio/mkiss.c                       |  980 ----
 drivers/net/hamradio/scc.c                         | 2179 --------
 drivers/net/hamradio/yam.c                         | 1191 -----
 drivers/net/hamradio/z8530.h                       |  246 -
 drivers/net/macsec.c                               |   39 +-
 drivers/net/mctp/mctp-i2c.c                        |    4 +-
 drivers/net/net_failover.c                         |   12 +-
 drivers/net/netconsole.c                           |   49 +-
 drivers/net/netdevsim/dev.c                        |    2 +-
 drivers/net/netdevsim/netdev.c                     |    3 +-
 drivers/net/netdevsim/netdevsim.h                  |    4 +-
 drivers/net/netdevsim/psp.c                        |   65 +-
 drivers/net/ovpn/io.c                              |    7 +
 drivers/net/phy/bcm-phy-lib.c                      |    9 +
 drivers/net/phy/bcm-phy-lib.h                      |    1 +
 drivers/net/phy/bcm7xxx.c                          |   14 +
 drivers/net/phy/broadcom.c                         |    5 +
 drivers/net/phy/dp83869.c                          |   13 +-
 drivers/net/phy/dp83tc811.c                        |    1 +
 drivers/net/phy/micrel.c                           |   15 +-
 drivers/net/usb/asix_devices.c                     |    2 +
 drivers/net/usb/cdc_ncm.c                          |    8 +
 drivers/net/usb/r8152.c                            |    1 +
 drivers/net/usb/rtl8150.c                          |   12 +-
 drivers/net/veth.c                                 |    3 +-
 drivers/net/vrf.c                                  |   15 +-
 drivers/net/wan/fsl_ucc_hdlc.c                     |   16 +-
 drivers/net/wireless/ath/ath10k/Kconfig            |    1 +
 drivers/net/wireless/ath/ath12k/core.c             |   77 +-
 drivers/net/wireless/ath/ath12k/dp_rx.c            |    5 +-
 drivers/net/wireless/ath/ath12k/mac.c              |    2 +-
 drivers/net/wireless/ath/ath12k/p2p.c              |    2 +-
 drivers/net/wireless/ath/ath12k/wmi.c              |  105 +-
 drivers/net/wireless/ath/ath5k/base.c              |    3 +-
 drivers/net/wireless/broadcom/b43/xmit.c           |    3 +-
 drivers/net/wireless/broadcom/b43legacy/xmit.c     |    3 +-
 .../wireless/broadcom/brcm80211/brcmfmac/sdio.c    |    6 +-
 drivers/net/wireless/marvell/libertas/if_usb.c     |    6 +-
 drivers/net/wireless/rsi/rsi_common.h              |    5 +-
 drivers/net/wireless/st/cw1200/pm.c                |    2 -
 drivers/net/wwan/t7xx/t7xx_modem_ops.c             |   20 +-
 drivers/net/wwan/t7xx/t7xx_port_ctrl_msg.c         |   18 +-
 drivers/net/wwan/t7xx/t7xx_port_proxy.h            |    2 +-
 drivers/nfc/trf7970a.c                             |    3 +-
 drivers/nvme/common/auth.c                         |   94 +-
 drivers/nvme/host/apple.c                          |    7 +-
 drivers/nvme/host/auth.c                           |   16 +-
 drivers/nvme/host/core.c                           |   22 +-
 drivers/nvme/host/fc.c                             |    1 +
 drivers/nvme/host/ioctl.c                          |   18 +-
 drivers/nvme/host/multipath.c                      |    4 -
 drivers/nvme/host/pci.c                            |    9 +-
 drivers/nvme/host/rdma.c                           |    9 +
 drivers/nvme/host/sysfs.c                          |   19 +
 drivers/nvme/host/tcp.c                            |   29 +-
 drivers/nvme/target/Kconfig                        |    9 +
 drivers/nvme/target/admin-cmd.c                    |    8 +-
 drivers/nvme/target/auth.c                         |   34 +-
 drivers/nvme/target/configfs.c                     |   27 +
 drivers/nvme/target/core.c                         |   10 +-
 drivers/nvme/target/fabrics-cmd-auth.c             |    9 +-
 drivers/nvme/target/nvmet.h                        |   13 +
 drivers/nvme/target/tcp.c                          |  119 +-
 drivers/nvme/target/zns.c                          |    6 +-
 drivers/nvmem/qnap-mcu-eeprom.c                    |    8 +-
 drivers/nvmem/rockchip-otp.c                       |  159 +-
 drivers/parisc/lasi.c                              |   12 +-
 drivers/parisc/led.c                               |    6 +-
 drivers/parport/TODO-parport                       |    2 +-
 drivers/pci/controller/Kconfig                     |    2 +-
 drivers/pci/pci-driver.c                           |    9 +-
 drivers/pci/pci.c                                  |    9 +-
 drivers/pci/setup-res.c                            |    2 +
 drivers/platform/chrome/cros_typec_altmode.c       |    1 +
 drivers/platform/wmi/core.c                        |    3 +
 drivers/platform/x86/asus-nb-wmi.c                 |    9 +
 drivers/platform/x86/hp/hp-wmi.c                   |    6 +-
 drivers/platform/x86/intel/plr_tpmi.c              |   45 +-
 drivers/platform/x86/intel/vsec_tpmi.c             |   29 +-
 drivers/platform/x86/lenovo/Kconfig                |    1 -
 drivers/platform/x86/lenovo/wmi-capdata.c          |    8 +-
 drivers/platform/x86/lenovo/wmi-capdata.h          |   20 +
 drivers/platform/x86/lenovo/wmi-events.c           |    2 +-
 drivers/platform/x86/lenovo/wmi-gamezone.c         |    7 +-
 drivers/platform/x86/lenovo/wmi-gamezone.h         |   20 -
 drivers/platform/x86/lenovo/wmi-helpers.c          |  105 +-
 drivers/platform/x86/lenovo/wmi-helpers.h          |   21 +
 drivers/platform/x86/lenovo/wmi-other.c            |  296 +-
 drivers/platform/x86/lenovo/wmi-other.h            |   16 -
 drivers/platform/x86/samsung-galaxybook.c          |   69 +-
 drivers/pmdomain/core.c                            |   10 +-
 drivers/pmdomain/mediatek/mtk-pm-domains.c         |   10 +-
 drivers/pps/generators/pps_gen.c                   |   22 +-
 drivers/pps/pps.c                                  |   24 +-
 drivers/regulator/Kconfig                          |    5 +-
 drivers/regulator/qcom-rpmh-regulator.c            |    2 +-
 drivers/resctrl/mpam_devices.c                     |   81 +-
 drivers/resctrl/mpam_internal.h                    |    2 -
 drivers/reset/reset-eyeq.c                         |   24 +-
 drivers/rtc/Kconfig                                |    2 +-
 drivers/rtc/dev.c                                  |   11 +-
 drivers/rtc/rtc-abx80x.c                           |    5 +-
 drivers/rtc/rtc-armada38x.c                        |    9 +-
 drivers/rtc/rtc-cmos.c                             |   13 +-
 drivers/rtc/rtc-m41t80.c                           |    8 +-
 drivers/rtc/rtc-max77686.c                         |   14 +-
 drivers/rtc/rtc-ntxec.c                            |    2 +-
 drivers/rtc/rtc-pcf2127.c                          |   23 +-
 drivers/rtc/rtc-rs5c372.c                          |    7 +-
 drivers/rtc/rtc-rv8803.c                           |    8 +-
 drivers/rtc/rtc-rx8025.c                           |    4 +-
 drivers/rtc/rtc-ti-k3.c                            |   10 +-
 drivers/s390/char/Kconfig                          |    8 -
 drivers/s390/char/sclp_config.c                    |    6 -
 drivers/scsi/device_handler/scsi_dh_alua.c         |    2 +-
 drivers/scsi/hisi_sas/hisi_sas_v3_hw.c             |    2 +-
 drivers/scsi/mpt3sas/mpt3sas_scsih.c               |   14 +-
 drivers/scsi/pmcraid.h                             |    2 +-
 drivers/scsi/sg.c                                  |    2 +-
 drivers/scsi/smartpqi/smartpqi_init.c              |    1 +
 drivers/scsi/sr.c                                  |   11 +-
 drivers/scsi/sr.h                                  |    1 -
 drivers/spi/spi-amlogic-spisg.c                    |    3 +-
 drivers/spi/spi-axiado.c                           |   33 +-
 drivers/spi/spi-cadence-quadspi.c                  |   40 +-
 drivers/spi/spi-cadence.c                          |   21 +-
 drivers/spi/spi-ch341.c                            |    2 +-
 drivers/spi/spi-imx.c                              |    8 +-
 drivers/spi/spi-microchip-core-qspi.c              |   99 +-
 drivers/spi/spi-mpc52xx.c                          |    9 +-
 drivers/spi/spi-mtk-snfi.c                         |    8 +-
 drivers/spi/spi-mxic.c                             |    3 +-
 drivers/spi/spi-orion.c                            |   20 +-
 drivers/spi/spi-rockchip.c                         |    6 +-
 drivers/spi/spi-rzv2h-rspi.c                       |    2 +-
 drivers/spi/spi-topcliff-pch.c                     |   11 +-
 drivers/spi/spi.c                                  |   61 +-
 drivers/staging/greybus/hid.c                      |    2 +-
 drivers/staging/iio/adc/ad7816.c                   |   16 +-
 drivers/staging/iio/frequency/ad9834.c             |   20 +-
 drivers/staging/iio/impedance-analyzer/ad5933.c    |   28 +-
 drivers/staging/rtl8723bs/os_dep/osdep_service.c   |    3 +-
 drivers/staging/vme_user/vme_fake.c                |    2 +
 drivers/target/iscsi/iscsi_target.c                |   22 +-
 drivers/target/target_core_configfs.c              |    2 +-
 drivers/ufs/core/ufshcd.c                          |   30 +-
 drivers/usb/class/usblp.c                          |    3 +-
 drivers/usb/common/ulpi.c                          |    5 +-
 drivers/usb/dwc3/core.c                            |   12 +-
 drivers/usb/gadget/udc/omap_udc.c                  |    4 -
 drivers/usb/serial/option.c                        |    4 +
 drivers/usb/typec/tcpm/tcpm.c                      |   27 +-
 drivers/vfio/pci/vfio_pci_core.c                   |   37 +-
 drivers/vfio/pci/vfio_pci_dmabuf.c                 |   42 +-
 drivers/vfio/pci/vfio_pci_rdwr.c                   |   26 +-
 drivers/video/fbdev/aty/radeon_monitor.c           |    2 +-
 drivers/video/fbdev/clps711x-fb.c                  |    9 +-
 drivers/video/fbdev/cobalt_lcdfb.c                 |   12 +-
 drivers/video/fbdev/core/fb_defio.c                |    1 -
 drivers/video/fbdev/hgafb.c                        |    9 +-
 drivers/video/fbdev/offb.c                         |    7 +-
 drivers/video/fbdev/savage/savagefb_driver.c       |    2 +
 drivers/video/fbdev/udlfb.c                        |   31 +-
 drivers/virt/coco/sev-guest/sev-guest.c            |   12 +-
 drivers/virt/coco/tsm-core.c                       |   19 +-
 drivers/w1/masters/ds2490.c                        |   11 +-
 drivers/xen/privcmd.c                              |    7 +
 drivers/xen/sys-hypervisor.c                       |    8 +-
 drivers/xen/xen-acpi-pad.c                         |    6 +-
 fs/9p/v9fs.c                                       |    4 +
 fs/9p/vfs_super.c                                  |    6 +-
 fs/adfs/super.c                                    |    3 +
 fs/btrfs/block-group.c                             |   23 +-
 fs/btrfs/compression.c                             |   26 +-
 fs/btrfs/disk-io.c                                 |    1 +
 fs/btrfs/extent_io.c                               |   14 +-
 fs/btrfs/extent_io.h                               |    3 +-
 fs/btrfs/free-space-tree.c                         |   18 +-
 fs/btrfs/inode.c                                   |   32 +-
 fs/btrfs/ioctl.c                                   |    7 +-
 fs/btrfs/raid-stripe-tree.c                        |   57 +-
 fs/btrfs/relocation.c                              |   30 +-
 fs/btrfs/transaction.c                             |    9 +-
 fs/ceph/Makefile                                   |    2 +-
 fs/ceph/addr.c                                     |   20 +
 fs/ceph/debugfs.c                                  |  157 +
 fs/ceph/dir.c                                      |    6 +-
 fs/ceph/file.c                                     |   68 +-
 fs/ceph/inode.c                                    |   41 +
 fs/ceph/mds_client.c                               |   98 +-
 fs/ceph/mds_client.h                               |   14 +-
 fs/ceph/metric.c                                   |  183 +-
 fs/ceph/metric.h                                   |   39 +-
 fs/ceph/quota.c                                    |   37 +-
 fs/ceph/subvolume_metrics.c                        |  416 ++
 fs/ceph/subvolume_metrics.h                        |   97 +
 fs/ceph/super.c                                    |    8 +
 fs/ceph/super.h                                    |   11 +
 fs/ceph/xattr.c                                    |   17 +
 fs/efivarfs/super.c                                |    5 +-
 fs/iomap/direct-io.c                               |    2 +-
 fs/isofs/export.c                                  |    2 +-
 fs/isofs/namei.c                                   |   11 +-
 fs/isofs/rock.c                                    |    9 +
 fs/nfs/blocklayout/dev.c                           |    7 +-
 fs/nfs/callback_xdr.c                              |    3 +-
 fs/nfs/flexfilelayout/flexfilelayoutdev.c          |    5 +
 fs/nfs/inode.c                                     |   12 +-
 fs/nfs/internal.h                                  |    2 +
 fs/nfs/localio.c                                   |   15 +-
 fs/nfs/nfs42proc.c                                 |   19 +-
 fs/nfs/nfs42xdr.c                                  |   10 +-
 fs/nfs/nfs4client.c                                |    4 +-
 fs/nfs/nfs4proc.c                                  |   42 +-
 fs/nfs/nfstrace.h                                  |    2 +-
 fs/nfs/pagelist.c                                  |    3 +
 fs/nfs/pnfs.c                                      |   22 +-
 fs/nfs/super.c                                     |   16 +-
 fs/nfs/write.c                                     |   11 +-
 fs/nfsd/nfs4proc.c                                 |   18 +-
 fs/nfsd/nfs4state.c                                |   64 +-
 fs/nfsd/state.h                                    |    1 +
 fs/nfsd/xdr4.h                                     |    1 +
 fs/notify/fanotify/fanotify.c                      |    2 +-
 fs/notify/fsnotify.c                               |    2 +-
 fs/notify/mark.c                                   |   57 +-
 fs/ntfs/aops.c                                     |   48 +-
 fs/ntfs/attrib.c                                   |   16 +-
 fs/ntfs/bitmap.c                                   |   19 +-
 fs/ntfs/compress.c                                 |    3 +-
 fs/ntfs/dir.c                                      |   13 +-
 fs/ntfs/ea.c                                       |    5 +-
 fs/ntfs/file.c                                     |   49 +-
 fs/ntfs/index.c                                    |   17 +-
 fs/ntfs/iomap.c                                    |   34 +-
 fs/ntfs/mft.c                                      |    5 +-
 fs/ntfs/namei.c                                    |   13 +-
 fs/ntfs/reparse.c                                  |    5 +-
 fs/ntfs/runlist.c                                  |   24 +-
 fs/overlayfs/util.c                                |    2 +-
 fs/smb/client/cached_dir.c                         |    8 +
 fs/smb/client/cifsacl.c                            |   37 +-
 fs/smb/client/cifsproto.h                          |    1 -
 fs/smb/client/fs_context.c                         |  194 +-
 fs/smb/client/ioctl.c                              |    2 +-
 fs/smb/client/smb2file.c                           |    3 +
 fs/smb/client/smb2inode.c                          |   14 +-
 fs/smb/client/smb2misc.c                           |    3 +-
 fs/smb/client/smb2ops.c                            |   15 +-
 fs/smb/client/smb2pdu.c                            |   23 +-
 fs/smb/client/smb2transport.c                      |   35 +-
 fs/smb/client/smbdirect.c                          |    3 +-
 fs/smb/client/smbdirect.h                          |    2 +-
 fs/smb/client/transport.c                          |   15 +-
 fs/smb/common/fscc.h                               |    4 +-
 fs/smb/common/smb2pdu.h                            |    4 +
 fs/smb/server/connection.c                         |  153 +-
 fs/smb/server/connection.h                         |    7 +
 fs/smb/server/mgmt/share_config.c                  |   12 +-
 fs/smb/server/oplock.c                             |    7 +-
 fs/smb/server/server.c                             |   12 +
 fs/smb/server/smb2pdu.c                            |   14 +-
 fs/smb/server/smbacl.c                             |   66 +-
 fs/smb/server/transport_rdma.c                     |    3 +-
 fs/smb/server/transport_rdma.h                     |    2 +-
 fs/smb/server/vfs_cache.c                          |  341 +-
 fs/smb/server/vfs_cache.h                          |    4 +-
 fs/smb/smbdirect/accept.c                          |    2 +-
 fs/smb/smbdirect/connect.c                         |    4 +-
 fs/smb/smbdirect/connection.c                      |   18 +-
 fs/smb/smbdirect/debug.c                           |    2 +-
 fs/smb/smbdirect/devices.c                         |    2 +-
 fs/smb/smbdirect/internal.h                        |    4 +-
 fs/smb/smbdirect/listen.c                          |    2 +-
 fs/smb/smbdirect/mr.c                              |   27 +-
 fs/smb/smbdirect/rw.c                              |    2 +-
 fs/smb/smbdirect/smbdirect.h                       |   52 -
 fs/smb/smbdirect/socket.c                          |   20 +-
 fs/udf/misc.c                                      |    8 +-
 fs/xfs/libxfs/xfs_dir2_data.c                      |   18 +-
 fs/xfs/libxfs/xfs_refcount.c                       |    3 +-
 fs/xfs/scrub/common.c                              |   11 +
 fs/xfs/scrub/common.h                              |    2 +
 fs/xfs/scrub/dabtree.c                             |    7 +-
 fs/xfs/scrub/dir.c                                 |    7 +-
 fs/xfs/xfs_inode.c                                 |    6 -
 fs/xfs/xfs_notify_failure.c                        |    2 +-
 fs/xfs/xfs_trans.c                                 |   11 +
 fs/xfs/xfs_zone_alloc.c                            |    4 +-
 fs/xfs/xfs_zone_gc.c                               |    2 +-
 include/acpi/acpi_bus.h                            |    2 +
 include/acpi/actbl1.h                              |    6 +
 include/asm-generic/kprobes.h                      |    2 +-
 include/drm/drm_atomic.h                           |    3 +-
 include/drm/drm_fb_helper.h                        |    6 +
 include/drm/intel/intel_lb_mei_interface.h         |   51 +-
 include/drm/ttm/ttm_resource.h                     |    2 +
 include/linux/arm-smccc.h                          |    6 +
 include/linux/bio.h                                |    3 +-
 include/linux/bpf.h                                |    1 +
 include/linux/cdrom.h                              |    1 +
 include/linux/cgroup-defs.h                        |    4 +-
 include/linux/cgroup.h                             |    1 +
 include/linux/comedi/comedi_isadma.h               |    2 +-
 include/linux/comedi/comedidev.h                   |   53 +-
 include/linux/coresight.h                          |   14 +-
 include/linux/dma-buf.h                            |    4 +-
 include/linux/dpll.h                               |    1 +
 include/linux/fprobe.h                             |    5 +
 include/linux/fsnotify_backend.h                   |    1 +
 include/linux/hdlcdrv.h                            |  276 -
 include/linux/hid.h                                |    6 +-
 include/linux/hid_bpf.h                            |   14 +-
 include/linux/iio/adc/qcom-adc5-gen3-common.h      |  211 +
 include/linux/iio/backend.h                        |   24 +
 include/linux/iio/common/st_sensors.h              |   11 +-
 include/linux/iio/types.h                          |    1 +
 include/linux/intel_tpmi.h                         |    6 +
 include/linux/irq-entry-common.h                   |    8 -
 include/linux/irqchip/arm-gic-v5.h                 |    3 -
 include/linux/isdn/capilli.h                       |   95 -
 include/linux/isdn/capiutil.h                      |   60 -
 include/linux/kernelcapi.h                         |   45 -
 include/linux/mISDNdsp.h                           |   40 -
 include/linux/mISDNhw.h                            |  192 -
 include/linux/mISDNif.h                            |  603 ---
 include/linux/mailbox_client.h                     |    1 +
 include/linux/mailbox_controller.h                 |   17 +-
 include/linux/maple_tree.h                         |    2 +-
 include/linux/mei_cl_bus.h                         |    1 +
 include/linux/mhi.h                                |   34 +-
 include/linux/mm.h                                 |    2 +-
 include/linux/mroute_base.h                        |    3 +
 include/linux/mtd/spinand.h                        |    7 +
 include/linux/netdevice.h                          |    5 +-
 include/linux/netfilter/x_tables.h                 |   12 +-
 include/linux/netfilter_arp/arp_tables.h           |    1 -
 include/linux/netfilter_ipv4/ip_tables.h           |    1 -
 include/linux/netfilter_ipv6/ip6_tables.h          |    1 -
 include/linux/nfs_fs.h                             |    1 +
 include/linux/nfs_xdr.h                            |    3 +
 include/linux/nvme-auth.h                          |    6 +-
 include/linux/platform_data/apds990x.h             |    4 +-
 include/linux/platform_data/tsl2772.h              |    4 +-
 include/linux/rculist.h                            |   29 +
 include/linux/rhashtable-types.h                   |    5 +
 include/linux/rhashtable.h                         |    8 +-
 include/linux/rseq.h                               |   37 +-
 include/linux/rseq_entry.h                         |  141 +-
 include/linux/rseq_types.h                         |   13 +-
 include/linux/scc.h                                |   86 -
 include/linux/sched.h                              |    3 +
 include/linux/sched/deadline.h                     |    9 +
 include/linux/sched/ext.h                          |   16 +-
 include/linux/sched/isolation.h                    |    6 +-
 include/linux/slab.h                               |    3 +
 .../public.h => include/linux/smbdirect.h          |   52 +-
 include/linux/spi/spi.h                            |    4 +-
 include/linux/sunrpc/xprt.h                        |    2 +
 include/linux/t10-pi.h                             |   25 +-
 include/linux/tpm_eventlog.h                       |    9 +-
 include/linux/tracepoint.h                         |    2 +-
 include/linux/vfio_pci_core.h                      |    2 +-
 include/linux/virtio_caif.h                        |   24 -
 include/linux/workqueue.h                          |    6 +-
 include/linux/yam.h                                |   67 -
 include/net/9p/9p.h                                |   38 +-
 include/net/Space.h                                |    5 -
 include/net/atmclip.h                              |   53 -
 include/net/ax25.h                                 |  476 +-
 include/net/bluetooth/hci_core.h                   |    2 +-
 include/net/bond_3ad.h                             |    2 +-
 include/net/caif/caif_dev.h                        |  128 -
 include/net/caif/caif_device.h                     |   55 -
 include/net/caif/caif_layer.h                      |  277 -
 include/net/caif/cfcnfg.h                          |   90 -
 include/net/caif/cfctrl.h                          |  130 -
 include/net/caif/cffrml.h                          |   21 -
 include/net/caif/cfmuxl.h                          |   20 -
 include/net/caif/cfpkt.h                           |  232 -
 include/net/caif/cfserl.h                          |   13 -
 include/net/caif/cfsrvl.h                          |   61 -
 include/net/dropreason-core.h                      |    6 +
 include/net/genetlink.h                            |    4 +-
 include/net/ip_vs.h                                |   31 +-
 include/net/ipv6.h                                 |    3 +
 include/net/macsec.h                               |    7 +-
 include/net/mana/shm_channel.h                     |    6 +
 include/net/netfilter/nf_conntrack_expect.h        |    5 +-
 include/net/netfilter/nf_dup_netdev.h              |   13 +
 include/net/netfilter/nf_flow_table.h              |    4 +-
 include/net/netfilter/nf_tables.h                  |   13 +
 include/net/netmem.h                               |   15 +
 include/net/netns/ipv4.h                           |    2 +-
 include/net/netns/ipv6.h                           |    1 +
 include/net/netrom.h                               |  273 -
 include/net/nsh.h                                  |    4 +-
 include/net/rose.h                                 |  263 +-
 include/sound/tas2781.h                            |    1 +
 include/trace/events/btrfs.h                       |    4 +-
 include/trace/events/rpcrdma.h                     |   28 +-
 include/uapi/linux/baycom.h                        |   40 -
 include/uapi/linux/caif/caif_socket.h              |  195 -
 include/uapi/linux/caif/if_caif.h                  |   35 -
 include/uapi/linux/capi.h                          |  134 -
 include/uapi/linux/hdlcdrv.h                       |  111 -
 include/uapi/linux/io_uring.h                      |    3 +-
 include/uapi/linux/isdn/capicmd.h                  |  117 -
 include/uapi/linux/kernelcapi.h                    |   48 -
 include/uapi/linux/netrom.h                        |   37 -
 include/uapi/linux/rose.h                          |   91 -
 include/uapi/linux/rseq.h                          |    5 +-
 include/uapi/linux/scc.h                           |  174 -
 include/ufs/unipro.h                               |    5 +
 include/video/imx-ipu-image-convert.h              |   16 +-
 include/video/udlfb.h                              |    1 +
 include/xen/arm/interface.h                        |    2 +-
 io_uring/alloc_cache.h                             |    2 +-
 io_uring/cancel.c                                  |    2 +-
 io_uring/eventfd.c                                 |    1 +
 io_uring/fdinfo.c                                  |    3 +-
 io_uring/futex.c                                   |    4 +-
 io_uring/io-wq.c                                   |    3 +-
 io_uring/io_uring.c                                |   32 +-
 io_uring/kbuf.c                                    |    9 +-
 io_uring/kbuf.h                                    |    8 +-
 io_uring/memmap.c                                  |   46 +-
 io_uring/napi.c                                    |   29 +-
 io_uring/napi.h                                    |    8 +-
 io_uring/poll.c                                    |    6 +-
 io_uring/register.c                                |   32 +-
 io_uring/rsrc.c                                    |    5 +-
 io_uring/rsrc.h                                    |    9 +-
 io_uring/rw.c                                      |    8 +-
 io_uring/tctx.c                                    |   15 +-
 io_uring/timeout.c                                 |   51 +-
 io_uring/tw.c                                      |   12 +-
 io_uring/wait.c                                    |    6 +-
 io_uring/zcrx.c                                    |    8 +-
 kernel/audit.c                                     |    4 +
 kernel/auditsc.c                                   |    2 +-
 kernel/bpf/arena.c                                 |    2 +-
 kernel/bpf/liveness.c                              |   25 +-
 kernel/cgroup/cgroup.c                             |  280 +-
 kernel/cgroup/cpuset-internal.h                    |    6 +
 kernel/cgroup/cpuset.c                             |   67 +-
 kernel/cgroup/dmem.c                               |    1 +
 kernel/cgroup/rdma.c                               |    2 +-
 kernel/events/core.c                               |   70 +-
 kernel/events/internal.h                           |    1 +
 kernel/events/ring_buffer.c                        |    2 +
 kernel/exit.c                                      |    2 +
 kernel/fork.c                                      |   12 +-
 kernel/futex/requeue.c                             |   13 +-
 kernel/irq/chip.c                                  |    9 +-
 kernel/irq_work.c                                  |    7 +
 kernel/liveupdate/kexec_handover.c                 |   23 +-
 kernel/liveupdate/luo_session.c                    |   15 +-
 kernel/locking/mutex.c                             |   40 +-
 kernel/locking/rtmutex.c                           |   13 +-
 kernel/locking/ww_mutex.h                          |   34 +-
 kernel/ptrace.c                                    |   22 +-
 kernel/rseq.c                                      |  214 +-
 kernel/sched/core.c                                |    1 +
 kernel/sched/deadline.c                            |   13 +-
 kernel/sched/ext.c                                 |  698 ++-
 kernel/sched/ext_idle.c                            |   32 +-
 kernel/sched/ext_idle.h                            |    1 +
 kernel/sched/ext_internal.h                        |    2 +
 kernel/sched/fair.c                                |   84 +-
 kernel/sched/membarrier.c                          |   11 +-
 kernel/time/timer_migration.c                      |   40 +-
 kernel/trace/Makefile                              |    4 +-
 kernel/trace/bpf_trace.c                           |    3 +-
 kernel/trace/fprobe.c                              |   23 +-
 kernel/trace/remote_test.c                         |    4 +-
 kernel/trace/ring_buffer.c                         |   13 +-
 kernel/trace/trace_branch.c                        |    8 +-
 kernel/trace/trace_probe.c                         |    6 +
 kernel/trace/trace_probe.h                         |    4 +-
 kernel/workqueue.c                                 |   45 +-
 lib/Kconfig.debug                                  |   11 +
 lib/crc/Kconfig                                    |    2 +-
 lib/fonts/font_rotate.c                            |    2 +-
 lib/kunit/Kconfig                                  |    5 +-
 lib/maple_tree.c                                   |    2 +-
 lib/rhashtable.c                                   |   69 +-
 lib/test_maple_tree.c                              |    4 +-
 lib/tests/string_kunit.c                           |  274 +
 lib/tests/test_kprobes.c                           |   29 +-
 lib/vdso/gettimeofday.c                            |    5 +-
 mm/damon/lru_sort.c                                |   85 +-
 mm/damon/reclaim.c                                 |   85 +-
 mm/damon/stat.c                                    |   30 +-
 mm/damon/sysfs-schemes.c                           |   24 +-
 mm/hugetlb_cma.c                                   |    1 +
 mm/memcontrol.c                                    |   29 +-
 mm/memfd_luo.c                                     |   25 +-
 mm/page-writeback.c                                |   16 +-
 mm/page_alloc.c                                    |    5 +
 mm/slub.c                                          |   44 +-
 mm/userfaultfd.c                                   |   12 +-
 mm/util.c                                          |   26 +-
 mm/vma.c                                           |    3 +-
 mm/vmalloc.c                                       |    2 +-
 net/9p/trans_xen.c                                 |   77 +-
 net/Kconfig                                        |    2 -
 net/Makefile                                       |    4 -
 net/atm/Kconfig                                    |   37 -
 net/atm/Makefile                                   |    4 -
 net/atm/clip.c                                     |  960 ----
 net/atm/ioctl.c                                    |   14 -
 net/atm/lec.c                                      | 2274 --------
 net/atm/lec.h                                      |  155 -
 net/atm/lec_arpc.h                                 |   97 -
 net/atm/mpc.c                                      | 1538 ------
 net/atm/mpc.h                                      |   65 -
 net/atm/mpoa_caches.c                              |  565 --
 net/atm/mpoa_caches.h                              |   99 -
 net/atm/mpoa_proc.c                                |  307 --
 net/atm/proc.c                                     |   11 -
 net/atm/signaling.c                                |    1 +
 net/ax25/Kconfig                                   |  108 -
 net/ax25/Makefile                                  |   12 -
 net/ax25/af_ax25.c                                 | 2089 --------
 net/ax25/ax25_addr.c                               |  303 --
 net/ax25/ax25_dev.c                                |  200 -
 net/ax25/ax25_ds_in.c                              |  298 --
 net/ax25/ax25_ds_subr.c                            |  204 -
 net/ax25/ax25_ds_timer.c                           |  235 -
 net/ax25/ax25_iface.c                              |  214 -
 net/ax25/ax25_in.c                                 |  455 --
 net/ax25/ax25_ip.c                                 |  247 -
 net/ax25/ax25_out.c                                |  398 --
 net/ax25/ax25_route.c                              |  416 --
 net/ax25/ax25_std_in.c                             |  443 --
 net/ax25/ax25_std_subr.c                           |   83 -
 net/ax25/ax25_std_timer.c                          |  175 -
 net/ax25/ax25_subr.c                               |  296 --
 net/ax25/ax25_timer.c                              |  224 -
 net/ax25/ax25_uid.c                                |  204 -
 net/ax25/sysctl_net_ax25.c                         |  181 -
 net/batman-adv/bat_iv_ogm.c                        |   85 +-
 net/batman-adv/bridge_loop_avoidance.c             |   11 +-
 net/batman-adv/main.c                              |    1 +
 net/batman-adv/tp_meter.c                          |  116 +-
 net/batman-adv/tp_meter.h                          |    1 +
 net/batman-adv/types.h                             |    4 +
 net/bluetooth/Kconfig                              |    3 -
 net/bluetooth/Makefile                             |    1 -
 net/bluetooth/bnep/core.c                          |   13 +-
 net/bluetooth/cmtp/Kconfig                         |   12 -
 net/bluetooth/cmtp/Makefile                        |    8 -
 net/bluetooth/cmtp/capi.c                          |  579 --
 net/bluetooth/cmtp/cmtp.h                          |  129 -
 net/bluetooth/cmtp/core.c                          |  519 --
 net/bluetooth/cmtp/sock.c                          |  271 -
 net/bluetooth/hci_conn.c                           |  124 +-
 net/bluetooth/hci_event.c                          |   31 +-
 net/bluetooth/hidp/core.c                          |   27 +-
 net/bluetooth/iso.c                                |   56 +-
 net/bluetooth/l2cap_core.c                         |   14 +-
 net/bluetooth/l2cap_sock.c                         |    9 +
 net/bluetooth/rfcomm/core.c                        |    7 +-
 net/bluetooth/sco.c                                |   62 +-
 net/bridge/br.c                                    |    7 -
 net/bridge/br_fdb.c                                |   29 -
 net/bridge/br_private.h                            |    4 -
 net/bridge/netfilter/ebtable_broute.c              |   14 +-
 net/bridge/netfilter/ebtable_filter.c              |   14 +-
 net/bridge/netfilter/ebtable_nat.c                 |   12 +-
 net/bridge/netfilter/ebtables.c                    |   71 +-
 net/caif/Kconfig                                   |   54 -
 net/caif/Makefile                                  |   16 -
 net/caif/caif_dev.c                                |  586 ---
 net/caif/caif_socket.c                             | 1114 ----
 net/caif/caif_usb.c                                |  216 -
 net/caif/cfcnfg.c                                  |  612 ---
 net/caif/cfctrl.c                                  |  631 ---
 net/caif/cfdbgl.c                                  |   55 -
 net/caif/cfdgml.c                                  |  113 -
 net/caif/cffrml.c                                  |  204 -
 net/caif/cfmuxl.c                                  |  267 -
 net/caif/cfpkt_skbuff.c                            |  373 --
 net/caif/cfrfml.c                                  |  299 --
 net/caif/cfserl.c                                  |  192 -
 net/caif/cfsrvl.c                                  |  224 -
 net/caif/cfutill.c                                 |  104 -
 net/caif/cfveil.c                                  |  101 -
 net/caif/cfvidl.c                                  |   65 -
 net/caif/chnl_net.c                                |  531 --
 net/ceph/auth.c                                    |    4 +-
 net/ceph/auth_x.c                                  |    5 +
 net/ceph/crush/crush.c                             |    6 +-
 net/ceph/crush/mapper.c                            |    7 +-
 net/ceph/messenger.c                               |    4 +-
 net/ceph/messenger_v2.c                            |   13 +-
 net/ceph/mon_client.c                              |    2 +
 net/ceph/osdmap.c                                  |   17 +-
 net/core/bpf_sk_storage.c                          |   14 +-
 net/core/dev.c                                     |   30 +-
 net/core/devmem.c                                  |    3 +-
 net/core/failover.c                                |    6 +-
 net/core/filter.c                                  |   55 +-
 net/core/neighbour.c                               |   10 +-
 net/core/netpoll.c                                 |   42 +-
 net/core/page_pool.c                               |   10 +-
 net/core/rtnetlink.c                               |    1 +
 net/core/sock_map.c                                |   39 +-
 net/ethtool/bitset.c                               |    8 +-
 net/ethtool/phy.c                                  |   36 +-
 net/hsr/hsr_framereg.c                             |    5 +-
 net/ipv4/ah4.c                                     |   14 +-
 net/ipv4/arp.c                                     |    1 -
 net/ipv4/bpf_tcp_ca.c                              |    2 +-
 net/ipv4/esp4.c                                    |    3 +-
 net/ipv4/igmp.c                                    |   58 +-
 net/ipv4/inet_connection_sock.c                    |    4 +-
 net/ipv4/inetpeer.c                                |    3 +-
 net/ipv4/ip_output.c                               |    2 +
 net/ipv4/ipmr.c                                    |  118 +-
 net/ipv4/ipmr_base.c                               |   16 +
 net/ipv4/netfilter/arp_tables.c                    |   71 +-
 net/ipv4/netfilter/arpt_mangle.c                   |    8 +
 net/ipv4/netfilter/arptable_filter.c               |   27 +-
 net/ipv4/netfilter/ip_tables.c                     |   59 +-
 net/ipv4/netfilter/iptable_filter.c                |   27 +-
 net/ipv4/netfilter/iptable_mangle.c                |   29 +-
 net/ipv4/netfilter/iptable_nat.c                   |    6 +-
 net/ipv4/netfilter/iptable_raw.c                   |   26 +-
 net/ipv4/netfilter/iptable_security.c              |   27 +-
 net/ipv4/netfilter/nf_socket_ipv4.c                |    3 +
 net/ipv4/tcp_ao.c                                  |    3 +-
 net/ipv4/tcp_ipv4.c                                |   14 +-
 net/ipv4/tcp_minisocks.c                           |    2 +-
 net/ipv4/tcp_timer.c                               |    5 +-
 net/ipv6/Kconfig                                   |    4 +-
 net/ipv6/ah6.c                                     |   14 +-
 net/ipv6/esp6.c                                    |    3 +-
 net/ipv6/exthdrs.c                                 |    9 +-
 net/ipv6/exthdrs_core.c                            |    7 +
 net/ipv6/ip6_flowlabel.c                           |   46 +-
 net/ipv6/ip6_gre.c                                 |    5 +-
 net/ipv6/ip6_input.c                               |    5 +
 net/ipv6/ip6_output.c                              |    5 +
 net/ipv6/ip6_tunnel.c                              |    4 +
 net/ipv6/netfilter/ip6_tables.c                    |   56 +-
 net/ipv6/netfilter/ip6table_filter.c               |   26 +-
 net/ipv6/netfilter/ip6table_mangle.c               |   27 +-
 net/ipv6/netfilter/ip6table_nat.c                  |    6 +-
 net/ipv6/netfilter/ip6table_raw.c                  |   24 +-
 net/ipv6/netfilter/ip6table_security.c             |   27 +-
 net/ipv6/netfilter/nf_socket_ipv6.c                |    5 +-
 net/ipv6/route.c                                   |    5 +
 net/ipv6/rpl_iptunnel.c                            |    9 +
 net/ipv6/seg6_iptunnel.c                           |    9 +
 net/ipv6/tcp_ipv6.c                                |   17 +-
 net/ipv6/xfrm6_protocol.c                          |    4 +-
 net/mac80211/mlme.c                                |   18 +-
 net/mac80211/rx.c                                  |    6 +-
 net/mac80211/tests/chan-mode.c                     |    1 +
 net/mac80211/util.c                                |    4 +-
 net/mctp/test/route-test.c                         |    2 +-
 net/mctp/test/utils.c                              |    2 +-
 net/mptcp/bpf.c                                    |    2 +-
 net/mptcp/fastopen.c                               |    4 +-
 net/mptcp/pm.c                                     |   62 +-
 net/mptcp/pm_kernel.c                              |   14 +-
 net/mptcp/protocol.c                               |    3 +-
 net/mptcp/sockopt.c                                |   16 +-
 net/mptcp/subflow.c                                |    4 +-
 net/netfilter/ipvs/ip_vs_conn.c                    |   74 +-
 net/netfilter/ipvs/ip_vs_core.c                    |    2 +-
 net/netfilter/ipvs/ip_vs_ctl.c                     |  164 +-
 net/netfilter/ipvs/ip_vs_est.c                     |   83 +-
 net/netfilter/nf_conntrack_broadcast.c             |    1 +
 net/netfilter/nf_conntrack_core.c                  |    7 +-
 net/netfilter/nf_conntrack_expect.c                |    1 +
 net/netfilter/nf_conntrack_h323_main.c             |   12 +-
 net/netfilter/nf_conntrack_helper.c                |    5 +
 net/netfilter/nf_conntrack_netlink.c               |   21 +-
 net/netfilter/nf_conntrack_proto_sctp.c            |   10 +-
 net/netfilter/nf_conntrack_sip.c                   |  162 +-
 net/netfilter/nf_dup_netdev.c                      |   16 -
 net/netfilter/nf_flow_table_core.c                 |    1 +
 net/netfilter/nf_flow_table_ip.c                   |  151 +-
 net/netfilter/nf_flow_table_path.c                 |    7 +-
 net/netfilter/nf_nat_sip.c                         |    1 +
 net/netfilter/nf_tables_api.c                      |  347 +-
 net/netfilter/nf_tables_core.c                     |    2 +-
 net/netfilter/nft_bitwise.c                        |    3 +-
 net/netfilter/nft_compat.c                         |   45 +-
 net/netfilter/nft_ct.c                             |    2 +
 net/netfilter/nft_exthdr.c                         |    2 +-
 net/netfilter/nft_fwd_netdev.c                     |   29 +-
 net/netfilter/nft_osf.c                            |    2 +-
 net/netfilter/nft_tproxy.c                         |    8 +-
 net/netfilter/x_tables.c                           |  256 +-
 net/netfilter/xt_CT.c                              |    8 +-
 net/netfilter/xt_TCPMSS.c                          |   33 +-
 net/netfilter/xt_TPROXY.c                          |   11 +-
 net/netfilter/xt_addrtype.c                        |   25 +-
 net/netfilter/xt_devgroup.c                        |   18 +-
 net/netfilter/xt_ecn.c                             |    4 +
 net/netfilter/xt_hashlimit.c                       |    4 +-
 net/netfilter/xt_osf.c                             |    3 +
 net/netfilter/xt_physdev.c                         |   24 +-
 net/netfilter/xt_policy.c                          |   26 +-
 net/netfilter/xt_set.c                             |   39 +-
 net/netfilter/xt_tcpmss.c                          |    4 +
 net/netlink/genetlink.c                            |    8 +-
 net/netrom/Makefile                                |   10 -
 net/netrom/af_netrom.c                             | 1536 ------
 net/netrom/nr_dev.c                                |  178 -
 net/netrom/nr_in.c                                 |  301 --
 net/netrom/nr_loopback.c                           |   73 -
 net/netrom/nr_out.c                                |  272 -
 net/netrom/nr_route.c                              |  989 ----
 net/netrom/nr_subr.c                               |  280 -
 net/netrom/nr_timer.c                              |  249 -
 net/netrom/sysctl_net_netrom.c                     |  156 -
 net/openvswitch/vport-geneve.c                     |    5 +-
 net/openvswitch/vport-gre.c                        |    5 +-
 net/openvswitch/vport-netdev.c                     |   64 +-
 net/openvswitch/vport-netdev.h                     |    2 +-
 net/openvswitch/vport-vxlan.c                      |    5 +-
 net/phonet/socket.c                                |   10 +-
 net/psp/psp-nl-gen.c                               |    4 +-
 net/psp/psp_main.c                                 |   42 +-
 net/psp/psp_nl.c                                   |   10 +-
 net/rds/message.c                                  |   21 +-
 net/rose/Makefile                                  |   10 -
 net/rose/af_rose.c                                 | 1687 ------
 net/rose/rose_dev.c                                |  141 -
 net/rose/rose_in.c                                 |  301 --
 net/rose/rose_link.c                               |  289 -
 net/rose/rose_loopback.c                           |  133 -
 net/rose/rose_out.c                                |  122 -
 net/rose/rose_route.c                              | 1333 -----
 net/rose/rose_subr.c                               |  556 --
 net/rose/rose_timer.c                              |  227 -
 net/rose/sysctl_net_rose.c                         |  125 -
 net/rxrpc/call_event.c                             |    4 +-
 net/rxrpc/conn_event.c                             |    3 +-
 net/sched/sch_cake.c                               |  370 +-
 net/sched/sch_cbs.c                                |   16 +-
 net/sched/sch_choke.c                              |   26 +-
 net/sched/sch_dualpi2.c                            |    4 +-
 net/sched/sch_fq_codel.c                           |   39 +-
 net/sched/sch_fq_pie.c                             |   19 +-
 net/sched/sch_netem.c                              |   76 +-
 net/sched/sch_pie.c                                |   14 +-
 net/sched/sch_red.c                                |    2 +-
 net/sched/sch_sfb.c                                |    2 +-
 net/sched/sch_sfq.c                                |   48 +-
 net/sched/sch_taprio.c                             |   13 +-
 net/sctp/sm_statefuns.c                            |    6 +
 net/sctp/socket.c                                  |    9 +
 net/shaper/shaper.c                                |  166 +-
 net/shaper/shaper_nl_gen.c                         |    7 +-
 net/shaper/shaper_nl_gen.h                         |    2 +
 net/smc/af_smc.c                                   |   28 +-
 net/smc/smc_tracepoint.h                           |    2 +-
 net/sunrpc/cache.c                                 |    2 +-
 net/sunrpc/xprt.c                                  |   16 +
 net/sunrpc/xprtrdma/frwr_ops.c                     |  177 +-
 net/sunrpc/xprtrdma/rpc_rdma.c                     |  177 +-
 net/sunrpc/xprtrdma/transport.c                    |   17 +-
 net/sunrpc/xprtrdma/verbs.c                        |   19 +-
 net/sunrpc/xprtrdma/xprt_rdma.h                    |   43 +-
 net/tls/tls.h                                      |    1 +
 net/tls/tls_strp.c                                 |    6 +
 net/tls/tls_sw.c                                   |   36 +-
 net/unix/af_unix.c                                 |    3 +
 net/unix/garbage.c                                 |    6 +-
 net/vmw_vsock/hyperv_transport.c                   |    4 +-
 net/vmw_vsock/virtio_transport_common.c            |   49 +-
 net/wireless/nl80211.c                             |   27 +
 net/wireless/pmsr.c                                |    2 +-
 net/xdp/xsk.c                                      |  115 +-
 net/xdp/xsk_buff_pool.c                            |    3 +
 net/xdp/xskmap.c                                   |    4 +
 net/xfrm/xfrm_output.c                             |   20 +-
 net/xfrm/xfrm_state.c                              |   12 +-
 net/xfrm/xfrm_user.c                               |    1 +
 rust/Makefile                                      |    2 +
 rust/kernel/alloc/kvec.rs                          |  216 +-
 rust/kernel/drm/device.rs                          |   22 +-
 rust/kernel/drm/gem/mod.rs                         |   13 +-
 rust/kernel/drm/gem/shmem.rs                       |    6 +-
 rust/kernel/sync/aref.rs                           |   22 +
 rust/kernel/task.rs                                |    9 +
 rust/kernel/uaccess.rs                             |    2 +-
 rust/pin-init/internal/src/init.rs                 |  184 +-
 rust/pin-init/src/__internal.rs                    |   28 +-
 scripts/checkpatch.pl                              |    8 +
 scripts/gcc-plugins/gcc-common.h                   |    4 +-
 scripts/package/builddeb                           |    8 +-
 security/apparmor/lsm.c                            |   36 +-
 security/apparmor/match.c                          |    2 +-
 security/apparmor/path.c                           |    8 +-
 security/apparmor/policy_unpack.c                  |    2 +
 security/selinux/hooks.c                           |   38 +-
 security/selinux/include/objsec.h                  |    4 +-
 security/selinux/include/security.h                |    2 -
 security/selinux/selinuxfs.c                       |  196 +-
 security/selinux/ss/services.c                     |  125 -
 sound/arm/pxa2xx-ac97-lib.c                        |   15 +-
 sound/core/misc.c                                  |   19 +-
 sound/core/oss/pcm_oss.c                           |   29 +-
 sound/core/seq/seq_clientmgr.c                     |    2 +-
 sound/core/seq/seq_clientmgr.h                     |    5 +-
 sound/core/seq/seq_ump_client.c                    |    2 +-
 sound/drivers/aloop.c                              |   43 +-
 sound/drivers/pcmtest.c                            |   21 +-
 sound/drivers/vx/vx_cmd.h                          |    2 +-
 sound/firewire/tascam/tascam-hwdep.c               |    1 +
 sound/hda/codecs/Makefile                          |    2 -
 sound/hda/codecs/ca0132.c                          |   44 +-
 sound/hda/codecs/conexant.c                        |    8 +-
 sound/hda/codecs/realtek/alc269.c                  |  100 +-
 sound/hda/codecs/side-codecs/Kconfig               |    1 -
 sound/hda/codecs/side-codecs/cs35l41_hda.c         |    4 +-
 sound/hda/codecs/side-codecs/cs35l56_hda.c         |   32 +-
 sound/hda/codecs/side-codecs/cs35l56_hda.h         |    1 +
 sound/hda/codecs/side-codecs/tas2781_hda_spi.c     |   15 +-
 sound/hda/common/codec.c                           |    3 +
 sound/hda/common/hda_controller.h                  |    4 -
 sound/hda/controllers/intel.c                      |   58 +-
 sound/hda/core/hdmi_chmap.c                        |   11 +-
 sound/pci/als4000.c                                |   44 +-
 sound/soc/amd/acp/acp-legacy-mach.c                |    2 +-
 sound/soc/amd/acp/acp-mach-common.c                |   22 +-
 sound/soc/amd/acp/acp-mach.h                       |    4 +
 sound/soc/amd/acp/acp-sof-mach.c                   |    2 +-
 sound/soc/amd/yc/acp6x-mach.c                      |   21 +
 sound/soc/codecs/ab8500-codec.c                    |  304 +-
 sound/soc/codecs/aw88395/aw88395.c                 |    9 +-
 sound/soc/codecs/cs35l56-shared.c                  |   18 +-
 sound/soc/codecs/cs35l56.c                         |   11 +-
 sound/soc/codecs/es8311.c                          |   22 +-
 sound/soc/codecs/es8389.c                          |    2 +-
 sound/soc/codecs/rt1320-sdw.c                      |    1 +
 sound/soc/codecs/tas2764.c                         |   36 +-
 sound/soc/codecs/tas2770.c                         |   27 +-
 sound/soc/codecs/tas2781-fmwlib.c                  |    7 +-
 sound/soc/codecs/tas2781-i2c.c                     |   15 +-
 sound/soc/codecs/wcd937x.c                         |   26 +-
 sound/soc/codecs/wm_adsp_fw_find_test.c            |   57 +-
 sound/soc/fsl/fsl_xcvr.c                           |   17 +-
 sound/soc/intel/boards/bytcr_wm5102.c              |    1 +
 sound/soc/qcom/x1e80100.c                          |   19 +
 sound/soc/sdca/sdca_functions.c                    |    7 +-
 sound/soc/sdw_utils/soc_sdw_bridge_cs35l56.c       |    6 -
 sound/soc/sdw_utils/soc_sdw_cs42l43.c              |   12 +-
 sound/soc/sdw_utils/soc_sdw_utils.c                |   21 +-
 sound/soc/sof/intel/hda.c                          |    3 +-
 sound/soc/sof/intel/nvl.c                          |    2 +
 sound/soc/spacemit/k1_i2s.c                        |   56 +-
 sound/soc/tegra/Makefile                           |    1 -
 sound/sparc/dbri.c                                 |    1 +
 sound/usb/6fire/chip.c                             |  113 +-
 sound/usb/6fire/control.c                          |   10 +-
 sound/usb/caiaq/control.c                          |   52 +-
 sound/usb/caiaq/device.c                           |   35 +-
 sound/usb/caiaq/input.c                            |    2 +-
 sound/usb/clock.c                                  |   15 +-
 sound/usb/format.c                                 |    2 +-
 sound/usb/line6/podhd.c                            |   14 +
 sound/usb/midi.c                                   |   12 +-
 sound/usb/midi2.c                                  |   21 +-
 sound/usb/misc/ua101.c                             |    7 +
 sound/usb/mixer.c                                  |   44 +-
 sound/usb/mixer_quirks.c                           |   12 +-
 sound/usb/mixer_scarlett2.c                        |    2 +
 sound/usb/qcom/qc_audio_offload.c                  |   31 +-
 sound/usb/quirks-table.h                           |    4 +-
 sound/usb/quirks.c                                 |   13 +-
 sound/usb/stream.c                                 |   62 +-
 sound/usb/stream.h                                 |    3 +-
 sound/virtio/virtio_pcm.h                          |    1 -
 tools/arch/x86/include/asm/msr-index.h             |    3 +-
 tools/include/uapi/linux/stddef.h                  |   26 +-
 tools/net/ynl/Makefile.deps                        |    4 +-
 tools/net/ynl/pyynl/ynl_gen_c.py                   |   31 +-
 tools/power/x86/turbostat/turbostat.c              |  231 +-
 .../x86_energy_perf_policy.8                       |   26 +
 .../x86_energy_perf_policy.c                       |  399 +-
 tools/sched_ext/scx_qmap.bpf.c                     |   24 +-
 tools/testing/radix-tree/maple.c                   |    2 +-
 tools/testing/selftests/arm64/gcs/gcs-util.h       |    6 -
 tools/testing/selftests/arm64/gcs/libc-gcs.c       |    1 +
 .../testing/selftests/bpf/prog_tests/bpf_tcp_ca.c  |    4 +
 .../testing/selftests/bpf/prog_tests/sockopt_sk.c  |   17 +-
 .../selftests/bpf/prog_tests/tcp_hdr_options.c     |    4 +
 tools/testing/selftests/bpf/progs/bpf_cubic.c      |   14 +
 tools/testing/selftests/bpf/progs/bpf_misc.h       |    4 +-
 tools/testing/selftests/bpf/progs/sockopt_sk.c     |   16 +
 .../bpf/progs/test_misc_tcp_hdr_options.c          |   15 +-
 .../selftests/bpf/progs/verifier_precision.c       |    4 +-
 tools/testing/selftests/cgroup/lib/cgroup_util.c   |    5 +-
 .../selftests/cgroup/test_cpuset_v1_base.sh        |    2 +-
 tools/testing/selftests/cgroup/test_kmem.c         |   12 +-
 tools/testing/selftests/drivers/net/README.rst     |   10 +-
 tools/testing/selftests/drivers/net/hw/Makefile    |    1 +
 tools/testing/selftests/drivers/net/hw/config      |    5 +
 .../selftests/drivers/net/hw/ipsec_vxlan.py        |  204 +
 tools/testing/selftests/drivers/net/lib/py/load.py |    5 +-
 tools/testing/selftests/drivers/net/shaper.py      |   24 +-
 tools/testing/selftests/kselftest.h                |    2 +-
 tools/testing/selftests/kselftest_harness.h        |   12 +-
 .../selftests/kvm/access_tracking_perf_test.c      |   44 +-
 tools/testing/selftests/kvm/arch_timer.c           |    6 +-
 .../testing/selftests/kvm/arm64/aarch32_id_regs.c  |   14 +-
 tools/testing/selftests/kvm/arm64/arch_timer.c     |    8 +-
 .../selftests/kvm/arm64/arch_timer_edge_cases.c    |  161 +-
 .../testing/selftests/kvm/arm64/debug-exceptions.c |   72 +-
 tools/testing/selftests/kvm/arm64/hypercalls.c     |   24 +-
 tools/testing/selftests/kvm/arm64/idreg-idst.c     |    4 +-
 tools/testing/selftests/kvm/arm64/no-vgic.c        |    8 +-
 .../testing/selftests/kvm/arm64/page_fault_test.c  |   82 +-
 tools/testing/selftests/kvm/arm64/psci_test.c      |   26 +-
 tools/testing/selftests/kvm/arm64/sea_to_user.c    |   41 +-
 tools/testing/selftests/kvm/arm64/set_id_regs.c    |   70 +-
 tools/testing/selftests/kvm/arm64/smccc_filter.c   |   10 +-
 tools/testing/selftests/kvm/arm64/vgic_init.c      |   56 +-
 tools/testing/selftests/kvm/arm64/vgic_irq.c       |  137 +-
 .../testing/selftests/kvm/arm64/vgic_lpi_stress.c  |   20 +-
 tools/testing/selftests/kvm/arm64/vgic_v5.c        |   10 +-
 .../selftests/kvm/arm64/vpmu_counter_access.c      |   56 +-
 tools/testing/selftests/kvm/coalesced_io_test.c    |   38 +-
 tools/testing/selftests/kvm/demand_paging_test.c   |   10 +-
 tools/testing/selftests/kvm/dirty_log_perf_test.c  |   14 +-
 tools/testing/selftests/kvm/dirty_log_test.c       |   82 +-
 tools/testing/selftests/kvm/get-reg-list.c         |    2 +-
 tools/testing/selftests/kvm/guest_memfd_test.c     |   27 +-
 tools/testing/selftests/kvm/guest_print_test.c     |   22 +-
 .../testing/selftests/kvm/hardware_disable_test.c  |    6 +-
 .../selftests/kvm/include/arm64/arch_timer.h       |   30 +-
 tools/testing/selftests/kvm/include/arm64/delay.h  |    4 +-
 tools/testing/selftests/kvm/include/arm64/gic.h    |    8 +-
 .../selftests/kvm/include/arm64/gic_v3_its.h       |    7 +-
 .../selftests/kvm/include/arm64/processor.h        |   22 +-
 tools/testing/selftests/kvm/include/arm64/ucall.h  |    4 +-
 tools/testing/selftests/kvm/include/arm64/vgic.h   |   22 +-
 tools/testing/selftests/kvm/include/kvm_util.h     |  344 +-
 .../testing/selftests/kvm/include/kvm_util_types.h |    8 +-
 .../selftests/kvm/include/loongarch/arch_timer.h   |    4 +-
 .../selftests/kvm/include/loongarch/ucall.h        |    4 +-
 tools/testing/selftests/kvm/include/memstress.h    |   30 +-
 .../selftests/kvm/include/riscv/arch_timer.h       |   22 +-
 .../selftests/kvm/include/riscv/processor.h        |    9 +-
 tools/testing/selftests/kvm/include/riscv/ucall.h  |    4 +-
 .../kvm/include/s390/diag318_test_handler.h        |    2 +-
 .../testing/selftests/kvm/include/s390/facility.h  |    4 +-
 tools/testing/selftests/kvm/include/s390/ucall.h   |    4 +-
 tools/testing/selftests/kvm/include/sparsebit.h    |    6 +-
 tools/testing/selftests/kvm/include/test_util.h    |   40 +-
 tools/testing/selftests/kvm/include/timer_test.h   |   18 +-
 tools/testing/selftests/kvm/include/ucall_common.h |   22 +-
 .../selftests/kvm/include/userfaultfd_util.h       |    6 +-
 tools/testing/selftests/kvm/include/x86/apic.h     |   22 +-
 tools/testing/selftests/kvm/include/x86/evmcs.h    |   22 +-
 tools/testing/selftests/kvm/include/x86/hyperv.h   |   28 +-
 .../selftests/kvm/include/x86/kvm_util_arch.h      |   36 +-
 tools/testing/selftests/kvm/include/x86/pmu.h      |    9 +-
 .../testing/selftests/kvm/include/x86/processor.h  |  292 +-
 tools/testing/selftests/kvm/include/x86/sev.h      |   20 +-
 tools/testing/selftests/kvm/include/x86/smm.h      |    3 +-
 tools/testing/selftests/kvm/include/x86/svm_util.h |   12 +-
 tools/testing/selftests/kvm/include/x86/ucall.h    |    2 +-
 tools/testing/selftests/kvm/include/x86/vmx.h      |   70 +-
 tools/testing/selftests/kvm/kvm_page_table_test.c  |   54 +-
 tools/testing/selftests/kvm/lib/arm64/gic.c        |    6 +-
 .../testing/selftests/kvm/lib/arm64/gic_private.h  |   26 +-
 tools/testing/selftests/kvm/lib/arm64/gic_v3.c     |   90 +-
 tools/testing/selftests/kvm/lib/arm64/gic_v3_its.c |   11 +-
 tools/testing/selftests/kvm/lib/arm64/processor.c  |  163 +-
 tools/testing/selftests/kvm/lib/arm64/ucall.c      |   12 +-
 tools/testing/selftests/kvm/lib/arm64/vgic.c       |   40 +-
 tools/testing/selftests/kvm/lib/elf.c              |   17 +-
 tools/testing/selftests/kvm/lib/guest_modes.c      |    2 +-
 tools/testing/selftests/kvm/lib/guest_sprintf.c    |   18 +-
 tools/testing/selftests/kvm/lib/kvm_util.c         |  377 +-
 .../selftests/kvm/lib/loongarch/processor.c        |  110 +-
 tools/testing/selftests/kvm/lib/loongarch/ucall.c  |   12 +-
 tools/testing/selftests/kvm/lib/memstress.c        |   38 +-
 tools/testing/selftests/kvm/lib/riscv/processor.c  |   91 +-
 .../selftests/kvm/lib/s390/diag318_test_handler.c  |   12 +-
 tools/testing/selftests/kvm/lib/s390/facility.c    |    2 +-
 tools/testing/selftests/kvm/lib/s390/processor.c   |   65 +-
 tools/testing/selftests/kvm/lib/sparsebit.c        |   18 +-
 tools/testing/selftests/kvm/lib/test_util.c        |   30 +-
 tools/testing/selftests/kvm/lib/ucall_common.c     |   34 +-
 tools/testing/selftests/kvm/lib/userfaultfd_util.c |   14 +-
 tools/testing/selftests/kvm/lib/x86/apic.c         |    2 +-
 tools/testing/selftests/kvm/lib/x86/hyperv.c       |   14 +-
 tools/testing/selftests/kvm/lib/x86/memstress.c    |   14 +-
 tools/testing/selftests/kvm/lib/x86/pmu.c          |    8 +-
 tools/testing/selftests/kvm/lib/x86/processor.c    |  292 +-
 tools/testing/selftests/kvm/lib/x86/sev.c          |   20 +-
 tools/testing/selftests/kvm/lib/x86/svm.c          |   16 +-
 tools/testing/selftests/kvm/lib/x86/ucall.c        |    4 +-
 tools/testing/selftests/kvm/lib/x86/vmx.c          |   44 +-
 tools/testing/selftests/kvm/loongarch/arch_timer.c |   28 +-
 tools/testing/selftests/kvm/loongarch/pmu_test.c   |   10 +-
 .../kvm/memslot_modification_stress_test.c         |   10 +-
 tools/testing/selftests/kvm/memslot_perf_test.c    |  164 +-
 tools/testing/selftests/kvm/mmu_stress_test.c      |   28 +-
 .../testing/selftests/kvm/pre_fault_memory_test.c  |   12 +-
 tools/testing/selftests/kvm/riscv/arch_timer.c     |    8 +-
 tools/testing/selftests/kvm/riscv/ebreak_test.c    |    6 +-
 tools/testing/selftests/kvm/riscv/get-reg-list.c   |    4 +-
 tools/testing/selftests/kvm/riscv/sbi_pmu_test.c   |    8 +-
 tools/testing/selftests/kvm/s390/debug_test.c      |    8 +-
 tools/testing/selftests/kvm/s390/irq_routing.c     |    2 +-
 tools/testing/selftests/kvm/s390/memop.c           |   94 +-
 tools/testing/selftests/kvm/s390/resets.c          |    6 +-
 .../selftests/kvm/s390/shared_zeropage_test.c      |    2 +-
 tools/testing/selftests/kvm/s390/tprot.c           |   24 +-
 tools/testing/selftests/kvm/s390/ucontrol_test.c   |    8 +-
 .../testing/selftests/kvm/set_memory_region_test.c |   40 +-
 tools/testing/selftests/kvm/steal_time.c           |   81 +-
 .../selftests/kvm/system_counter_offset_test.c     |   12 +-
 tools/testing/selftests/kvm/x86/amx_test.c         |   14 +-
 tools/testing/selftests/kvm/x86/aperfmperf_test.c  |   16 +-
 .../selftests/kvm/x86/apic_bus_clock_test.c        |   24 +-
 tools/testing/selftests/kvm/x86/cpuid_test.c       |    6 +-
 tools/testing/selftests/kvm/x86/debug_regs.c       |    4 +-
 .../kvm/x86/dirty_log_page_splitting_test.c        |   16 +-
 .../selftests/kvm/x86/evmcs_smm_controls_test.c    |    6 +-
 tools/testing/selftests/kvm/x86/fastops_test.c     |   52 +-
 .../testing/selftests/kvm/x86/feature_msrs_test.c  |   12 +-
 .../testing/selftests/kvm/x86/fix_hypercall_test.c |   20 +-
 tools/testing/selftests/kvm/x86/flds_emulation.h   |    6 +-
 tools/testing/selftests/kvm/x86/hwcr_msr_test.c    |   10 +-
 tools/testing/selftests/kvm/x86/hyperv_clock.c     |    6 +-
 tools/testing/selftests/kvm/x86/hyperv_evmcs.c     |   10 +-
 .../selftests/kvm/x86/hyperv_extended_hypercalls.c |   20 +-
 tools/testing/selftests/kvm/x86/hyperv_features.c  |   26 +-
 tools/testing/selftests/kvm/x86/hyperv_ipi.c       |   12 +-
 tools/testing/selftests/kvm/x86/hyperv_svm_test.c  |   10 +-
 tools/testing/selftests/kvm/x86/hyperv_tlb_flush.c |   36 +-
 tools/testing/selftests/kvm/x86/kvm_buslock_test.c |    2 +-
 tools/testing/selftests/kvm/x86/kvm_clock_test.c   |   14 +-
 tools/testing/selftests/kvm/x86/kvm_pv_test.c      |   10 +-
 .../testing/selftests/kvm/x86/monitor_mwait_test.c |    2 +-
 .../selftests/kvm/x86/nested_close_kvm_test.c      |    2 +-
 .../selftests/kvm/x86/nested_dirty_log_test.c      |   10 +-
 .../selftests/kvm/x86/nested_emulation_test.c      |   20 +-
 .../selftests/kvm/x86/nested_exceptions_test.c     |    6 +-
 .../selftests/kvm/x86/nested_invalid_cr3_test.c    |    2 +-
 .../selftests/kvm/x86/nested_set_state_test.c      |    4 +-
 .../selftests/kvm/x86/nested_tsc_adjust_test.c     |   12 +-
 .../selftests/kvm/x86/nested_tsc_scaling_test.c    |   24 +-
 .../selftests/kvm/x86/nested_vmsave_vmload_test.c  |    2 +-
 .../testing/selftests/kvm/x86/nx_huge_pages_test.c |   18 +-
 .../testing/selftests/kvm/x86/platform_info_test.c |    6 +-
 .../testing/selftests/kvm/x86/pmu_counters_test.c  |  109 +-
 .../selftests/kvm/x86/pmu_event_filter_test.c      |  102 +-
 .../kvm/x86/private_mem_conversions_test.c         |   78 +-
 .../selftests/kvm/x86/private_mem_kvm_exits_test.c |   14 +-
 tools/testing/selftests/kvm/x86/set_boot_cpu_id.c  |    6 +-
 tools/testing/selftests/kvm/x86/set_sregs_test.c   |    6 +-
 tools/testing/selftests/kvm/x86/sev_init2_tests.c  |    6 +-
 tools/testing/selftests/kvm/x86/sev_smoke_test.c   |   22 +-
 .../kvm/x86/smaller_maxphyaddr_emulation_test.c    |    8 +-
 tools/testing/selftests/kvm/x86/smm_test.c         |    8 +-
 tools/testing/selftests/kvm/x86/state_test.c       |   14 +-
 tools/testing/selftests/kvm/x86/svm_int_ctl_test.c |    2 +-
 .../selftests/kvm/x86/svm_lbr_nested_state.c       |    2 +-
 .../selftests/kvm/x86/svm_nested_clear_efer_svme.c |    2 +-
 .../selftests/kvm/x86/svm_nested_shutdown_test.c   |    2 +-
 .../kvm/x86/svm_nested_soft_inject_test.c          |   10 +-
 .../selftests/kvm/x86/svm_nested_vmcb12_gpa.c      |   14 +-
 tools/testing/selftests/kvm/x86/svm_vmcall_test.c  |    2 +-
 tools/testing/selftests/kvm/x86/sync_regs_test.c   |    2 +-
 .../selftests/kvm/x86/triple_fault_event_test.c    |    4 +-
 tools/testing/selftests/kvm/x86/tsc_msrs_test.c    |    2 +-
 tools/testing/selftests/kvm/x86/tsc_scaling_sync.c |    4 +-
 .../selftests/kvm/x86/ucna_injection_test.c        |   45 +-
 .../testing/selftests/kvm/x86/userspace_io_test.c  |    4 +-
 .../selftests/kvm/x86/userspace_msr_exit_test.c    |   58 +-
 .../selftests/kvm/x86/vmx_apic_access_test.c       |    4 +-
 .../selftests/kvm/x86/vmx_apicv_updates_test.c     |    4 +-
 .../kvm/x86/vmx_invalid_nested_guest_state.c       |    2 +-
 tools/testing/selftests/kvm/x86/vmx_msrs_test.c    |   22 +-
 .../selftests/kvm/x86/vmx_nested_la57_state_test.c |    4 +-
 .../testing/selftests/kvm/x86/vmx_pmu_caps_test.c  |   12 +-
 .../selftests/kvm/x86/vmx_preemption_timer_test.c  |    2 +-
 tools/testing/selftests/kvm/x86/xapic_ipi_test.c   |   64 +-
 tools/testing/selftests/kvm/x86/xapic_state_test.c |   20 +-
 tools/testing/selftests/kvm/x86/xapic_tpr_test.c   |   24 +-
 tools/testing/selftests/kvm/x86/xcr0_cpuid_test.c  |    8 +-
 tools/testing/selftests/kvm/x86/xen_shinfo_test.c  |   22 +-
 tools/testing/selftests/kvm/x86/xss_msr_test.c     |    2 +-
 tools/testing/selftests/mm/config                  |    1 +
 tools/testing/selftests/net/Makefile               |    1 +
 tools/testing/selftests/net/mptcp/mptcp_lib.sh     |   16 +-
 tools/testing/selftests/net/mptcp/pm_netlink.sh    |   20 +-
 .../selftests/net/openvswitch/openvswitch.sh       |   37 +
 .../testing/selftests/net/openvswitch/ovs-dpctl.py |   19 +-
 tools/testing/selftests/net/ovpn/test.sh           |    4 +-
 tools/testing/selftests/net/tcp_ecmp_failover.sh   |  216 +
 tools/testing/selftests/net/tls.c                  |   43 +
 tools/testing/selftests/riscv/cfi/Makefile         |    2 +
 tools/testing/selftests/rseq/Makefile              |   21 +-
 tools/testing/selftests/rseq/check_optimized.c     |   17 +
 tools/testing/selftests/rseq/legacy_check.c        |   65 +
 tools/testing/selftests/rseq/param_test.c          |   25 +-
 tools/testing/selftests/rseq/rseq-abi.h            |    7 +-
 tools/testing/selftests/rseq/rseq.c                |   39 +-
 tools/testing/selftests/rseq/rseq.h                |    8 +-
 tools/testing/selftests/rseq/run_legacy_check.sh   |    4 +
 tools/testing/selftests/rseq/run_param_test.sh     |   39 +
 tools/testing/selftests/rseq/run_timeslice_test.sh |   14 +
 tools/testing/selftests/rseq/slice_test.c          |   12 +-
 tools/testing/selftests/sched_ext/Makefile         |    1 +
 tools/testing/selftests/sched_ext/dequeue.c        |    1 +
 .../selftests/sched_ext/non_scx_kfunc_deny.bpf.c   |   44 +
 .../selftests/sched_ext/non_scx_kfunc_deny.c       |   47 +
 .../tc-testing/tc-tests/infra/qdiscs.json          |  189 +
 .../tc-testing/tc-tests/qdiscs/taprio.json         |   26 +
 tools/testing/selftests/ublk/Makefile              |    1 +
 tools/testing/selftests/ublk/kublk.c               |   11 +
 tools/testing/selftests/ublk/test_batch_01.sh      |    4 +-
 tools/testing/selftests/ublk/test_batch_02.sh      |    2 +-
 tools/testing/selftests/ublk/test_batch_03.sh      |    2 +-
 tools/testing/selftests/ublk/test_generic_02.sh    |    4 +-
 tools/testing/selftests/ublk/test_generic_03.sh    |    2 +-
 tools/testing/selftests/ublk/test_generic_06.sh    |    2 +-
 tools/testing/selftests/ublk/test_generic_07.sh    |    2 +-
 tools/testing/selftests/ublk/test_generic_08.sh    |    4 +-
 tools/testing/selftests/ublk/test_generic_09.sh    |    2 +-
 tools/testing/selftests/ublk/test_generic_10.sh    |    2 +-
 tools/testing/selftests/ublk/test_generic_12.sh    |    4 +-
 tools/testing/selftests/ublk/test_generic_13.sh    |    2 +-
 tools/testing/selftests/ublk/test_generic_16.sh    |    4 +-
 tools/testing/selftests/ublk/test_generic_17.sh    |    2 +-
 tools/testing/selftests/ublk/test_integrity_02.sh  |    5 +-
 tools/testing/selftests/ublk/test_integrity_03.sh  |  103 +
 tools/testing/selftests/ublk/test_loop_01.sh       |    2 +-
 tools/testing/selftests/ublk/test_loop_02.sh       |    2 +-
 tools/testing/selftests/ublk/test_loop_03.sh       |    2 +-
 tools/testing/selftests/ublk/test_loop_04.sh       |    2 +-
 tools/testing/selftests/ublk/test_loop_05.sh       |    2 +-
 tools/testing/selftests/ublk/test_loop_06.sh       |    2 +-
 tools/testing/selftests/ublk/test_loop_07.sh       |    2 +-
 tools/testing/selftests/ublk/test_null_01.sh       |    2 +-
 tools/testing/selftests/ublk/test_null_02.sh       |    2 +-
 tools/testing/selftests/ublk/test_null_03.sh       |    2 +-
 tools/testing/selftests/ublk/test_part_01.sh       |    4 +-
 tools/testing/selftests/ublk/test_part_02.sh       |    2 +-
 tools/testing/selftests/ublk/test_recover_01.sh    |    2 +-
 tools/testing/selftests/ublk/test_recover_02.sh    |    2 +-
 tools/testing/selftests/ublk/test_recover_03.sh    |    2 +-
 tools/testing/selftests/ublk/test_recover_04.sh    |    2 +-
 tools/testing/selftests/ublk/test_shmemzc_01.sh    |    2 +-
 tools/testing/selftests/ublk/test_shmemzc_02.sh    |    2 +-
 tools/testing/selftests/ublk/test_shmemzc_03.sh    |    2 +-
 tools/testing/selftests/ublk/test_shmemzc_04.sh    |    2 +-
 tools/testing/selftests/ublk/test_stress_01.sh     |    2 +-
 tools/testing/selftests/ublk/test_stress_02.sh     |    2 +-
 tools/testing/selftests/ublk/test_stress_03.sh     |    2 +-
 tools/testing/selftests/ublk/test_stress_04.sh     |    2 +-
 tools/testing/selftests/ublk/test_stress_05.sh     |    2 +-
 tools/testing/selftests/ublk/test_stress_06.sh     |    2 +-
 tools/testing/selftests/ublk/test_stress_07.sh     |    2 +-
 tools/testing/selftests/ublk/test_stress_08.sh     |    2 +-
 tools/testing/selftests/ublk/test_stress_09.sh     |    2 +-
 tools/testing/selftests/ublk/test_stripe_01.sh     |    2 +-
 tools/testing/selftests/ublk/test_stripe_02.sh     |    2 +-
 tools/testing/selftests/ublk/test_stripe_03.sh     |    2 +-
 tools/testing/selftests/ublk/test_stripe_04.sh     |    2 +-
 tools/testing/selftests/ublk/test_stripe_05.sh     |    2 +-
 tools/testing/selftests/ublk/test_stripe_06.sh     |    2 +-
 tools/testing/vma/include/dup.h                    |    2 +-
 tools/testing/vma/include/stubs.h                  |    3 +-
 virt/kvm/dirty_ring.c                              |    3 +-
 2420 files changed, 39202 insertions(+), 156141 deletions(-)
 rename Documentation/ABI/{obsolete => removed}/sysfs-selinux-user (100%)
 create mode 100644 Documentation/devicetree/bindings/iio/adc/qcom,spmi-adc5-gen3.yaml
 create mode 100644 Documentation/devicetree/bindings/iio/adc/qcom,spmi-vadc-common.yaml
 create mode 100644 Documentation/devicetree/bindings/iio/amplifiers/adi,ad8366.yaml
 delete mode 100644 Documentation/devicetree/bindings/rtc/isil,isl12026.txt
 create mode 100644 Documentation/devicetree/bindings/rtc/isil,isl12026.yaml
 delete mode 100644 Documentation/devicetree/bindings/rtc/olpc-xo1-rtc.txt
 delete mode 100644 Documentation/isdn/credits.rst
 delete mode 100644 Documentation/isdn/index.rst
 delete mode 100644 Documentation/isdn/interface_capi.rst
 delete mode 100644 Documentation/isdn/m_isdn.rst
 delete mode 100644 Documentation/networking/6pack.rst
 delete mode 100644 Documentation/networking/ax25.rst
 delete mode 100644 Documentation/networking/caif/caif.rst
 delete mode 100644 Documentation/networking/caif/index.rst
 delete mode 100644 Documentation/networking/caif/linux_caif.rst
 delete mode 100644 Documentation/networking/device_drivers/atm/fore200e.rst
 delete mode 100644 Documentation/networking/device_drivers/atm/iphase.rst
 delete mode 100644 Documentation/networking/device_drivers/ethernet/3com/3c509.rst
 delete mode 100644 Documentation/networking/device_drivers/ethernet/smsc/smc9.rst
 delete mode 100644 Documentation/networking/device_drivers/hamradio/baycom.rst
 delete mode 100644 Documentation/networking/device_drivers/hamradio/index.rst
 delete mode 100644 Documentation/networking/device_drivers/hamradio/z8530drv.rst
 create mode 100644 Documentation/process/threat-model.rst
 create mode 100644 arch/loongarch/include/asm/highmem.h
 create mode 100644 arch/loongarch/mm/highmem.c
 delete mode 100644 arch/riscv/include/asm/xip_fixup.h
 create mode 100644 arch/riscv/kernel/vdso_cfi/.gitignore
 create mode 100644 arch/riscv/lib/strchr.S
 create mode 100644 arch/riscv/lib/strnlen.S
 create mode 100644 arch/riscv/lib/strrchr.S
 delete mode 100644 drivers/atm/.gitignore
 delete mode 100644 drivers/atm/adummy.c
 delete mode 100644 drivers/atm/atmtcp.c
 delete mode 100644 drivers/atm/eni.c
 delete mode 100644 drivers/atm/eni.h
 delete mode 100644 drivers/atm/fore200e.c
 delete mode 100644 drivers/atm/fore200e.h
 delete mode 100644 drivers/atm/he.c
 delete mode 100644 drivers/atm/he.h
 delete mode 100644 drivers/atm/idt77105.c
 delete mode 100644 drivers/atm/idt77105.h
 delete mode 100644 drivers/atm/idt77252.c
 delete mode 100644 drivers/atm/idt77252.h
 delete mode 100644 drivers/atm/idt77252_tables.h
 delete mode 100644 drivers/atm/iphase.c
 delete mode 100644 drivers/atm/iphase.h
 delete mode 100644 drivers/atm/lanai.c
 delete mode 100644 drivers/atm/midway.h
 delete mode 100644 drivers/atm/nicstar.c
 delete mode 100644 drivers/atm/nicstar.h
 delete mode 100644 drivers/atm/nicstarmac.c
 delete mode 100644 drivers/atm/nicstarmac.copyright
 delete mode 100644 drivers/atm/suni.c
 delete mode 100644 drivers/atm/suni.h
 delete mode 100644 drivers/atm/tonga.h
 delete mode 100644 drivers/atm/zeprom.h
 delete mode 100644 drivers/firmware/efi/libstub/relocate.c
 create mode 100644 drivers/gpu/drm/amd/display/dc/dml2_0/dml21/src/dml2_pmo/dml2_pmo_dcn42.c
 create mode 100644 drivers/gpu/drm/amd/display/dc/dml2_0/dml21/src/dml2_pmo/dml2_pmo_dcn42.h
 create mode 100644 drivers/gpu/drm/xe/xe_mem_pool.c
 create mode 100644 drivers/gpu/drm/xe/xe_mem_pool.h
 create mode 100644 drivers/gpu/drm/xe/xe_mem_pool_types.h
 create mode 100644 drivers/iio/adc/qcom-spmi-adc5-gen3.c
 create mode 100644 drivers/iio/proximity/vl53l1x-i2c.c
 create mode 100644 drivers/interconnect/qcom/eliza.c
 delete mode 100644 drivers/isdn/Kconfig
 delete mode 100644 drivers/isdn/Makefile
 delete mode 100644 drivers/isdn/capi/Kconfig
 delete mode 100644 drivers/isdn/capi/Makefile
 delete mode 100644 drivers/isdn/capi/capi.c
 delete mode 100644 drivers/isdn/capi/capiutil.c
 delete mode 100644 drivers/isdn/capi/kcapi.c
 delete mode 100644 drivers/isdn/capi/kcapi.h
 delete mode 100644 drivers/isdn/capi/kcapi_proc.c
 delete mode 100644 drivers/isdn/hardware/Makefile
 delete mode 100644 drivers/isdn/hardware/mISDN/Kconfig
 delete mode 100644 drivers/isdn/hardware/mISDN/Makefile
 delete mode 100644 drivers/isdn/hardware/mISDN/avmfritz.c
 delete mode 100644 drivers/isdn/hardware/mISDN/hfc_multi.h
 delete mode 100644 drivers/isdn/hardware/mISDN/hfc_multi_8xx.h
 delete mode 100644 drivers/isdn/hardware/mISDN/hfc_pci.h
 delete mode 100644 drivers/isdn/hardware/mISDN/hfcmulti.c
 delete mode 100644 drivers/isdn/hardware/mISDN/hfcpci.c
 delete mode 100644 drivers/isdn/hardware/mISDN/hfcsusb.c
 delete mode 100644 drivers/isdn/hardware/mISDN/hfcsusb.h
 delete mode 100644 drivers/isdn/hardware/mISDN/iohelper.h
 delete mode 100644 drivers/isdn/hardware/mISDN/ipac.h
 delete mode 100644 drivers/isdn/hardware/mISDN/isar.h
 delete mode 100644 drivers/isdn/hardware/mISDN/isdnhdlc.c
 delete mode 100644 drivers/isdn/hardware/mISDN/isdnhdlc.h
 delete mode 100644 drivers/isdn/hardware/mISDN/mISDNinfineon.c
 delete mode 100644 drivers/isdn/hardware/mISDN/mISDNipac.c
 delete mode 100644 drivers/isdn/hardware/mISDN/mISDNisar.c
 delete mode 100644 drivers/isdn/hardware/mISDN/netjet.c
 delete mode 100644 drivers/isdn/hardware/mISDN/netjet.h
 delete mode 100644 drivers/isdn/hardware/mISDN/speedfax.c
 delete mode 100644 drivers/isdn/hardware/mISDN/w6692.c
 delete mode 100644 drivers/isdn/hardware/mISDN/w6692.h
 delete mode 100644 drivers/isdn/mISDN/Kconfig
 delete mode 100644 drivers/isdn/mISDN/Makefile
 delete mode 100644 drivers/isdn/mISDN/clock.c
 delete mode 100644 drivers/isdn/mISDN/core.c
 delete mode 100644 drivers/isdn/mISDN/core.h
 delete mode 100644 drivers/isdn/mISDN/dsp.h
 delete mode 100644 drivers/isdn/mISDN/dsp_audio.c
 delete mode 100644 drivers/isdn/mISDN/dsp_biquad.h
 delete mode 100644 drivers/isdn/mISDN/dsp_blowfish.c
 delete mode 100644 drivers/isdn/mISDN/dsp_cmx.c
 delete mode 100644 drivers/isdn/mISDN/dsp_core.c
 delete mode 100644 drivers/isdn/mISDN/dsp_dtmf.c
 delete mode 100644 drivers/isdn/mISDN/dsp_ecdis.h
 delete mode 100644 drivers/isdn/mISDN/dsp_hwec.c
 delete mode 100644 drivers/isdn/mISDN/dsp_hwec.h
 delete mode 100644 drivers/isdn/mISDN/dsp_pipeline.c
 delete mode 100644 drivers/isdn/mISDN/dsp_tones.c
 delete mode 100644 drivers/isdn/mISDN/fsm.c
 delete mode 100644 drivers/isdn/mISDN/fsm.h
 delete mode 100644 drivers/isdn/mISDN/hwchannel.c
 delete mode 100644 drivers/isdn/mISDN/l1oip.h
 delete mode 100644 drivers/isdn/mISDN/l1oip_codec.c
 delete mode 100644 drivers/isdn/mISDN/l1oip_core.c
 delete mode 100644 drivers/isdn/mISDN/layer1.c
 delete mode 100644 drivers/isdn/mISDN/layer1.h
 delete mode 100644 drivers/isdn/mISDN/layer2.c
 delete mode 100644 drivers/isdn/mISDN/layer2.h
 delete mode 100644 drivers/isdn/mISDN/socket.c
 delete mode 100644 drivers/isdn/mISDN/stack.c
 delete mode 100644 drivers/isdn/mISDN/tei.c
 delete mode 100644 drivers/isdn/mISDN/timerdev.c
 delete mode 100644 drivers/mailbox/mailbox.h
 create mode 100644 drivers/misc/mei/pci-csc.c
 delete mode 100644 drivers/net/caif/Kconfig
 delete mode 100644 drivers/net/caif/Makefile
 delete mode 100644 drivers/net/caif/caif_serial.c
 delete mode 100644 drivers/net/caif/caif_virtio.c
 delete mode 100644 drivers/net/ethernet/3com/3c509.c
 delete mode 100644 drivers/net/ethernet/3com/3c515.c
 delete mode 100644 drivers/net/ethernet/3com/3c574_cs.c
 delete mode 100644 drivers/net/ethernet/3com/3c589_cs.c
 delete mode 100644 drivers/net/ethernet/8390/axnet_cs.c
 delete mode 100644 drivers/net/ethernet/8390/smc-ultra.c
 delete mode 100644 drivers/net/ethernet/8390/wd.c
 delete mode 100644 drivers/net/ethernet/amd/lance.c
 delete mode 100644 drivers/net/ethernet/amd/nmclan_cs.c
 delete mode 100644 drivers/net/ethernet/fujitsu/Kconfig
 delete mode 100644 drivers/net/ethernet/fujitsu/Makefile
 delete mode 100644 drivers/net/ethernet/fujitsu/fmvj18x_cs.c
 delete mode 100644 drivers/net/ethernet/packetengines/Kconfig
 delete mode 100644 drivers/net/ethernet/packetengines/Makefile
 delete mode 100644 drivers/net/ethernet/packetengines/hamachi.c
 delete mode 100644 drivers/net/ethernet/packetengines/yellowfin.c
 delete mode 100644 drivers/net/ethernet/smsc/smc9194.c
 delete mode 100644 drivers/net/ethernet/smsc/smc91c92_cs.c
 delete mode 100644 drivers/net/hamradio/6pack.c
 delete mode 100644 drivers/net/hamradio/Kconfig
 delete mode 100644 drivers/net/hamradio/Makefile
 delete mode 100644 drivers/net/hamradio/baycom_epp.c
 delete mode 100644 drivers/net/hamradio/baycom_par.c
 delete mode 100644 drivers/net/hamradio/baycom_ser_fdx.c
 delete mode 100644 drivers/net/hamradio/baycom_ser_hdx.c
 delete mode 100644 drivers/net/hamradio/bpqether.c
 delete mode 100644 drivers/net/hamradio/hdlcdrv.c
 delete mode 100644 drivers/net/hamradio/mkiss.c
 delete mode 100644 drivers/net/hamradio/scc.c
 delete mode 100644 drivers/net/hamradio/yam.c
 delete mode 100644 drivers/net/hamradio/z8530.h
 delete mode 100644 drivers/platform/x86/lenovo/wmi-gamezone.h
 delete mode 100644 drivers/platform/x86/lenovo/wmi-other.h
 create mode 100644 fs/ceph/subvolume_metrics.c
 create mode 100644 fs/ceph/subvolume_metrics.h
 delete mode 100644 fs/smb/smbdirect/smbdirect.h
 delete mode 100644 include/linux/hdlcdrv.h
 create mode 100644 include/linux/iio/adc/qcom-adc5-gen3-common.h
 delete mode 100644 include/linux/isdn/capilli.h
 delete mode 100644 include/linux/isdn/capiutil.h
 delete mode 100644 include/linux/kernelcapi.h
 delete mode 100644 include/linux/mISDNdsp.h
 delete mode 100644 include/linux/mISDNhw.h
 delete mode 100644 include/linux/mISDNif.h
 delete mode 100644 include/linux/scc.h
 rename fs/smb/smbdirect/public.h => include/linux/smbdirect.h (76%)
 delete mode 100644 include/linux/virtio_caif.h
 delete mode 100644 include/linux/yam.h
 delete mode 100644 include/net/atmclip.h
 delete mode 100644 include/net/caif/caif_dev.h
 delete mode 100644 include/net/caif/caif_device.h
 delete mode 100644 include/net/caif/caif_layer.h
 delete mode 100644 include/net/caif/cfcnfg.h
 delete mode 100644 include/net/caif/cfctrl.h
 delete mode 100644 include/net/caif/cffrml.h
 delete mode 100644 include/net/caif/cfmuxl.h
 delete mode 100644 include/net/caif/cfpkt.h
 delete mode 100644 include/net/caif/cfserl.h
 delete mode 100644 include/net/caif/cfsrvl.h
 delete mode 100644 include/net/netrom.h
 delete mode 100644 include/uapi/linux/baycom.h
 delete mode 100644 include/uapi/linux/caif/caif_socket.h
 delete mode 100644 include/uapi/linux/caif/if_caif.h
 delete mode 100644 include/uapi/linux/capi.h
 delete mode 100644 include/uapi/linux/hdlcdrv.h
 delete mode 100644 include/uapi/linux/isdn/capicmd.h
 delete mode 100644 include/uapi/linux/kernelcapi.h
 delete mode 100644 include/uapi/linux/netrom.h
 delete mode 100644 include/uapi/linux/rose.h
 delete mode 100644 include/uapi/linux/scc.h
 delete mode 100644 net/atm/clip.c
 delete mode 100644 net/atm/lec.c
 delete mode 100644 net/atm/lec.h
 delete mode 100644 net/atm/lec_arpc.h
 delete mode 100644 net/atm/mpc.c
 delete mode 100644 net/atm/mpc.h
 delete mode 100644 net/atm/mpoa_caches.c
 delete mode 100644 net/atm/mpoa_caches.h
 delete mode 100644 net/atm/mpoa_proc.c
 delete mode 100644 net/ax25/Kconfig
 delete mode 100644 net/ax25/Makefile
 delete mode 100644 net/ax25/af_ax25.c
 delete mode 100644 net/ax25/ax25_addr.c
 delete mode 100644 net/ax25/ax25_dev.c
 delete mode 100644 net/ax25/ax25_ds_in.c
 delete mode 100644 net/ax25/ax25_ds_subr.c
 delete mode 100644 net/ax25/ax25_ds_timer.c
 delete mode 100644 net/ax25/ax25_iface.c
 delete mode 100644 net/ax25/ax25_in.c
 delete mode 100644 net/ax25/ax25_ip.c
 delete mode 100644 net/ax25/ax25_out.c
 delete mode 100644 net/ax25/ax25_route.c
 delete mode 100644 net/ax25/ax25_std_in.c
 delete mode 100644 net/ax25/ax25_std_subr.c
 delete mode 100644 net/ax25/ax25_std_timer.c
 delete mode 100644 net/ax25/ax25_subr.c
 delete mode 100644 net/ax25/ax25_timer.c
 delete mode 100644 net/ax25/ax25_uid.c
 delete mode 100644 net/ax25/sysctl_net_ax25.c
 delete mode 100644 net/bluetooth/cmtp/Kconfig
 delete mode 100644 net/bluetooth/cmtp/Makefile
 delete mode 100644 net/bluetooth/cmtp/capi.c
 delete mode 100644 net/bluetooth/cmtp/cmtp.h
 delete mode 100644 net/bluetooth/cmtp/core.c
 delete mode 100644 net/bluetooth/cmtp/sock.c
 delete mode 100644 net/caif/Kconfig
 delete mode 100644 net/caif/Makefile
 delete mode 100644 net/caif/caif_dev.c
 delete mode 100644 net/caif/caif_socket.c
 delete mode 100644 net/caif/caif_usb.c
 delete mode 100644 net/caif/cfcnfg.c
 delete mode 100644 net/caif/cfctrl.c
 delete mode 100644 net/caif/cfdbgl.c
 delete mode 100644 net/caif/cfdgml.c
 delete mode 100644 net/caif/cffrml.c
 delete mode 100644 net/caif/cfmuxl.c
 delete mode 100644 net/caif/cfpkt_skbuff.c
 delete mode 100644 net/caif/cfrfml.c
 delete mode 100644 net/caif/cfserl.c
 delete mode 100644 net/caif/cfsrvl.c
 delete mode 100644 net/caif/cfutill.c
 delete mode 100644 net/caif/cfveil.c
 delete mode 100644 net/caif/cfvidl.c
 delete mode 100644 net/caif/chnl_net.c
 delete mode 100644 net/netrom/Makefile
 delete mode 100644 net/netrom/af_netrom.c
 delete mode 100644 net/netrom/nr_dev.c
 delete mode 100644 net/netrom/nr_in.c
 delete mode 100644 net/netrom/nr_loopback.c
 delete mode 100644 net/netrom/nr_out.c
 delete mode 100644 net/netrom/nr_route.c
 delete mode 100644 net/netrom/nr_subr.c
 delete mode 100644 net/netrom/nr_timer.c
 delete mode 100644 net/netrom/sysctl_net_netrom.c
 delete mode 100644 net/rose/Makefile
 delete mode 100644 net/rose/af_rose.c
 delete mode 100644 net/rose/rose_dev.c
 delete mode 100644 net/rose/rose_in.c
 delete mode 100644 net/rose/rose_link.c
 delete mode 100644 net/rose/rose_loopback.c
 delete mode 100644 net/rose/rose_out.c
 delete mode 100644 net/rose/rose_route.c
 delete mode 100644 net/rose/rose_subr.c
 delete mode 100644 net/rose/rose_timer.c
 delete mode 100644 net/rose/sysctl_net_rose.c
 create mode 100755 tools/testing/selftests/drivers/net/hw/ipsec_vxlan.py
 create mode 100755 tools/testing/selftests/net/tcp_ecmp_failover.sh
 create mode 100644 tools/testing/selftests/rseq/check_optimized.c
 create mode 100644 tools/testing/selftests/rseq/legacy_check.c
 create mode 100755 tools/testing/selftests/rseq/run_legacy_check.sh
 create mode 100755 tools/testing/selftests/rseq/run_timeslice_test.sh
 create mode 100644 tools/testing/selftests/sched_ext/non_scx_kfunc_deny.bpf.c
 create mode 100644 tools/testing/selftests/sched_ext/non_scx_kfunc_deny.c
 create mode 100755 tools/testing/selftests/ublk/test_integrity_03.sh
Merging ext4-fixes/fixes (981fcc5674e67 jbd2: fix deadlock in jbd2_journal_cancel_revoke())
$ git merge -m Merge branch 'fixes' of https://git.kernel.org/pub/scm/linux/kernel/git/tytso/ext4.git ext4-fixes/fixes
Already up to date.
Merging vfs-brauner-fixes/vfs.fixes (45205929a3a33 Merge patch series "netfs: Miscellaneous fixes")
$ git merge -m Merge branch 'vfs.fixes' of https://git.kernel.org/pub/scm/linux/kernel/git/vfs/vfs.git vfs-brauner-fixes/vfs.fixes
Auto-merging fs/smb/client/smb2ops.c
Merge made by the 'ort' strategy.
 fs/9p/v9fs_vfs.h             |  13 --
 fs/9p/vfs_inode.c            |   6 +-
 fs/9p/vfs_inode_dotl.c       |  12 +-
 fs/afs/Makefile              |   1 +
 fs/afs/dir.c                 |  79 +++++++-----
 fs/afs/file.c                |  24 +++-
 fs/afs/fsclient.c            |   4 +-
 fs/afs/inode.c               | 127 ++++---------------
 fs/afs/internal.h            |  45 ++++---
 fs/afs/symlink.c             | 278 ++++++++++++++++++++++++++++++++++++++++
 fs/afs/validation.c          |  14 +-
 fs/afs/write.c               |   2 +-
 fs/afs/yfsclient.c           |   4 +-
 fs/fuse/file.c               |   5 +-
 fs/inode.c                   |   8 +-
 fs/jfs/namei.c               |   2 +-
 fs/mnt_idmapping.c           |   2 +
 fs/netfs/buffered_read.c     |  73 ++++++-----
 fs/netfs/buffered_write.c    | 174 ++++++++++++++++---------
 fs/netfs/direct_read.c       |  42 ++----
 fs/netfs/direct_write.c      |   6 +-
 fs/netfs/internal.h          |   3 +
 fs/netfs/iterator.c          |  41 ++++--
 fs/netfs/misc.c              |  41 ++++--
 fs/netfs/read_collect.c      |  19 ++-
 fs/netfs/read_retry.c        |  17 ++-
 fs/netfs/read_single.c       |  23 ++--
 fs/netfs/write_collect.c     |  15 ++-
 fs/netfs/write_issue.c       |  51 +++++---
 fs/netfs/write_retry.c       |   6 +-
 fs/nsfs.c                    |   2 +-
 fs/orangefs/namei.c          |   2 +-
 fs/select.c                  |  11 ++
 fs/smb/client/cifsfs.c       |  38 ++++--
 fs/smb/client/cifssmb.c      |   3 +-
 fs/smb/client/file.c         |  13 +-
 fs/smb/client/inode.c        |  14 +-
 fs/smb/client/readdir.c      |   3 +-
 fs/smb/client/smb2ops.c      |  42 +++---
 fs/smb/client/smb2pdu.c      |   3 +-
 include/linux/list.h         |  37 ++++++
 include/linux/netfs.h        | 295 +++++++++++++++++++++++++++++++++++++++++--
 include/trace/events/netfs.h |   8 ++
 43 files changed, 1170 insertions(+), 438 deletions(-)
 create mode 100644 fs/afs/symlink.c
Merging fscrypt-current/for-current (254f49634ee16 Linux 7.1-rc1)
$ git merge -m Merge branch 'for-current' of https://git.kernel.org/pub/scm/fs/fscrypt/linux.git fscrypt-current/for-current
Already up to date.
Merging fsverity-current/for-current (0c8c88b8eb82a ovl: fix verity lazy-load guard broken by fsverity_active() semantic change)
$ git merge -m Merge branch 'for-current' of https://git.kernel.org/pub/scm/fs/fsverity/linux.git fsverity-current/for-current
Already up to date.
Merging btrfs-fixes/next-fixes (5f10ad875f9ee Merge branch 'misc-7.1' into next-fixes)
$ git merge -m Merge branch 'next-fixes' of https://git.kernel.org/pub/scm/linux/kernel/git/kdave/linux.git btrfs-fixes/next-fixes
Merge made by the 'ort' strategy.
 fs/btrfs/extent_map.c |   4 +-
 fs/btrfs/file.c       |  11 ++++--
 fs/btrfs/fs.h         |   1 +
 fs/btrfs/inode.c      |   4 +-
 fs/btrfs/qgroup.c     | 101 +++++++++++++++++++++++++++++++++-----------------
 5 files changed, 83 insertions(+), 38 deletions(-)
Merging vfs-fixes/fixes (49c5d168a3a8f udf: fix nls leak on udf_fill_super() failure)
$ git merge -m Merge branch 'fixes' of https://git.kernel.org/pub/scm/linux/kernel/git/viro/vfs.git vfs-fixes/fixes
Auto-merging fs/udf/super.c
Merge made by the 'ort' strategy.
 fs/udf/super.c | 2 +-
 1 file changed, 1 insertion(+), 1 deletion(-)
Merging erofs-fixes/fixes (6e7188a8d725d erofs: fix managed cache race for unaligned extents)
$ git merge -m Merge branch 'fixes' of https://git.kernel.org/pub/scm/linux/kernel/git/xiang/erofs.git erofs-fixes/fixes
Merge made by the 'ort' strategy.
 fs/erofs/zdata.c | 15 ++++++++-------
 1 file changed, 8 insertions(+), 7 deletions(-)
Merging nfsd-fixes/nfsd-fixes (4f8ef58c10bfe NFSD: Fix infinite loop in layout state revocation)
$ git merge -m Merge branch 'nfsd-fixes' of https://git.kernel.org/pub/scm/linux/kernel/git/cel/linux nfsd-fixes/nfsd-fixes
Already up to date.
Merging v9fs-fixes/fixes/next (028ef9c96e961 Linux 7.0)
$ git merge -m Merge branch 'fixes/next' of https://git.kernel.org/pub/scm/linux/kernel/git/ericvh/v9fs.git v9fs-fixes/fixes/next
Already up to date.
Merging overlayfs-fixes/ovl-fixes (1f6ee9be92f8d ovl: make fsync after metadata copy-up opt-in mount option)
$ git merge -m Merge branch 'ovl-fixes' of https://git.kernel.org/pub/scm/linux/kernel/git/overlayfs/vfs.git overlayfs-fixes/ovl-fixes
Already up to date.
Merging fscrypt/for-next (254f49634ee16 Linux 7.1-rc1)
$ git merge -m Merge branch 'for-next' of https://git.kernel.org/pub/scm/fs/fscrypt/linux.git fscrypt/for-next
Already up to date.
Merging btrfs/for-next (6bf684b882355 Merge branch 'for-next-next-v7.0-20260408' into for-next-20260408)
$ git merge -m Merge branch 'for-next' of https://git.kernel.org/pub/scm/linux/kernel/git/kdave/linux.git btrfs/for-next
Merge made by the 'ort' strategy.
Merging ceph/master (553b8d7499a84 rbd: switch to dynamic root device)
$ git merge -m Merge branch 'master' of https://github.com/ceph/ceph-client.git ceph/master
Merge made by the 'ort' strategy.
 drivers/block/rbd.c | 23 +++++++----------------
 1 file changed, 7 insertions(+), 16 deletions(-)
Merging cifs/for-next (073a646af5aef cifs: validate full SID length in security descriptors)
$ git merge -m Merge branch 'for-next' of git://git.samba.org/sfrench/cifs-2.6.git cifs/for-next
Auto-merging fs/smb/client/inode.c
Auto-merging fs/smb/client/smb2ops.c
Merge made by the 'ort' strategy.
 fs/smb/client/cifs_swn.c      |  64 +++++++++++---
 fs/smb/client/cifsacl.c       | 196 +++++++++++++++++++++++++++---------------
 fs/smb/client/inode.c         |  30 ++++++-
 fs/smb/client/netlink.c       |   1 +
 fs/smb/client/smb2ops.c       |   4 +-
 fs/smb/client/smb2transport.c |   2 +
 fs/smb/client/trace.h         |   2 +
 7 files changed, 216 insertions(+), 83 deletions(-)
Merging configfs/configfs-next (6363844fdbbb7 samples: configfs: Constify struct configfs_item_operations and configfs_group_operations)
$ git merge -m Merge branch 'configfs-next' of https://git.kernel.org/pub/scm/linux/kernel/git/a.hindborg/linux.git configfs/configfs-next
Already up to date.
Merging ecryptfs/next (4d97a37e2cedb ecryptfs: remove redundant variable found_auth_tok)
$ git merge -m Merge branch 'next' of https://git.kernel.org/pub/scm/linux/kernel/git/tyhicks/ecryptfs.git ecryptfs/next
Merge made by the 'ort' strategy.
 fs/ecryptfs/keystore.c | 16 +++++-----------
 1 file changed, 5 insertions(+), 11 deletions(-)
Merging dlm/next (e61113cfcaf71 dlm: init per node debugfs before add to node hash)
$ git merge -m Merge branch 'next' of https://git.kernel.org/pub/scm/linux/kernel/git/teigland/linux-dlm.git dlm/next
Merge made by the 'ort' strategy.
 fs/dlm/lowcomms.c | 12 ++++++++----
 fs/dlm/memory.c   |  4 +++-
 fs/dlm/midcomms.c | 21 +++++++++++++--------
 3 files changed, 24 insertions(+), 13 deletions(-)
Merging erofs/dev (a5242d37c83ab erofs: error out obviously illegal extents in advance)
$ git merge -m Merge branch 'dev' of https://git.kernel.org/pub/scm/linux/kernel/git/xiang/erofs.git erofs/dev
Already up to date.
Merging exfat/dev (ec5e84e1605d2 exfat: simplify exfat_lookup())
$ git merge -m Merge branch 'dev' of https://git.kernel.org/pub/scm/linux/kernel/git/linkinjeon/exfat.git exfat/dev
Merge made by the 'ort' strategy.
 fs/exfat/dir.c   |  4 +++-
 fs/exfat/namei.c | 56 +++++++++++++-------------------------------------------
 fs/exfat/nls.c   | 19 +++++++++++++------
 3 files changed, 29 insertions(+), 50 deletions(-)
Merging ext3/for_next (38b4aa1a24f08 Pull isofs doc fix.)
$ git merge -m Merge branch 'for_next' of https://git.kernel.org/pub/scm/linux/kernel/git/jack/linux-fs.git ext3/for_next
Merge made by the 'ort' strategy.
Merging ext4/dev (981fcc5674e67 jbd2: fix deadlock in jbd2_journal_cancel_revoke())
$ git merge -m Merge branch 'dev' of https://git.kernel.org/pub/scm/linux/kernel/git/tytso/ext4.git ext4/dev
Already up to date.
Merging f2fs/dev (520760b9f9156 f2fs: optimize representative type determination in GC)
$ git merge -m Merge branch 'dev' of https://git.kernel.org/pub/scm/linux/kernel/git/jaegeuk/f2fs.git f2fs/dev
Merge made by the 'ort' strategy.
 Documentation/ABI/testing/sysfs-fs-f2fs |  5 ++--
 Documentation/filesystems/f2fs.rst      | 50 ++++++++++++++++++++++++++++----
 fs/f2fs/checkpoint.c                    |  2 +-
 fs/f2fs/compress.c                      |  2 ++
 fs/f2fs/data.c                          | 38 ++++++++++++++++++++++--
 fs/f2fs/dir.c                           |  2 ++
 fs/f2fs/extent_cache.c                  | 19 +++++-------
 fs/f2fs/f2fs.h                          | 32 +++++++++++++++++----
 fs/f2fs/file.c                          | 13 +++++++--
 fs/f2fs/gc.c                            | 11 +++++--
 fs/f2fs/inline.c                        |  3 ++
 fs/f2fs/inode.c                         | 24 ++++++++++++++--
 fs/f2fs/node.c                          | 14 ++++++++-
 fs/f2fs/node.h                          |  8 ++++--
 fs/f2fs/recovery.c                      |  2 ++
 fs/f2fs/segment.c                       | 23 +++++++++++++++
 fs/f2fs/super.c                         | 51 +++++++++++++++++++++++++++++++--
 fs/f2fs/sysfs.c                         |  2 ++
 fs/f2fs/verity.c                        |  2 ++
 fs/f2fs/xattr.c                         | 41 +++++++++++++++++++++++++-
 fs/f2fs/xattr.h                         |  6 ++++
 include/trace/events/f2fs.h             | 28 ++++++++++++++++++
 22 files changed, 336 insertions(+), 42 deletions(-)
Merging fsverity/for-next (254f49634ee16 Linux 7.1-rc1)
$ git merge -m Merge branch 'for-next' of https://git.kernel.org/pub/scm/fs/fsverity/linux.git fsverity/for-next
Already up to date.
Merging fuse/for-next (040d71ac64709 fuse: use current creds for backing files)
$ git merge -m Merge branch 'for-next' of https://git.kernel.org/pub/scm/linux/kernel/git/mszeredi/fuse.git fuse/for-next
Auto-merging MAINTAINERS
Auto-merging fs/fuse/file.c
Merge made by the 'ort' strategy.
 MAINTAINERS           |   26 +-
 fs/fuse/Makefile      |    3 +-
 fs/fuse/args.h        |   65 +++
 fs/fuse/backing.c     |    3 +-
 fs/fuse/control.c     |   16 +-
 fs/fuse/cuse.c        |   28 +-
 fs/fuse/dev.c         | 1271 ++++++++++++++++++-------------------------------
 fs/fuse/dev.h         |  110 +++++
 fs/fuse/dev_uring.c   |  143 +++---
 fs/fuse/dev_uring_i.h |   39 +-
 fs/fuse/dir.c         |   12 +-
 fs/fuse/file.c        |  146 +-----
 fs/fuse/fuse_dev_i.h  |  350 +++++++++++++-
 fs/fuse/fuse_i.h      |  862 +++++++++++----------------------
 fs/fuse/fuse_trace.h  |    4 +-
 fs/fuse/inode.c       |  263 +++-------
 fs/fuse/notify.c      |  434 +++++++++++++++++
 fs/fuse/poll.c        |  141 ++++++
 fs/fuse/req.c         |   99 ++++
 fs/fuse/req_timeout.c |  148 ++++++
 fs/fuse/sysctl.c      |    1 +
 fs/fuse/sysctl.h      |    9 +
 fs/fuse/virtio_fs.c   |   21 +-
 23 files changed, 2320 insertions(+), 1874 deletions(-)
 create mode 100644 fs/fuse/args.h
 create mode 100644 fs/fuse/dev.h
 create mode 100644 fs/fuse/notify.c
 create mode 100644 fs/fuse/poll.c
 create mode 100644 fs/fuse/req.c
 create mode 100644 fs/fuse/req_timeout.c
 create mode 100644 fs/fuse/sysctl.h
Merging gfs2/for-next (f9c9ec2c319f8 gfs2: fix use-after-free in gfs2_qd_dealloc)
$ git merge -m Merge branch 'for-next' of https://git.kernel.org/pub/scm/linux/kernel/git/gfs2/linux-gfs2.git gfs2/for-next
Merge made by the 'ort' strategy.
 fs/gfs2/quota.c | 36 ++++++++++++++++++++++++------------
 fs/gfs2/super.c |  1 +
 2 files changed, 25 insertions(+), 12 deletions(-)
Merging jfs/jfs-next (dad98c5b2a05e jfs: avoid -Wtautological-constant-out-of-range-compare warning again)
$ git merge -m Merge branch 'jfs-next' of https://github.com/kleikamp/linux-shaggy.git jfs/jfs-next
Already up to date.
Merging ksmbd/ksmbd-for-next (4b83cbc4c15f0 ksmbd: fix null pointer dereference in compare_guid_key())
$ git merge -m Merge branch 'ksmbd-for-next' of https://github.com/smfrench/smb3-kernel.git ksmbd/ksmbd-for-next
Merge made by the 'ort' strategy.
 fs/smb/server/oplock.c    |  6 +++++-
 fs/smb/server/smbacl.c    | 12 +++++++++---
 fs/smb/server/vfs_cache.c |  2 +-
 3 files changed, 15 insertions(+), 5 deletions(-)
Merging nfs/linux-next (7fd2df204f342 Linux 7.1-rc2)
$ git merge -m Merge branch 'linux-next' of git://git.linux-nfs.org/projects/trondmy/nfs-2.6.git nfs/linux-next
Already up to date.
Merging nfs-anna/linux-next (4529e00154329 NFS: Fix NFS KConfig typos)
$ git merge -m Merge branch 'linux-next' of git://git.linux-nfs.org/projects/anna/linux-nfs.git nfs-anna/linux-next
Already up to date.
Merging nfsd/nfsd-next (dc7a9c0a4a32e NFSD: Update my maintainer email addresses)
$ git merge -m Merge branch 'nfsd-next' of https://git.kernel.org/pub/scm/linux/kernel/git/cel/linux nfsd/nfsd-next
Auto-merging MAINTAINERS
Auto-merging fs/nfsd/nfs4state.c
Auto-merging net/sunrpc/cache.c
Merge made by the 'ort' strategy.
 Documentation/netlink/specs/nfsd.yaml         | 229 +++++++++
 Documentation/netlink/specs/sunrpc_cache.yaml | 149 ++++++
 MAINTAINERS                                   |   8 +-
 fs/nfs/dns_resolve.c                          |   2 +-
 fs/nfsd/export.c                              | 714 +++++++++++++++++++++++++-
 fs/nfsd/netlink.c                             |  93 ++++
 fs/nfsd/netlink.h                             |  18 +
 fs/nfsd/nfs4idmap.c                           |   4 +-
 fs/nfsd/nfs4state.c                           |   9 +-
 fs/nfsd/nfsctl.c                              |  79 +++
 fs/nfsd/nfsd.h                                |  17 +-
 include/linux/sunrpc/cache.h                  |  15 +-
 include/uapi/linux/nfsd_netlink.h             | 132 +++++
 include/uapi/linux/sunrpc_netlink.h           |  84 +++
 net/sunrpc/Makefile                           |   2 +-
 net/sunrpc/auth_gss/svcauth_gss.c             |   2 +-
 net/sunrpc/cache.c                            | 127 ++++-
 net/sunrpc/netlink.c                          |  97 ++++
 net/sunrpc/netlink.h                          |  35 ++
 net/sunrpc/sunrpc_syms.c                      |  10 +
 net/sunrpc/svc_xprt.c                         |  46 +-
 net/sunrpc/svcauth_unix.c                     | 516 ++++++++++++++++++-
 22 files changed, 2336 insertions(+), 52 deletions(-)
 create mode 100644 Documentation/netlink/specs/sunrpc_cache.yaml
 create mode 100644 include/uapi/linux/sunrpc_netlink.h
 create mode 100644 net/sunrpc/netlink.c
 create mode 100644 net/sunrpc/netlink.h
Merging ntfs/ntfs-next (6ce6a8d1f63df ntfs: use str_plural in ntfs_attr_make_non_resident)
$ git merge -m Merge branch 'ntfs-next' of https://git.kernel.org/pub/scm/linux/kernel/git/linkinjeon/ntfs.git ntfs/ntfs-next
Merge made by the 'ort' strategy.
 fs/ntfs/attrib.c   | 49 ++++++++++++++--------------
 fs/ntfs/attrlist.c |  7 ++--
 fs/ntfs/bdev-io.c  |  7 ++--
 fs/ntfs/index.c    | 17 +++++++---
 fs/ntfs/inode.c    |  6 ++--
 fs/ntfs/logfile.c  |  5 ++-
 fs/ntfs/mft.c      | 93 ++++++++++++++++++++++++++++++++++++++----------------
 fs/ntfs/namei.c    |  4 +--
 fs/ntfs/runlist.c  |  9 +++---
 fs/ntfs/super.c    | 35 ++++++++++++++++----
 10 files changed, 151 insertions(+), 81 deletions(-)
Merging ntfs3/master (4a10702961161 fs/ntfs3: preserve non-DOS attribute bits in system.dos_attrib)
$ git merge -m Merge branch 'master' of https://github.com/Paragon-Software-Group/linux-ntfs3.git ntfs3/master
Merge made by the 'ort' strategy.
 fs/ntfs3/dir.c     | 22 ++++++++++++++++------
 fs/ntfs3/fslog.c   |  5 ++++-
 fs/ntfs3/index.c   | 46 +++++++++++++++++++++++++++++++++++++++++++---
 fs/ntfs3/lznt.c    |  2 +-
 fs/ntfs3/namei.c   |  2 +-
 fs/ntfs3/ntfs_fs.h |  3 ++-
 fs/ntfs3/run.c     |  9 +++++++--
 fs/ntfs3/xattr.c   |  4 +++-
 8 files changed, 77 insertions(+), 16 deletions(-)
$ git am -3 ../patches/0001-ntfs3-Fix-merge-issue-with-ntfs3.patch
Applying: ntfs3: Fix merge issue with ntfs3
Using index info to reconstruct a base tree...
M	fs/ntfs3/inode.c
Falling back to patching base and 3-way merge...
Auto-merging fs/ntfs3/inode.c
No changes -- Patch already applied.
Merging orangefs/for-next (e61bc5e4d8743    bufmap: manage as folios, V2.)
$ git merge -m Merge branch 'for-next' of https://git.kernel.org/pub/scm/linux/kernel/git/hubcap/linux.git orangefs/for-next
Already up to date.
Merging overlayfs/overlayfs-next (1f6ee9be92f8d ovl: make fsync after metadata copy-up opt-in mount option)
$ git merge -m Merge branch 'overlayfs-next' of https://git.kernel.org/pub/scm/linux/kernel/git/overlayfs/vfs.git overlayfs/overlayfs-next
Already up to date.
Merging ubifs/next (11efa98bcc0d0 ubi: ubi.h: fix kernel-doc warnings)
$ git merge -m Merge branch 'next' of https://git.kernel.org/pub/scm/linux/kernel/git/rw/ubifs.git ubifs/next
Auto-merging drivers/mtd/ubi/ubi.h
Merge made by the 'ort' strategy.
 drivers/mtd/ubi/ubi.h | 9 ++++++---
 1 file changed, 6 insertions(+), 3 deletions(-)
Merging v9fs/9p-next (8fc518e489c13 9p/trans_xen: replace simple_strto* with kstrtouint)
$ git merge -m Merge branch '9p-next' of https://github.com/martinetd/linux v9fs/9p-next
Already up to date.
Merging v9fs-ericvh/ericvh/for-next (028ef9c96e961 Linux 7.0)
$ git merge -m Merge branch 'ericvh/for-next' of https://git.kernel.org/pub/scm/linux/kernel/git/ericvh/v9fs.git v9fs-ericvh/ericvh/for-next
Already up to date.
Merging xfs/for-next (509fdeb3326be xfs: Fix typo in comment)
$ git merge -m Merge branch 'for-next' of https://git.kernel.org/pub/scm/fs/xfs/xfs-linux.git xfs/for-next
Already up to date.
Merging zonefs/for-next (3a8389d42bdf4 zonefs: handle integer overflow in zonefs_fname_to_fno)
$ git merge -m Merge branch 'for-next' of https://git.kernel.org/pub/scm/linux/kernel/git/dlemoal/zonefs.git zonefs/for-next
Merge made by the 'ort' strategy.
 fs/zonefs/super.c | 6 +++++-
 1 file changed, 5 insertions(+), 1 deletion(-)
Merging vfs-brauner/vfs.all (1202b9c177076 Merge branch 'vfs-7.2.misc' into vfs.all)
$ git merge -m Merge branch 'vfs.all' of https://git.kernel.org/pub/scm/linux/kernel/git/vfs/vfs.git vfs-brauner/vfs.all
Auto-merging MAINTAINERS
Auto-merging fs/btrfs/inode.c
Auto-merging fs/exfat/namei.c
Auto-merging fs/iomap/direct-io.c
Auto-merging fs/nfsd/export.c
Auto-merging fs/ntfs3/namei.c
Auto-merging fs/ntfs3/ntfs_fs.h
Auto-merging fs/smb/client/inode.c
Auto-merging fs/xfs/xfs_inode.c
Auto-merging lib/rhashtable.c
Merge made by the 'ort' strategy.
 .../filesystems/adding-new-filesystems.rst         |  195 ++++
 Documentation/filesystems/index.rst                |    1 +
 Documentation/filesystems/porting.rst              |    1 -
 Documentation/filesystems/proc.rst                 |   19 +-
 MAINTAINERS                                        |    2 +-
 arch/alpha/include/uapi/asm/errno.h                |    2 +
 arch/alpha/include/uapi/asm/fcntl.h                |    1 +
 arch/mips/include/uapi/asm/errno.h                 |    2 +
 arch/parisc/include/uapi/asm/errno.h               |    2 +
 arch/parisc/include/uapi/asm/fcntl.h               |    1 +
 arch/powerpc/platforms/cell/spufs/file.c           |    2 +-
 arch/sparc/include/uapi/asm/errno.h                |    2 +
 arch/sparc/include/uapi/asm/fcntl.h                |    1 +
 fs/affs/affs.h                                     |    5 -
 fs/affs/super.c                                    |    6 +-
 fs/befs/linuxvfs.c                                 |    3 +-
 fs/bfs/inode.c                                     |    3 +-
 fs/bpf_fs_kfuncs.c                                 |   10 +-
 fs/btrfs/inode.c                                   |    2 +-
 fs/ceph/file.c                                     |    4 +
 fs/ceph/mds_client.c                               |    2 +-
 fs/coredump.c                                      |    3 +-
 fs/dcache.c                                        |   22 +-
 fs/eventpoll.c                                     | 1207 +++++++++++++-------
 fs/exec.c                                          |    6 +-
 fs/exfat/exfat_fs.h                                |    2 +
 fs/exfat/file.c                                    |   18 +-
 fs/exfat/namei.c                                   |    1 +
 fs/ext4/ialloc.c                                   |    4 +-
 fs/fat/fat.h                                       |    3 +
 fs/fat/file.c                                      |   36 +
 fs/fat/namei_msdos.c                               |    1 +
 fs/fat/namei_vfat.c                                |    1 +
 fs/fcntl.c                                         |    4 +-
 fs/file.c                                          |   17 +-
 fs/file_attr.c                                     |   16 +-
 fs/filesystems.c                                   |  332 ++++--
 fs/gfs2/inode.c                                    |    6 +
 fs/hfs/dir.c                                       |    1 +
 fs/hfs/hfs_fs.h                                    |    2 +
 fs/hfs/inode.c                                     |   14 +
 fs/hfsplus/inode.c                                 |   16 +-
 fs/hpfs/inode.c                                    |    2 +-
 fs/hpfs/super.c                                    |    3 +-
 fs/inode.c                                         |  100 +-
 fs/iomap/buffered-io.c                             |    3 +-
 fs/iomap/direct-io.c                               |    3 -
 fs/iomap/iter.c                                    |   12 +-
 fs/isofs/dir.c                                     |   16 +
 fs/isofs/inode.c                                   |    3 +-
 fs/isofs/isofs.h                                   |    3 +
 fs/jfs/super.c                                     |    3 +-
 fs/minix/inode.c                                   |    3 +-
 fs/mount.h                                         |    4 +
 fs/namei.c                                         |   29 +-
 fs/namespace.c                                     |   34 +-
 fs/nfs/client.c                                    |   21 +-
 fs/nfs/dir.c                                       |    4 +
 fs/nfs/inode.c                                     |   19 +-
 fs/nfs/internal.h                                  |    3 +
 fs/nfs/namespace.c                                 |    2 +
 fs/nfs/nfs3proc.c                                  |    2 +
 fs/nfs/nfs3xdr.c                                   |    7 +-
 fs/nfs/nfs4proc.c                                  |   10 +-
 fs/nfs/proc.c                                      |    3 +
 fs/nfs/symlink.c                                   |    3 +
 fs/nfsd/blocklayout.c                              |   37 +-
 fs/nfsd/export.c                                   |    3 +-
 fs/nfsd/nfs3proc.c                                 |   36 +-
 fs/nfsd/nfs4layouts.c                              |   29 +-
 fs/nfsd/nfs4xdr.c                                  |   52 +-
 fs/nfsd/vfs.c                                      |   88 ++
 fs/nfsd/vfs.h                                      |    3 +
 fs/nfsd/xdr3.h                                     |    4 +-
 fs/ntfs3/file.c                                    |   29 +
 fs/ntfs3/namei.c                                   |    1 +
 fs/ntfs3/ntfs_fs.h                                 |    1 +
 fs/ntfs3/super.c                                   |    8 +-
 fs/ocfs2/super.c                                   |    1 -
 fs/omfs/inode.c                                    |    6 +-
 fs/open.c                                          |   17 +-
 fs/proc/generic.c                                  |   10 +
 fs/proc/internal.h                                 |    3 +
 fs/proc/proc_net.c                                 |    8 +
 fs/proc/root.c                                     |   24 +-
 fs/qnx4/inode.c                                    |    3 +-
 fs/smb/client/cifsfs.c                             |   53 +
 fs/smb/client/cifsfs.h                             |    3 +
 fs/smb/client/dir.c                                |   18 +-
 fs/smb/client/inode.c                              |    2 +-
 fs/smb/client/namespace.c                          |    1 +
 fs/smb/server/smb2pdu.c                            |   30 +-
 fs/super.c                                         |    1 -
 fs/sync.c                                          |    3 +-
 fs/sysfs/mount.c                                   |   18 +-
 fs/ubifs/super.c                                   |    2 +-
 fs/vboxsf/dir.c                                    |    1 +
 fs/vboxsf/file.c                                   |    6 +-
 fs/vboxsf/super.c                                  |    7 +
 fs/vboxsf/utils.c                                  |   30 +
 fs/vboxsf/vfsmod.h                                 |    6 +
 fs/xfs/libxfs/xfs_inode_util.c                     |    2 +
 fs/xfs/xfs_export.c                                |    4 +-
 fs/xfs/xfs_inode.c                                 |    2 +-
 fs/xfs/xfs_ioctl.c                                 |   22 +-
 fs/xfs/xfs_pnfs.c                                  |   44 +-
 fs/xfs/xfs_pnfs.h                                  |   11 +-
 fs/xfs/xfs_trace.h                                 |    2 +-
 include/linux/dcache.h                             |    4 +-
 include/linux/exportfs.h                           |   25 +-
 include/linux/exportfs_block.h                     |   88 ++
 include/linux/fcntl.h                              |    4 +-
 include/linux/fileattr.h                           |    3 +-
 include/linux/fs.h                                 |   16 +-
 include/linux/fs/super_types.h                     |    2 +-
 include/linux/iomap.h                              |   10 -
 include/linux/kstrtox.h                            |    9 +-
 include/linux/namei.h                              |    1 -
 include/linux/nfs_fs_sb.h                          |    2 +-
 include/linux/nfs_xdr.h                            |    2 +
 include/linux/proc_fs.h                            |   13 +
 include/linux/rhashtable-types.h                   |   22 +-
 include/linux/sockptr.h                            |   28 +-
 include/linux/uaccess.h                            |   65 +-
 include/trace/events/filelock.h                    |    2 +-
 include/uapi/asm-generic/errno.h                   |    2 +
 include/uapi/asm-generic/fcntl.h                   |    8 +
 include/uapi/linux/fs.h                            |    7 +
 init/initramfs.c                                   |   68 +-
 init/initramfs_test.c                              |   80 +-
 kernel/acct.c                                      |    2 +-
 lib/iov_iter.c                                     |    8 +-
 lib/rhashtable.c                                   |   17 +-
 lib/vsprintf.c                                     |    7 -
 security/landlock/fs.c                             |    2 +-
 tools/arch/alpha/include/uapi/asm/errno.h          |    2 +
 tools/arch/mips/include/uapi/asm/errno.h           |    2 +
 tools/arch/parisc/include/uapi/asm/errno.h         |    2 +
 tools/arch/sparc/include/uapi/asm/errno.h          |    2 +
 tools/include/uapi/asm-generic/errno.h             |    2 +
 tools/include/uapi/linux/openat2.h                 |   43 +
 .../selftests/{ => filesystems}/openat2/.gitignore |    0
 .../selftests/{ => filesystems}/openat2/Makefile   |    9 +-
 .../selftests/filesystems/openat2/emptypath_test.c |   55 +
 .../selftests/filesystems/openat2/helpers.h        |  135 +++
 .../{ => filesystems}/openat2/openat2_test.c       |  239 ++--
 .../filesystems/openat2/rename_attack_test.c       |  159 +++
 .../{ => filesystems}/openat2/resolve_test.c       |  354 +++---
 .../selftests/namespaces/listns_efault_test.c      |   33 +-
 tools/testing/selftests/namespaces/nsid_test.c     |   14 +-
 tools/testing/selftests/openat2/helpers.c          |  109 --
 tools/testing/selftests/openat2/helpers.h          |  108 --
 .../testing/selftests/openat2/rename_attack_test.c |  160 ---
 tools/testing/selftests/pid_namespace/pid_max.c    |  156 ++-
 154 files changed, 3379 insertions(+), 1603 deletions(-)
 create mode 100644 Documentation/filesystems/adding-new-filesystems.rst
 create mode 100644 include/linux/exportfs_block.h
 create mode 100644 tools/include/uapi/linux/openat2.h
 rename tools/testing/selftests/{ => filesystems}/openat2/.gitignore (100%)
 rename tools/testing/selftests/{ => filesystems}/openat2/Makefile (65%)
 create mode 100644 tools/testing/selftests/filesystems/openat2/emptypath_test.c
 create mode 100644 tools/testing/selftests/filesystems/openat2/helpers.h
 rename tools/testing/selftests/{ => filesystems}/openat2/openat2_test.c (67%)
 create mode 100644 tools/testing/selftests/filesystems/openat2/rename_attack_test.c
 rename tools/testing/selftests/{ => filesystems}/openat2/resolve_test.c (74%)
 delete mode 100644 tools/testing/selftests/openat2/helpers.c
 delete mode 100644 tools/testing/selftests/openat2/helpers.h
 delete mode 100644 tools/testing/selftests/openat2/rename_attack_test.c
$ git am -3 ../patches/0001-ntfs-Fixup-merge-issue-with-vfs.all-changes.patch
Applying: ntfs: Fixup merge issue with vfs.all changes
Using index info to reconstruct a base tree...
M	fs/ntfs/mft.c
Falling back to patching base and 3-way merge...
Auto-merging fs/ntfs/mft.c
No changes -- Patch already applied.
Merging vfs/for-next (e82ff9b6cb767 Merge branches 'work.coda' and 'work.dcache-busy-wait' into for-next)
$ git merge -m Merge branch 'for-next' of https://git.kernel.org/pub/scm/linux/kernel/git/viro/vfs.git vfs/for-next
Merge made by the 'ort' strategy.
Merging mm-hotfixes/mm-hotfixes-unstable (2bb8fe16f7bf4 mm/hugetlb: avoid false positive lockdep assertion)
$ git merge -m Merge branch 'mm-hotfixes-unstable' of https://git.kernel.org/pub/scm/linux/kernel/git/akpm/mm mm-hotfixes/mm-hotfixes-unstable
Auto-merging .mailmap
Auto-merging MAINTAINERS
Merge made by the 'ort' strategy.
 .mailmap                                  |   1 +
 MAINTAINERS                               |   5 +-
 arch/arm64/include/asm/page.h             |   2 +-
 arch/arm64/mm/fault.c                     |  11 ++-
 drivers/base/memory.c                     |   8 +-
 drivers/block/zram/zram_drv.c             |   6 +-
 drivers/dax/bus.c                         |   7 +-
 fs/hugetlbfs/inode.c                      |  46 ++++-------
 include/linux/gfp_types.h                 |  10 +--
 include/linux/highmem.h                   |   7 +-
 include/linux/hugetlb.h                   |   8 +-
 include/linux/hugetlb_inline.h            |  14 +---
 include/trace/events/damon.h              |   2 +-
 ipc/shm.c                                 |  10 ++-
 ipc/util.c                                |   2 +-
 lib/tests/kunit_iov_iter.c                |  10 +--
 mm/damon/sysfs-schemes.c                  |   1 +
 mm/hugetlb.c                              | 122 +++++++++++++++---------------
 mm/memfd.c                                |  12 +--
 mm/memory.c                               |  24 +++++-
 mm/memory_hotplug.c                       |   2 +
 mm/migrate_device.c                       |   6 +-
 mm/page_alloc.c                           |   8 +-
 mm/swap_cgroup.c                          |   2 +
 scripts/gdb/linux/mm.py                   |   6 +-
 scripts/gdb/linux/slab.py                 |   4 +-
 tools/testing/selftests/mm/hmm-tests.c    |  50 ++++++++++++
 tools/testing/selftests/mm/run_vmtests.sh |   2 +-
 28 files changed, 219 insertions(+), 169 deletions(-)
Merging fs-current (19d4db5141a97 Merge branch 'fixes' of https://git.kernel.org/pub/scm/linux/kernel/git/xiang/erofs.git)
$ git merge -m Merge branch 'fs-current' of linux-next fs-current
Merge made by the 'ort' strategy.
 fs/9p/v9fs_vfs.h             |  13 --
 fs/9p/vfs_inode.c            |   6 +-
 fs/9p/vfs_inode_dotl.c       |  12 +-
 fs/afs/Makefile              |   1 +
 fs/afs/dir.c                 |  79 +++++++-----
 fs/afs/file.c                |  24 +++-
 fs/afs/fsclient.c            |   4 +-
 fs/afs/inode.c               | 127 ++++---------------
 fs/afs/internal.h            |  45 ++++---
 fs/afs/symlink.c             | 278 ++++++++++++++++++++++++++++++++++++++++
 fs/afs/validation.c          |  14 +-
 fs/afs/write.c               |   2 +-
 fs/afs/yfsclient.c           |   4 +-
 fs/btrfs/extent_map.c        |   4 +-
 fs/btrfs/file.c              |  11 +-
 fs/btrfs/fs.h                |   1 +
 fs/btrfs/inode.c             |   4 +-
 fs/btrfs/qgroup.c            | 101 ++++++++++-----
 fs/erofs/zdata.c             |  15 ++-
 fs/fuse/file.c               |   5 +-
 fs/inode.c                   |   8 +-
 fs/jfs/namei.c               |   2 +-
 fs/mnt_idmapping.c           |   2 +
 fs/netfs/buffered_read.c     |  73 ++++++-----
 fs/netfs/buffered_write.c    | 174 ++++++++++++++++---------
 fs/netfs/direct_read.c       |  42 ++----
 fs/netfs/direct_write.c      |   6 +-
 fs/netfs/internal.h          |   3 +
 fs/netfs/iterator.c          |  41 ++++--
 fs/netfs/misc.c              |  41 ++++--
 fs/netfs/read_collect.c      |  19 ++-
 fs/netfs/read_retry.c        |  17 ++-
 fs/netfs/read_single.c       |  23 ++--
 fs/netfs/write_collect.c     |  15 ++-
 fs/netfs/write_issue.c       |  51 +++++---
 fs/netfs/write_retry.c       |   6 +-
 fs/nsfs.c                    |   2 +-
 fs/orangefs/namei.c          |   2 +-
 fs/select.c                  |  11 ++
 fs/smb/client/cifsfs.c       |  38 ++++--
 fs/smb/client/cifssmb.c      |   3 +-
 fs/smb/client/file.c         |  13 +-
 fs/smb/client/inode.c        |  14 +-
 fs/smb/client/readdir.c      |   3 +-
 fs/smb/client/smb2ops.c      |  42 +++---
 fs/smb/client/smb2pdu.c      |   3 +-
 fs/udf/super.c               |   2 +-
 include/linux/list.h         |  37 ++++++
 include/linux/netfs.h        | 295 +++++++++++++++++++++++++++++++++++++++++--
 include/trace/events/netfs.h |   8 ++
 50 files changed, 1262 insertions(+), 484 deletions(-)
 create mode 100644 fs/afs/symlink.c
Merging kbuild-current/kbuild-fixes-for-next (f2be8dd21b3f4 kbuild: pacman-pkg: make "rc" releases adhere to pacman versioning scheme)
$ git merge -m Merge branch 'kbuild-fixes-for-next' of https://git.kernel.org/pub/scm/linux/kernel/git/kbuild/linux.git kbuild-current/kbuild-fixes-for-next
Merge made by the 'ort' strategy.
 scripts/mod/file2alias.c | 79 ++++++++++++++++++++++++++++++++----------------
 scripts/package/PKGBUILD |  2 +-
 2 files changed, 54 insertions(+), 27 deletions(-)
Merging clang-fixes/clang-fixes-for-next (bc5ffe737f56e Disable -Wattribute-alias for clang-23 and newer)
$ git merge -m Merge branch 'clang-fixes-for-next' of https://git.kernel.org/pub/scm/linux/kernel/git/nathan/linux.git clang-fixes/clang-fixes-for-next
Merge made by the 'ort' strategy.
 arch/riscv/include/asm/syscall_wrapper.h | 2 ++
 include/linux/compat.h                   | 2 ++
 include/linux/compiler-clang.h           | 6 ++++++
 include/linux/compiler_types.h           | 4 ++++
 include/linux/syscalls.h                 | 2 ++
 5 files changed, 16 insertions(+)
Merging arc-current/for-curr (7aaa8047eafd0 Linux 7.0-rc6)
$ git merge -m Merge branch 'for-curr' of https://git.kernel.org/pub/scm/linux/kernel/git/vgupta/arc.git arc-current/for-curr
Already up to date.
Merging arm-current/fixes (75f9a484e817a ARM: 9472/1: fix race condition on PG_dcache_clean in __sync_icache_dcache())
$ git merge -m Merge branch 'fixes' of https://git.kernel.org/pub/scm/linux/kernel/git/rmk/linux.git arm-current/fixes
Already up to date.
Merging arm64-fixes/for-next/fixes (6ccbb613b42a1 arm_mpam: Check whether the config array is allocated before destroying it)
$ git merge -m Merge branch 'for-next/fixes' of https://git.kernel.org/pub/scm/linux/kernel/git/arm64/linux arm64-fixes/for-next/fixes
Already up to date.
Merging arm-soc-fixes/arm/fixes (1fcf4149418e7 Merge tag 'riscv-dt-fixes-for-v7.1-rc3' of https://git.kernel.org/pub/scm/linux/kernel/git/conor/linux into arm/fixes)
$ git merge -m Merge branch 'arm/fixes' of https://git.kernel.org/pub/scm/linux/kernel/git/soc/soc.git arm-soc-fixes/arm/fixes
Auto-merging MAINTAINERS
Merge made by the 'ort' strategy.
 MAINTAINERS                                        |   5 +-
 arch/arm/boot/dts/renesas/r7s72100-genmai.dts      |   3 -
 arch/arm/boot/dts/renesas/r7s72100-rskrza1.dts     |   2 -
 arch/arm/boot/dts/renesas/r7s72100.dtsi            |   2 +-
 arch/arm/boot/dts/renesas/r8a7778.dtsi             |   2 +-
 arch/arm/boot/dts/renesas/r8a7779.dtsi             |   2 +-
 arch/arm/boot/dts/renesas/r8a7792.dtsi             |   2 +-
 arch/arm/mach-versatile/integrator_cp.c            |  13 +-
 .../dts/renesas/draak-ebisu-panel-aa104xd12.dtso   |   5 +
 arch/arm64/boot/dts/renesas/r8a78000.dtsi          |   8 +-
 arch/arm64/boot/dts/renesas/r9a09g056.dtsi         |   1 +
 arch/arm64/boot/dts/renesas/r9a09g057.dtsi         |   2 +
 .../boot/dts/renesas/rz-smarc-cru-csi-ov5645.dtsi  |   5 +
 .../boot/dts/renesas/rz-smarc-du-adv7513.dtsi      |   5 +
 .../boot/dts/renesas/salvator-panel-aa104xd12.dtso |   5 +
 .../boot/dts/microchip/mpfs-icicle-kit-fabric.dtsi |  10 --
 .../boot/dts/microchip/mpfs-icicle-kit-prod.dts    |  10 ++
 arch/riscv/boot/dts/microchip/mpfs-icicle-kit.dts  |  19 +++
 arch/riscv/boot/dts/starfive/jh7110-common.dtsi    |  27 +---
 arch/riscv/boot/dts/starfive/jh7110.dtsi           |  28 ----
 drivers/firmware/arm_ffa/bus.c                     |   4 +-
 drivers/firmware/arm_ffa/driver.c                  | 146 ++++++++++++++-------
 drivers/firmware/psci/psci.c                       |  10 ++
 23 files changed, 184 insertions(+), 132 deletions(-)
Merging davinci-current/davinci/for-current (254f49634ee16 Linux 7.1-rc1)
$ git merge -m Merge branch 'davinci/for-current' of https://git.kernel.org/pub/scm/linux/kernel/git/brgl/linux.git davinci-current/davinci/for-current
Already up to date.
Merging drivers-memory-fixes/fixes (254f49634ee16 Linux 7.1-rc1)
$ git merge -m Merge branch 'fixes' of https://git.kernel.org/pub/scm/linux/kernel/git/krzk/linux-mem-ctrl.git drivers-memory-fixes/fixes
Already up to date.
Merging sophgo-fixes/fixes (19272b37aa4f8 Linux 6.16-rc1)
$ git merge -m Merge branch 'fixes' of https://github.com/sophgo/linux.git sophgo-fixes/fixes
Already up to date.
Merging sophgo-soc-fixes/soc-fixes (0af2f6be1b428 Linux 6.15-rc1)
$ git merge -m Merge branch 'soc-fixes' of https://github.com/sophgo/linux.git sophgo-soc-fixes/soc-fixes
Already up to date.
Merging m68k-current/for-linus (cb39cf99d88e8 m68k: sun3: Replace vsprintf() with bounded vsnprintf())
$ git merge -m Merge branch 'for-linus' of https://git.kernel.org/pub/scm/linux/kernel/git/geert/linux-m68k.git m68k-current/for-linus
Already up to date.
Merging powerpc-fixes/fixes (31467b23823ff powerpc/time: Remove redundant preempt_disable|enable() calls from arch_irq_work_raise())
$ git merge -m Merge branch 'fixes' of https://git.kernel.org/pub/scm/linux/kernel/git/powerpc/linux.git powerpc-fixes/fixes
Already up to date.
Merging s390-fixes/fixes (ea34567db0a6b s390/cio: Restore GFP_DMA for CHSC allocation)
$ git merge -m Merge branch 'fixes' of https://git.kernel.org/pub/scm/linux/kernel/git/s390/linux.git s390-fixes/fixes
Merge made by the 'ort' strategy.
 arch/s390/kernel/perf_pai.c | 31 +++++++++++++++++++++----------
 drivers/s390/cio/chsc.c     |  4 ++--
 drivers/s390/cio/chsc_sch.c | 20 ++++++++++----------
 drivers/s390/cio/scm.c      |  2 +-
 4 files changed, 34 insertions(+), 23 deletions(-)
Merging net/main (aaec7096f9961 net: hsr: defer node table free until after RCU readers)
$ git merge -m Merge branch 'main' of https://git.kernel.org/pub/scm/linux/kernel/git/netdev/net.git net/main
Merge made by the 'ort' strategy.
 drivers/infiniband/ulp/ipoib/ipoib_main.c          |  8 ++-
 drivers/net/ethernet/marvell/octeontx2/af/cgx.c    |  7 +-
 drivers/net/ethernet/marvell/octeontx2/nic/rep.c   |  3 +-
 .../ethernet/mellanox/mlx5/core/en/reporter_tx.c   |  6 +-
 .../net/ethernet/mellanox/mlx5/core/en_ethtool.c   |  5 +-
 .../net/ethernet/mellanox/mlx5/core/esw/ipsec_fs.c |  3 +-
 drivers/net/ethernet/mellanox/mlx5/core/eswitch.c  | 21 ++++++
 drivers/net/ethernet/mellanox/mlx5/core/eswitch.h  |  1 +
 drivers/net/ethernet/mellanox/mlx5/core/lag/lag.c  |  5 ++
 drivers/net/ifb.c                                  | 11 ++-
 net/core/skbuff.c                                  |  2 +
 net/hsr/hsr_framereg.c                             |  4 +-
 net/ipv4/raw.c                                     |  2 +-
 net/rds/tcp.c                                      |  9 ++-
 net/tls/tls_sw.c                                   | 20 ++++--
 net/vmw_vsock/virtio_transport_common.c            | 83 +++++++++-------------
 16 files changed, 113 insertions(+), 77 deletions(-)
Merging bpf/master (201166d79fc01 Merge branch 'fix-bpf_throw-global-subprogs-interaction')
$ git merge -m Merge branch 'master' of https://git.kernel.org/pub/scm/linux/kernel/git/bpf/bpf.git/ bpf/master
Merge made by the 'ort' strategy.
 include/linux/bpf.h                                |  8 ++-
 include/linux/bpf_verifier.h                       |  2 +
 include/linux/filter.h                             |  3 -
 kernel/bpf/arraymap.c                              |  2 +-
 kernel/bpf/cfg.c                                   | 13 ++++-
 kernel/bpf/core.c                                  | 27 ++++++---
 kernel/bpf/fixups.c                                | 13 +++--
 kernel/bpf/syscall.c                               | 26 +++++++++
 kernel/bpf/verifier.c                              | 27 +++++++--
 .../bpf/prog_tests/percpu_array_inner_map.c        | 57 +++++++++++++++++++
 tools/testing/selftests/bpf/prog_tests/verifier.c  |  2 +
 .../testing/selftests/bpf/progs/exceptions_fail.c  | 22 ++++++++
 .../selftests/bpf/progs/verifier_call_large_imm.c  | 66 ++++++++++++++++++++++
 13 files changed, 244 insertions(+), 24 deletions(-)
 create mode 100644 tools/testing/selftests/bpf/prog_tests/percpu_array_inner_map.c
 create mode 100644 tools/testing/selftests/bpf/progs/verifier_call_large_imm.c
Merging ipsec/master (742b04d0550b0 xfrm: Check for underflow in xfrm_state_mtu)
$ git merge -m Merge branch 'master' of https://git.kernel.org/pub/scm/linux/kernel/git/klassert/ipsec.git ipsec/master
Merge made by the 'ort' strategy.
 include/net/xfrm.h     |  3 ++-
 net/key/af_key.c       |  6 +++---
 net/xfrm/xfrm_ipcomp.c | 12 ++++++++----
 net/xfrm/xfrm_policy.c |  2 +-
 net/xfrm/xfrm_state.c  | 23 ++++++++++++++++++-----
 net/xfrm/xfrm_user.c   |  5 ++---
 6 files changed, 34 insertions(+), 17 deletions(-)
Merging netfilter/main (93d809adc1300 Merge branch 'vsock-virtio-fix-vsockmon-tap-skb-construction')
$ git merge -m Merge branch 'main' of https://git.kernel.org/pub/scm/linux/kernel/git/netfilter/nf.git netfilter/main
Already up to date.
Merging ipvs/main (93d809adc1300 Merge branch 'vsock-virtio-fix-vsockmon-tap-skb-construction')
$ git merge -m Merge branch 'main' of https://git.kernel.org/pub/scm/linux/kernel/git/horms/ipvs.git ipvs/main
Already up to date.
Merging wireless/for-next (7666dbb1bacc4 wifi: cfg80211: advance loop vars in cfg80211_merge_profile())
$ git merge -m Merge branch 'for-next' of https://git.kernel.org/pub/scm/linux/kernel/git/wireless/wireless.git wireless/for-next
Merge made by the 'ort' strategy.
 net/wireless/scan.c | 3 +++
 1 file changed, 3 insertions(+)
Merging ath/for-current (54a5b38e43965 wifi: ath10k: skip WMI and beacon transmission when device is wedged)
$ git merge -m Merge branch 'for-current' of https://git.kernel.org/pub/scm/linux/kernel/git/ath/ath.git ath/for-current
Merge made by the 'ort' strategy.
 drivers/net/wireless/ath/ath10k/wmi.c      |  17 ++--
 drivers/net/wireless/ath/ath11k/testmode.c |   1 +
 drivers/net/wireless/ath/ath11k/wmi.c      | 131 ++++++++++++++++++++++++-----
 3 files changed, 121 insertions(+), 28 deletions(-)
Merging iwlwifi/fixes (734a4e051b976 wifi: iwlwifi: mld: disconnect only after 6 beacons without Rx)
$ git merge -m Merge branch 'fixes' of https://git.kernel.org/pub/scm/linux/kernel/git/iwlwifi/iwlwifi-next.git iwlwifi/fixes
Merge made by the 'ort' strategy.
 drivers/net/wireless/intel/iwlwifi/mld/constants.h |  4 ++--
 drivers/net/wireless/intel/iwlwifi/mld/d3.c        |  6 ++---
 drivers/net/wireless/intel/iwlwifi/mld/link.c      | 13 +++++------
 drivers/net/wireless/intel/iwlwifi/mld/tx.c        | 15 +++++++++++-
 drivers/net/wireless/intel/iwlwifi/mvm/mac-ctxt.c  | 27 ++++++++++++++--------
 drivers/net/wireless/intel/iwlwifi/mvm/utils.c     | 14 ++++-------
 .../intel/iwlwifi/pcie/gen1_2/trans-gen2.c         |  6 ++---
 7 files changed, 50 insertions(+), 35 deletions(-)
Merging wpan/master (8ce4f287524c7 net: libwx: fix firmware mailbox abnormal return)
$ git merge -m Merge branch 'master' of https://git.kernel.org/pub/scm/linux/kernel/git/wpan/wpan.git wpan/master
Already up to date.
Merging rdma-fixes/for-rc (65b044cee9fb1 RDMA/core: Move the _ib_copy_validate_udata* functions to ib_core_uverbs)
$ git merge -m Merge branch 'for-rc' of https://git.kernel.org/pub/scm/linux/kernel/git/rdma/rdma.git rdma-fixes/for-rc
Merge made by the 'ort' strategy.
 drivers/infiniband/core/ib_core_uverbs.c           |  87 +++++++++++++++
 drivers/infiniband/core/nldev.c                    |   3 +
 drivers/infiniband/core/uverbs.h                   |  35 ++++++
 drivers/infiniband/core/uverbs_ioctl.c             | 122 ---------------------
 drivers/infiniband/hw/bnxt_re/ib_verbs.c           |   2 +-
 drivers/infiniband/sw/siw/siw_qp_rx.c              |  15 +++
 tools/testing/selftests/rdma/rxe_ipv6.sh           |   6 +-
 .../selftests/rdma/rxe_rping_between_netns.sh      |   7 ++
 .../selftests/rdma/rxe_socket_with_netns.sh        |   6 +
 .../selftests/rdma/rxe_test_NETDEV_UNREGISTER.sh   |   6 +-
 10 files changed, 162 insertions(+), 127 deletions(-)
Merging sound-current/for-linus (e4d3386b74fba ALSA: pcm: Don't setup bogus iov_iter for silencing)
$ git merge -m Merge branch 'for-linus' of https://git.kernel.org/pub/scm/linux/kernel/git/tiwai/sound.git sound-current/for-linus
Merge made by the 'ort' strategy.
 sound/core/pcm_drm_eld.c          |  4 ++--
 sound/core/pcm_lib.c              |  3 +++
 sound/hda/codecs/realtek/alc269.c | 14 ++++++++------
 sound/hda/common/auto_parser.c    |  4 ++--
 sound/pci/asihpi/hpicmn.c         |  6 ++++++
 5 files changed, 21 insertions(+), 10 deletions(-)
Merging sound-asoc-fixes/for-linus (6e4bfd9da8851 ASoC: amd: acp: Add DMI quirk for ASUS Zenbook S16 UM5606GA)
$ git merge -m Merge branch 'for-linus' of https://git.kernel.org/pub/scm/linux/kernel/git/broonie/sound.git sound-asoc-fixes/for-linus
Auto-merging MAINTAINERS
Merge made by the 'ort' strategy.
 .../sound/mediatek,mt8173-rt5650-rt5514.yaml       |  2 +
 MAINTAINERS                                        |  9 +--
 drivers/spi/spi-amd.c                              |  2 +-
 sound/soc/amd/acp-config.c                         |  7 +++
 sound/soc/amd/acp/acp-sdw-legacy-mach.c            |  2 +-
 sound/soc/codecs/Kconfig                           |  3 -
 sound/soc/codecs/cs35l56-sdw.c                     |  5 +-
 sound/soc/codecs/cs35l56.c                         | 13 ++--
 sound/soc/codecs/fs210x.c                          |  2 +-
 sound/soc/intel/common/soc-acpi-intel-arl-match.c  | 71 +++++++++++++++++-----
 sound/soc/intel/common/soc-acpi-intel-ptl-match.c  | 21 +++++++
 sound/soc/qcom/qdsp6/q6apm-dai.c                   |  7 ++-
 sound/soc/sdw_utils/soc_sdw_utils.c                | 14 +++--
 sound/soc/sof/amd/acp.c                            |  2 +-
 sound/soc/ti/omap-dmic.c                           |  2 +-
 15 files changed, 119 insertions(+), 43 deletions(-)
Merging regmap-fixes/for-linus (4b7774eeab8d6 regmap: sdw-mbq: Fix spelling mistake "undeferable" -> "undeferrable")
$ git merge -m Merge branch 'for-linus' of https://git.kernel.org/pub/scm/linux/kernel/git/broonie/regmap.git regmap-fixes/for-linus
Already up to date.
Merging regulator-fixes/for-linus (cbdbfba9e8907 regulator: Kconfig: fix a typo in help)
$ git merge -m Merge branch 'for-linus' of https://git.kernel.org/pub/scm/linux/kernel/git/broonie/regulator.git regulator-fixes/for-linus
Merge made by the 'ort' strategy.
 drivers/regulator/Kconfig | 2 +-
 1 file changed, 1 insertion(+), 1 deletion(-)
Merging spi-fixes/for-linus (496ba79b9496b spi: mtk-snfi: Fix resource leak in mtk_snand_read_page_cache())
$ git merge -m Merge branch 'for-linus' of https://git.kernel.org/pub/scm/linux/kernel/git/broonie/spi.git spi-fixes/for-linus
Merge made by the 'ort' strategy.
 drivers/spi/spi-ep93xx.c   | 2 ++
 drivers/spi/spi-mtk-snfi.c | 2 +-
 2 files changed, 3 insertions(+), 1 deletion(-)
Merging pci-current/for-linus (ed831e7ea1a86 PCI: brcmstb: Assign pcie->gen from of_pci_get_max_link_speed())
$ git merge -m Merge branch 'for-linus' of https://git.kernel.org/pub/scm/linux/kernel/git/pci/pci.git pci-current/for-linus
Auto-merging MAINTAINERS
Merge made by the 'ort' strategy.
 MAINTAINERS                           | 4 +---
 drivers/pci/controller/pcie-brcmstb.c | 4 +++-
 2 files changed, 4 insertions(+), 4 deletions(-)
Merging driver-core.current/driver-core-linus (50030d63b4d3d driver core: platform: remove software node on release())
$ git merge -m Merge branch 'driver-core-linus' of https://git.kernel.org/pub/scm/linux/kernel/git/driver-core/driver-core.git driver-core.current/driver-core-linus
Merge made by the 'ort' strategy.
 drivers/base/platform.c | 16 +++++++++++++++-
 1 file changed, 15 insertions(+), 1 deletion(-)
Merging tty.current/tty-linus (452d6fa37ae9b serial: qcom_geni: fix kfifo underflow when flush precedes DMA completion IRQ)
$ git merge -m Merge branch 'tty-linus' of https://git.kernel.org/pub/scm/linux/kernel/git/gregkh/tty.git tty.current/tty-linus
Merge made by the 'ort' strategy.
 drivers/tty/serial/fsl_lpuart.c       | 15 ++++++++++++---
 drivers/tty/serial/pch_uart.c         | 19 +++++++++++++------
 drivers/tty/serial/qcom_geni_serial.c | 16 ++++++++++++++--
 drivers/tty/serial/sh-sci.c           |  2 +-
 drivers/tty/serial/zs.c               |  4 ++--
 include/linux/tty_port.h              |  2 +-
 6 files changed, 43 insertions(+), 15 deletions(-)
Merging usb.current/usb-linus (5d6919055dec1 Linux 7.1-rc3)
$ git merge -m Merge branch 'usb-linus' of https://git.kernel.org/pub/scm/linux/kernel/git/gregkh/usb.git usb.current/usb-linus
Already up to date.
Merging usb-serial-fixes/usb-linus (5d6919055dec1 Linux 7.1-rc3)
$ git merge -m Merge branch 'usb-linus' of https://git.kernel.org/pub/scm/linux/kernel/git/johan/usb-serial.git usb-serial-fixes/usb-linus
Already up to date.
Merging phy/fixes (1854082fe0ddb phy: apple: atc: Fix typec switch/mux leak on unbind)
$ git merge -m Merge branch 'fixes' of https://git.kernel.org/pub/scm/linux/kernel/git/phy/linux-phy.git phy/fixes
Merge made by the 'ort' strategy.
 drivers/phy/apple/atc.c                    |  27 +++-
 drivers/phy/eswin/phy-eic7700-sata.c       |   4 +-
 drivers/phy/marvell/phy-mvebu-a3700-utmi.c |   5 +-
 drivers/phy/qualcomm/phy-qcom-edp.c        | 224 +++++++++++++++++++++++------
 drivers/phy/qualcomm/phy-qcom-qmp-ufs.c    |   1 +
 drivers/phy/samsung/phy-exynos5-usbdrd.c   |   7 +-
 drivers/phy/spacemit/phy-k1-usb2.c         |   1 -
 drivers/phy/tegra/xusb-tegra186.c          |  33 ++++-
 drivers/phy/tegra/xusb.h                   |   1 +
 9 files changed, 239 insertions(+), 64 deletions(-)
Merging staging.current/staging-linus (514ab98364595 staging: rtl8723bs: fix buffer over-read in rtw_update_protection)
$ git merge -m Merge branch 'staging-linus' of https://git.kernel.org/pub/scm/linux/kernel/git/gregkh/staging.git staging.current/staging-linus
Merge made by the 'ort' strategy.
 drivers/staging/rtl8723bs/core/rtw_mlme.c | 10 ++++++++--
 1 file changed, 8 insertions(+), 2 deletions(-)
Merging iio-fixes/fixes-togreg (f40e8f101e148 iio: adc: ad7768-1: Select GPIOLIB)
$ git merge -m Merge branch 'fixes-togreg' of https://git.kernel.org/pub/scm/linux/kernel/git/jic23/iio.git iio-fixes/fixes-togreg
Merge made by the 'ort' strategy.
 drivers/counter/counter-core.c                 |  3 +-
 drivers/iio/adc/Kconfig                        |  2 +
 drivers/iio/adc/ad4695.c                       | 23 ++++-------
 drivers/iio/adc/meson_saradc.c                 |  4 +-
 drivers/iio/adc/mt6359-auxadc.c                |  1 +
 drivers/iio/adc/npcm_adc.c                     | 25 ++++--------
 drivers/iio/adc/nxp-sar-adc.c                  | 24 +++++++++--
 drivers/iio/adc/qcom-spmi-adc5-gen3.c          |  2 +-
 drivers/iio/adc/ti-ads1298.c                   |  7 +++-
 drivers/iio/adc/viperboard_adc.c               |  4 +-
 drivers/iio/adc/xilinx-xadc-core.c             | 11 ++++-
 drivers/iio/buffer/industrialio-hw-consumer.c  |  4 +-
 drivers/iio/chemical/mhz19b.c                  | 17 ++++++++
 drivers/iio/chemical/scd30_core.c              |  2 +-
 drivers/iio/common/ssp_sensors/ssp_dev.c       |  1 +
 drivers/iio/dac/ad3530r.c                      | 54 ++++++++++++++++++-------
 drivers/iio/dac/ad5686.c                       | 56 +++++++++++++++++++-------
 drivers/iio/dac/ad5686.h                       |  1 +
 drivers/iio/dac/max5821.c                      |  9 ++++-
 drivers/iio/gyro/adis16260.c                   |  3 ++
 drivers/iio/gyro/bmg160_core.c                 | 16 +++++++-
 drivers/iio/gyro/itg3200_buffer.c              |  2 +-
 drivers/iio/imu/adis16550.c                    |  2 +-
 drivers/iio/imu/st_lsm6dsx/st_lsm6dsx_buffer.c |  2 +-
 drivers/iio/industrialio-buffer.c              |  1 +
 drivers/iio/inkern.c                           |  6 ++-
 drivers/iio/light/acpi-als.c                   |  6 ++-
 drivers/iio/light/cm3323.c                     |  5 +--
 drivers/iio/light/veml6030.c                   |  8 ++--
 drivers/iio/light/veml6070.c                   | 14 +------
 drivers/iio/light/veml6075.c                   |  8 +++-
 drivers/iio/magnetometer/st_magn_core.c        | 13 +++++-
 drivers/iio/pressure/bmp280-core.c             |  4 +-
 drivers/iio/proximity/vl53l0x-i2c.c            |  7 ++--
 drivers/iio/resolver/ad2s1210.c                |  2 +-
 drivers/iio/temperature/tsys01.c               |  2 +-
 36 files changed, 239 insertions(+), 112 deletions(-)
Merging watchdog-fixes/watchdog (367937951ffca watchdog: ni903x_wdt: Check ACPI_COMPANION() against NULL)
$ git merge -m Merge branch 'watchdog' of https://git.kernel.org/pub/scm/linux/kernel/git/groeck/linux-staging.git watchdog-fixes/watchdog
Merge made by the 'ort' strategy.
 drivers/watchdog/ni903x_wdt.c | 7 ++++++-
 drivers/watchdog/s32g_wdt.c   | 3 +--
 2 files changed, 7 insertions(+), 3 deletions(-)
Merging counter-current/counter-current (254f49634ee16 Linux 7.1-rc1)
$ git merge -m Merge branch 'counter-current' of https://git.kernel.org/pub/scm/linux/kernel/git/wbg/counter.git counter-current/counter-current
Already up to date.
Merging char-misc.current/char-misc-linus (329db447f8f02 Merge tag 'iio-fixes-for-7.1a' of ssh://gitolite.kernel.org/pub/scm/linux/kernel/git/jic23/iio into char-misc-linus)
$ git merge -m Merge branch 'char-misc-linus' of https://git.kernel.org/pub/scm/linux/kernel/git/gregkh/char-misc.git char-misc.current/char-misc-linus
Already up to date.
Merging soundwire-fixes/fixes (254f49634ee16 Linux 7.1-rc1)
$ git merge -m Merge branch 'fixes' of https://git.kernel.org/pub/scm/linux/kernel/git/vkoul/soundwire.git soundwire-fixes/fixes
Already up to date.
Merging thunderbolt-fixes/fixes (928abe19fbf01 thunderbolt: property: Cap recursion depth in __tb_property_parse_dir())
$ git merge -m Merge branch 'fixes' of https://git.kernel.org/pub/scm/linux/kernel/git/westeri/thunderbolt.git thunderbolt-fixes/fixes
Merge made by the 'ort' strategy.
 drivers/thunderbolt/property.c | 32 +++++++++++++++++++++++---------
 1 file changed, 23 insertions(+), 9 deletions(-)
Merging input-current/for-linus (16ca52bc209fa Input: synaptics - add LEN2058 to SMBus passlist for ThinkPad E490)
$ git merge -m Merge branch 'for-linus' of https://git.kernel.org/pub/scm/linux/kernel/git/dtor/input.git input-current/for-linus
Merge made by the 'ort' strategy.
 drivers/input/gameport/fm801-gp.c          |  4 ++--
 drivers/input/joystick/xpad.c              | 14 ++++++++++----
 drivers/input/misc/atlas_btns.c            |  6 +++++-
 drivers/input/mouse/elan_i2c_core.c        |  8 ++++++++
 drivers/input/mouse/elan_i2c_i2c.c         |  2 +-
 drivers/input/mouse/synaptics.c            |  1 +
 drivers/input/touchscreen/atmel_mxt_ts.c   | 13 ++++++++++---
 drivers/input/touchscreen/usbtouchscreen.c |  5 +++++
 8 files changed, 42 insertions(+), 11 deletions(-)
Merging crypto-current/master (d1fa83ecac310 rhashtable: Add bucket_table_free_atomic() helper)
$ git merge -m Merge branch 'master' of https://git.kernel.org/pub/scm/linux/kernel/git/herbert/crypto-2.6.git crypto-current/master
Already up to date.
Merging libcrypto-fixes/libcrypto-fixes (254f49634ee16 Linux 7.1-rc1)
$ git merge -m Merge branch 'libcrypto-fixes' of https://git.kernel.org/pub/scm/linux/kernel/git/ebiggers/linux.git libcrypto-fixes/libcrypto-fixes
Already up to date.
Merging vfio-fixes/for-linus (702809dabdecc vfio/pci: Check BAR resources before exporting a DMABUF)
$ git merge -m Merge branch 'for-linus' of https://github.com/awilliam/linux-vfio.git vfio-fixes/for-linus
Already up to date.
Merging kselftest-fixes/fixes (465b05bae5ac5 selftests: harness: Restore order of test functions)
$ git merge -m Merge branch 'fixes' of https://git.kernel.org/pub/scm/linux/kernel/git/shuah/linux-kselftest.git kselftest-fixes/fixes
Already up to date.
Merging dmaengine-fixes/fixes (254f49634ee16 Linux 7.1-rc1)
$ git merge -m Merge branch 'fixes' of https://git.kernel.org/pub/scm/linux/kernel/git/vkoul/dmaengine.git dmaengine-fixes/fixes
Already up to date.
Merging backlight-fixes/for-backlight-fixes (8f0b4cce4481f Linux 6.19-rc1)
$ git merge -m Merge branch 'for-backlight-fixes' of https://git.kernel.org/pub/scm/linux/kernel/git/lee/backlight.git backlight-fixes/for-backlight-fixes
Already up to date.
Merging mtd-fixes/mtd/fixes (135ac3b84bced mtd: spinand: winbond: Fix ODTR write VCR on W35NxxJW)
$ git merge -m Merge branch 'mtd/fixes' of https://git.kernel.org/pub/scm/linux/kernel/git/mtd/linux.git mtd-fixes/mtd/fixes
Already up to date.
Merging mfd-fixes/for-mfd-fixes (aa6e63373d91f mfd: ls2kbmc: Use PCI API instead of direct accesses)
$ git merge -m Merge branch 'for-mfd-fixes' of https://git.kernel.org/pub/scm/linux/kernel/git/lee/mfd.git mfd-fixes/for-mfd-fixes
Merge made by the 'ort' strategy.
Merging v4l-dvb-fixes/fixes (646ebdd310580 media: rc: ttusbir: fix inverted error logic)
$ git merge -m Merge branch 'fixes' of git://linuxtv.org/media-ci/media-pending.git v4l-dvb-fixes/fixes
Merge made by the 'ort' strategy.
 drivers/media/rc/ttusbir.c | 2 +-
 1 file changed, 1 insertion(+), 1 deletion(-)
Merging reset-fixes/reset/fixes (9797524ef2b69 reset: amlogic: t7: Fix null reset ops)
$ git merge -m Merge branch 'reset/fixes' of https://git.pengutronix.de/git/pza/linux reset-fixes/reset/fixes
Already up to date.
Merging mips-fixes/mips-fixes (254f49634ee16 Linux 7.1-rc1)
$ git merge -m Merge branch 'mips-fixes' of https://git.kernel.org/pub/scm/linux/kernel/git/mips/linux.git mips-fixes/mips-fixes
Already up to date.
Merging at91-fixes/at91-fixes (254f49634ee16 Linux 7.1-rc1)
$ git merge -m Merge branch 'at91-fixes' of https://git.kernel.org/pub/scm/linux/kernel/git/at91/linux.git at91-fixes/at91-fixes
Already up to date.
Merging omap-fixes/fixes (254f49634ee16 Linux 7.1-rc1)
$ git merge -m Merge branch 'fixes' of https://git.kernel.org/pub/scm/linux/kernel/git/khilman/linux-omap.git omap-fixes/fixes
Already up to date.
Merging kvm-fixes/master (2d5d3fc593c9b KVM: VMX: introduce module parameter to disable CET)
$ git merge -m Merge branch 'master' of git://git.kernel.org/pub/scm/virt/kvm/kvm.git kvm-fixes/master
Already up to date.
Merging kvms390-fixes/master (0cfe660559e85 KVM: s390: pci: Fix aisb calculation)
$ git merge -m Merge branch 'master' of https://git.kernel.org/pub/scm/linux/kernel/git/kvms390/linux.git kvms390-fixes/master
Already up to date.
Merging kvm-arm-fixes/fixes (effc0a39b8e0f KVM: arm64: Pre-check vcpu memcache for host->guest donate)
$ git merge -m Merge branch 'fixes' of https://git.kernel.org/pub/scm/linux/kernel/git/kvmarm/kvmarm.git kvm-arm-fixes/fixes
Already up to date.
Merging hwmon-fixes/hwmon (873e919e31010 hwmon: (lm90) Add lock protection to lm90_alert)
$ git merge -m Merge branch 'hwmon' of https://git.kernel.org/pub/scm/linux/kernel/git/groeck/linux-staging.git hwmon-fixes/hwmon
Already up to date.
Merging nvdimm-fixes/libnvdimm-fixes (a8aec14230322 nvdimm/bus: Fix potential use after free in asynchronous initialization)
$ git merge -m Merge branch 'libnvdimm-fixes' of https://git.kernel.org/pub/scm/linux/kernel/git/nvdimm/nvdimm.git nvdimm-fixes/libnvdimm-fixes
Already up to date.
Merging cxl-fixes/fixes (5d6919055dec1 Linux 7.1-rc3)
$ git merge -m Merge branch 'fixes' of https://git.kernel.org/pub/scm/linux/kernel/git/cxl/cxl.git cxl-fixes/fixes
Already up to date.
Merging dma-mapping-fixes/dma-mapping-fixes (af0c3f0586623 dma-mapping: move dma_map_resource() sanity check into debug code)
$ git merge -m Merge branch 'dma-mapping-fixes' of https://git.kernel.org/pub/scm/linux/kernel/git/mszyprowski/linux.git dma-mapping-fixes/dma-mapping-fixes
Merge made by the 'ort' strategy.
 kernel/dma/debug.c   | 9 ++++++++-
 kernel/dma/direct.c  | 4 ++--
 kernel/dma/mapping.c | 4 ----
 3 files changed, 10 insertions(+), 7 deletions(-)
Merging drivers-x86-fixes/fixes (2997606dd1772 platform/x86: asus-nb-wmi: add DMI quirk for ASUS Zenbook Duo UX8407AA)
$ git merge -m Merge branch 'fixes' of https://git.kernel.org/pub/scm/linux/kernel/git/pdx86/platform-drivers-x86.git drivers-x86-fixes/fixes
Already up to date.
Merging samsung-krzk-fixes/fixes (dce77afa1e18f Merge branch 'fixes-clk' into fixes)
$ git merge -m Merge branch 'fixes' of https://git.kernel.org/pub/scm/linux/kernel/git/krzk/linux.git samsung-krzk-fixes/fixes
Merge made by the 'ort' strategy.
 drivers/clk/samsung/clk-gs101.c                    |   2 +-
 drivers/firmware/samsung/exynos-acpm-dvfs.c        |   3 +
 drivers/firmware/samsung/exynos-acpm.c             | 145 ++++++++++++++-------
 .../linux/firmware/samsung/exynos-acpm-protocol.h  |   3 +-
 4 files changed, 107 insertions(+), 46 deletions(-)
Merging pinctrl-samsung-fixes/fixes (254f49634ee16 Linux 7.1-rc1)
$ git merge -m Merge branch 'fixes' of https://git.kernel.org/pub/scm/linux/kernel/git/pinctrl/samsung.git pinctrl-samsung-fixes/fixes
Already up to date.
Merging devicetree-fixes/dt/linus (4b0a3ff9f4178 of: cpu: add check in __of_find_n_match_cpu_property())
$ git merge -m Merge branch 'dt/linus' of https://git.kernel.org/pub/scm/linux/kernel/git/robh/linux.git devicetree-fixes/dt/linus
Merge made by the 'ort' strategy.
 drivers/of/cpu.c | 2 +-
 1 file changed, 1 insertion(+), 1 deletion(-)
Merging dt-krzk-fixes/fixes (254f49634ee16 Linux 7.1-rc1)
$ git merge -m Merge branch 'fixes' of https://git.kernel.org/pub/scm/linux/kernel/git/krzk/linux-dt.git dt-krzk-fixes/fixes
Already up to date.
Merging scsi-fixes/fixes (b71cb088b2e34 scsi: target: tcm_loop: Fix NULL ptr dereference)
$ git merge -m Merge branch 'fixes' of https://git.kernel.org/pub/scm/linux/kernel/git/mkp/scsi.git scsi-fixes/fixes
Merge made by the 'ort' strategy.
 drivers/scsi/isci/host.c           |  3 +++
 drivers/scsi/sd.c                  |  3 +--
 drivers/target/loopback/tcm_loop.c | 12 ++++++++++--
 3 files changed, 14 insertions(+), 4 deletions(-)
Merging drm-fixes/drm-fixes (5200f5f493f79 Linux 7.1-rc4)
$ git merge -m Merge branch 'drm-fixes' of https://gitlab.freedesktop.org/drm/kernel.git drm-fixes/drm-fixes
Already up to date.
Merging drm-intel-fixes/for-linux-next-fixes (5200f5f493f79 Linux 7.1-rc4)
$ git merge -m Merge branch 'for-linux-next-fixes' of https://gitlab.freedesktop.org/drm/i915/kernel.git drm-intel-fixes/for-linux-next-fixes
Already up to date.
Merging mmc-fixes/fixes (5a52c5701a67d mmc: core: Fix host controller programming for fixed driver type)
$ git merge -m Merge branch 'fixes' of https://git.kernel.org/pub/scm/linux/kernel/git/ulfh/mmc.git mmc-fixes/fixes
Merge made by the 'ort' strategy.
 drivers/mmc/core/mmc.c | 4 +++-
 1 file changed, 3 insertions(+), 1 deletion(-)
Merging rtc-fixes/rtc-fixes (254f49634ee16 Linux 7.1-rc1)
$ git merge -m Merge branch 'rtc-fixes' of https://git.kernel.org/pub/scm/linux/kernel/git/abelloni/linux.git rtc-fixes/rtc-fixes
Already up to date.
Merging gnss-fixes/gnss-linus (5d6919055dec1 Linux 7.1-rc3)
$ git merge -m Merge branch 'gnss-linus' of https://git.kernel.org/pub/scm/linux/kernel/git/johan/gnss.git gnss-fixes/gnss-linus
Already up to date.
Merging hyperv-fixes/hyperv-fixes (8b35874f56ded drm/hyperv: During panic do VMBus unload after frame buffer is flushed)
$ git merge -m Merge branch 'hyperv-fixes' of https://git.kernel.org/pub/scm/linux/kernel/git/hyperv/linux.git hyperv-fixes/hyperv-fixes
Merge made by the 'ort' strategy.
 drivers/gpu/drm/hyperv/hyperv_drm_drv.c     |   5 +
 drivers/gpu/drm/hyperv/hyperv_drm_modeset.c |  15 +--
 drivers/hv/channel_mgmt.c                   |   1 +
 drivers/hv/hv.c                             |   3 +
 drivers/hv/hv_kvp.c                         |  27 +++--
 drivers/hv/hyperv_vmbus.h                   |   1 -
 drivers/hv/mshv_debugfs.c                   |   7 +-
 drivers/hv/mshv_synic.c                     | 156 ++++++++++++++++++----------
 drivers/hv/vmbus_drv.c                      |  25 +++--
 include/hyperv/hvhdk.h                      |   1 +
 include/linux/hyperv.h                      |   3 +
 11 files changed, 160 insertions(+), 84 deletions(-)
Merging risc-v-fixes/fixes (b69bcb13ed702 riscv: misaligned: Make enabling delegation depend on NONPORTABLE)
$ git merge -m Merge branch 'fixes' of https://git.kernel.org/pub/scm/linux/kernel/git/riscv/linux.git risc-v-fixes/fixes
Already up to date.
Merging riscv-dt-fixes/riscv-dt-fixes (0df8aa2b9aec5 riscv: dts: microchip: fix icicle i2c pinctrl configuration)
$ git merge -m Merge branch 'riscv-dt-fixes' of https://git.kernel.org/pub/scm/linux/kernel/git/conor/linux.git riscv-dt-fixes/riscv-dt-fixes
Already up to date.
Merging riscv-soc-fixes/riscv-soc-fixes (75ef233975589 soc: microchip: mpfs-sys-controller: fix resource leak on probe error)
$ git merge -m Merge branch 'riscv-soc-fixes' of https://git.kernel.org/pub/scm/linux/kernel/git/conor/linux.git riscv-soc-fixes/riscv-soc-fixes
Merge made by the 'ort' strategy.
 drivers/soc/microchip/mpfs-sys-controller.c | 6 ++++--
 1 file changed, 4 insertions(+), 2 deletions(-)
Merging fpga-fixes/fixes (19272b37aa4f8 Linux 6.16-rc1)
$ git merge -m Merge branch 'fixes' of https://git.kernel.org/pub/scm/linux/kernel/git/fpga/linux-fpga.git fpga-fixes/fixes
Already up to date.
Merging spdx/spdx-linus (254f49634ee16 Linux 7.1-rc1)
$ git merge -m Merge branch 'spdx-linus' of https://git.kernel.org/pub/scm/linux/kernel/git/gregkh/spdx.git spdx/spdx-linus
Already up to date.
Merging gpio-brgl-fixes/gpio/for-current (254f49634ee16 Linux 7.1-rc1)
$ git merge -m Merge branch 'gpio/for-current' of https://git.kernel.org/pub/scm/linux/kernel/git/brgl/linux.git gpio-brgl-fixes/gpio/for-current
Already up to date.
Merging gpio-intel-fixes/fixes (3bb62e3f99a55 gpiolib: acpi: Only trigger ActiveBoth interrupts on boot)
$ git merge -m Merge branch 'fixes' of https://git.kernel.org/pub/scm/linux/kernel/git/andy/linux-gpio-intel.git gpio-intel-fixes/fixes
Merge made by the 'ort' strategy.
 drivers/gpio/gpiolib-acpi-core.c | 19 +++++++++++++++----
 1 file changed, 15 insertions(+), 4 deletions(-)
Merging pinctrl-intel-fixes/fixes (254f49634ee16 Linux 7.1-rc1)
$ git merge -m Merge branch 'fixes' of https://git.kernel.org/pub/scm/linux/kernel/git/pinctrl/intel.git pinctrl-intel-fixes/fixes
Already up to date.
Merging auxdisplay-fixes/fixes (254f49634ee16 Linux 7.1-rc1)
$ git merge -m Merge branch 'fixes' of https://git.kernel.org/pub/scm/linux/kernel/git/andy/linux-auxdisplay.git auxdisplay-fixes/fixes
Already up to date.
Merging kunit-fixes/kunit-fixes (8f80b5b227ef9 kunit: config: KUNIT_DEBUGFS should depend on DEBUG_FS)
$ git merge -m Merge branch 'kunit-fixes' of https://git.kernel.org/pub/scm/linux/kernel/git/shuah/linux-kselftest.git kunit-fixes/kunit-fixes
Already up to date.
Merging memblock-fixes/fixes (34d885baf7cc7 tools/testing/memblock: fix stale NUMA reservation tests)
$ git merge -m Merge branch 'fixes' of https://git.kernel.org/pub/scm/linux/kernel/git/rppt/memblock.git memblock-fixes/fixes
Merge made by the 'ort' strategy.
 mm/numa_emulation.c                                | 17 +++++++++++++----
 tools/testing/memblock/README                      |  5 +----
 tools/testing/memblock/TODO                        |  4 ++--
 tools/testing/memblock/tests/alloc_exact_nid_api.c |  6 +++---
 tools/testing/memblock/tests/alloc_nid_api.c       |  6 +++---
 5 files changed, 22 insertions(+), 16 deletions(-)
Merging renesas-fixes/fixes (8a78d1c454b3c Merge branch 'renesas-pinctrl-fixes-for-v7.1' into renesas-fixes)
$ git merge -m Merge branch 'fixes' of https://git.kernel.org/pub/scm/linux/kernel/git/geert/renesas-devel.git renesas-fixes/fixes
Merge made by the 'ort' strategy.
 drivers/pinctrl/renesas/pinctrl-rzg2l.c | 23 +++++++++++++++--------
 1 file changed, 15 insertions(+), 8 deletions(-)
Merging perf-current/perf-tools (5a433107fab62 perf trace: Update beautifier script for clone flags)
$ git merge -m Merge branch 'perf-tools' of https://git.kernel.org/pub/scm/linux/kernel/git/perf/perf-tools.git perf-current/perf-tools
Merge made by the 'ort' strategy.
 tools/perf/Makefile                                |  5 ++++-
 tools/perf/Makefile.perf                           |  9 ++++++++-
 tools/perf/builtin-trace.c                         |  9 +++------
 tools/perf/trace/beauty/beauty.h                   |  3 +++
 tools/perf/trace/beauty/clone.sh                   |  4 ++++
 tools/perf/trace/beauty/fsmount.c                  | 18 +++++++++++++++++-
 tools/perf/trace/beauty/fsmount.sh                 | 11 +++--------
 tools/perf/trace/beauty/fsmount_attr.sh            | 22 ++++++++++++++++++++++
 tools/perf/trace/beauty/include/linux/socket.h     |  2 +-
 tools/perf/trace/beauty/include/uapi/linux/fs.h    | 12 ++++++++++++
 tools/perf/trace/beauty/include/uapi/linux/mount.h |  1 +
 tools/perf/trace/beauty/include/uapi/linux/sched.h | 17 +++++++++++++++--
 12 files changed, 93 insertions(+), 20 deletions(-)
 create mode 100644 tools/perf/trace/beauty/fsmount_attr.sh
Merging efi-fixes/urgent (2c340aab5485e x86/efi: Restore IRQ state in EFI page fault handler)
$ git merge -m Merge branch 'urgent' of https://git.kernel.org/pub/scm/linux/kernel/git/efi/efi.git efi-fixes/urgent
Already up to date.
Merging battery-fixes/fixes (254f49634ee16 Linux 7.1-rc1)
$ git merge -m Merge branch 'fixes' of https://git.kernel.org/pub/scm/linux/kernel/git/sre/linux-power-supply.git battery-fixes/fixes
Already up to date.
Merging iommufd-fixes/for-rc (be93d186ae88a iommufd: Use sizeof(*hdr) instead of sizeof(hdr) in veventq read)
$ git merge -m Merge branch 'for-rc' of https://git.kernel.org/pub/scm/linux/kernel/git/jgg/iommufd.git iommufd-fixes/for-rc
Merge made by the 'ort' strategy.
 drivers/iommu/iommufd/eventq.c | 2 +-
 1 file changed, 1 insertion(+), 1 deletion(-)
Merging rust-fixes/rust-fixes (84a0f7caafc67 ARM: Do not select HAVE_RUST when KASAN is enabled)
$ git merge -m Merge branch 'rust-fixes' of https://github.com/Rust-for-Linux/linux.git rust-fixes/rust-fixes
Merge made by the 'ort' strategy.
 arch/arm/Kconfig | 2 +-
 1 file changed, 1 insertion(+), 1 deletion(-)
Merging w1-fixes/fixes (254f49634ee16 Linux 7.1-rc1)
$ git merge -m Merge branch 'fixes' of https://git.kernel.org/pub/scm/linux/kernel/git/krzk/linux-w1.git w1-fixes/fixes
Already up to date.
Merging pmdomain-fixes/fixes (5d6919055dec1 Linux 7.1-rc3)
$ git merge -m Merge branch 'fixes' of https://git.kernel.org/pub/scm/linux/kernel/git/ulfh/linux-pm.git pmdomain-fixes/fixes
Already up to date.
Merging i2c-host-fixes/i2c/i2c-host-fixes (30792d1284290 i2c: tegra: make tegra_i2c_mutex_unlock() return void)
$ git merge -m Merge branch 'i2c/i2c-host-fixes' of https://git.kernel.org/pub/scm/linux/kernel/git/andi.shyti/linux.git i2c-host-fixes/i2c/i2c-host-fixes
Merge made by the 'ort' strategy.
 drivers/i2c/busses/i2c-tegra.c | 19 +++++++++----------
 1 file changed, 9 insertions(+), 10 deletions(-)
Merging i2c-rust-fixes/rust-i2c-fixes (7ca6d1cfec80e Merge tag 'powerpc-7.0-4' of git://git.kernel.org/pub/scm/linux/kernel/git/powerpc/linux)
$ git merge -m Merge branch 'rust-i2c-fixes' of https://github.com/ikrtn/rust-for-linux i2c-rust-fixes/rust-i2c-fixes
Already up to date.
Merging sparc-fixes/for-linus (8f0b4cce4481f Linux 6.19-rc1)
$ git merge -m Merge branch 'for-linus' of https://git.kernel.org/pub/scm/linux/kernel/git/alarsson/linux-sparc.git sparc-fixes/for-linus
Already up to date.
Merging clk-fixes/clk-fixes (de019f203b0d4 clk: rk808: fix OF node reference imbalance)
$ git merge -m Merge branch 'clk-fixes' of https://git.kernel.org/pub/scm/linux/kernel/git/clk/linux.git clk-fixes/clk-fixes
Already up to date.
Merging thead-clk-fixes/thead-clk-fixes (8f0b4cce4481f Linux 6.19-rc1)
$ git merge -m Merge branch 'thead-clk-fixes' of https://git.kernel.org/pub/scm/linux/kernel/git/fustini/linux.git thead-clk-fixes/thead-clk-fixes
Already up to date.
Merging tenstorrent-clk-fixes/tenstorrent-clk-fixes (6de23f81a5e08 Linux 7.0-rc1)
$ git merge -m Merge branch 'tenstorrent-clk-fixes' of https://git.kernel.org/pub/scm/linux/kernel/git/tenstorrent/linux.git tenstorrent-clk-fixes/tenstorrent-clk-fixes
Already up to date.
Merging pwrseq-fixes/pwrseq/for-current (254f49634ee16 Linux 7.1-rc1)
$ git merge -m Merge branch 'pwrseq/for-current' of https://git.kernel.org/pub/scm/linux/kernel/git/brgl/linux.git pwrseq-fixes/pwrseq/for-current
Already up to date.
Merging thead-dt-fixes/thead-dt-fixes (6de23f81a5e08 Linux 7.0-rc1)
$ git merge -m Merge branch 'thead-dt-fixes' of https://git.kernel.org/pub/scm/linux/kernel/git/fustini/linux.git thead-dt-fixes/thead-dt-fixes
Already up to date.
Merging ftrace-fixes/ftrace/fixes (1650a1b6cb1ae fgraph: Check ftrace_pids_enabled on registration for early filtering)
$ git merge -m Merge branch 'ftrace/fixes' of https://git.kernel.org/pub/scm/linux/kernel/git/trace/linux-trace.git ftrace-fixes/ftrace/fixes
Already up to date.
Merging ring-buffer-fixes/ring-buffer/fixes (92d5a606721f7 ring-buffer: Do not double count the reader_page)
$ git merge -m Merge branch 'ring-buffer/fixes' of https://git.kernel.org/pub/scm/linux/kernel/git/trace/linux-trace.git ring-buffer-fixes/ring-buffer/fixes
Already up to date.
Merging trace-fixes/trace/fixes (55a0005518195 tracing: Fix desc in error path for the trace remote test module)
$ git merge -m Merge branch 'trace/fixes' of https://git.kernel.org/pub/scm/linux/kernel/git/trace/linux-trace.git trace-fixes/trace/fixes
Already up to date.
Merging tracefs-fixes/tracefs/fixes (07004a8c4b572 eventfs: Hold eventfs_mutex and SRCU when remount walks events)
$ git merge -m Merge branch 'tracefs/fixes' of https://git.kernel.org/pub/scm/linux/kernel/git/trace/linux-trace.git tracefs-fixes/tracefs/fixes
Already up to date.
Merging spacemit-fixes/fixes (254f49634ee16 Linux 7.1-rc1)
$ git merge -m Merge branch 'fixes' of https://github.com/spacemit-com/linux spacemit-fixes/fixes
Already up to date.
Merging tip-fixes/tip/urgent (150e35bf7787c Merge branch into tip/master: 'x86/urgent')
$ git merge -m Merge branch 'tip/urgent' of https://git.kernel.org/pub/scm/linux/kernel/git/tip/tip.git tip-fixes/tip/urgent
Merge made by the 'ort' strategy.
Merging slab-fixes/slab/for-next-fixes (67ea9d353d0ba mm/slub: hold cpus_read_lock around flush_rcu_sheaves_on_cache())
$ git merge -m Merge branch 'slab/for-next-fixes' of https://git.kernel.org/pub/scm/linux/kernel/git/vbabka/slab.git slab-fixes/slab/for-next-fixes
Auto-merging mm/slub.c
Merge made by the 'ort' strategy.
 mm/slab_common.c | 2 ++
 mm/slub.c        | 1 +
 2 files changed, 3 insertions(+)
Merging kexec-fixes/kexec-fixes (028ef9c96e961 Linux 7.0)
$ git merge -m Merge branch 'kexec-fixes' of https://git.kernel.org/pub/scm/linux/kernel/git/liveupdate/linux.git kexec-fixes/kexec-fixes
Already up to date.
Merging liveupdate-fixes/fixes (b1378127003b6 kho: docs: fix typo in ABI documentation)
$ git merge -m Merge branch 'fixes' of https://git.kernel.org/pub/scm/linux/kernel/git/liveupdate/linux.git liveupdate-fixes/fixes
Merge made by the 'ort' strategy.
 include/linux/kho/abi/kexec_handover.h | 4 ++--
 1 file changed, 2 insertions(+), 2 deletions(-)
Merging drm-msm-fixes/msm-fixes (db339b6bc9f23 dt-bindings: display/msm: Fix typo in clock-names property)
$ git merge -m Merge branch 'msm-fixes' of https://gitlab.freedesktop.org/drm/msm.git drm-msm-fixes/msm-fixes
Auto-merging drivers/gpu/drm/msm/adreno/a6xx_gpu.c
Auto-merging drivers/gpu/drm/msm/disp/msm_disp_snapshot_util.c
Auto-merging drivers/gpu/drm/msm/msm_gpu.c
Auto-merging drivers/gpu/drm/msm/msm_iommu.c
Merge made by the 'ort' strategy.
 .../bindings/display/msm/dp-controller.yaml        | 28 ++++++++++++---
 .../bindings/display/msm/qcom,eliza-mdss.yaml      | 20 ++++++-----
 .../bindings/display/msm/qcom,sm8650-dpu.yaml      |  2 +-
 .../bindings/display/msm/qcom,sm8650-mdss.yaml     |  2 +-
 .../bindings/display/msm/qcom,sm8750-mdss.yaml     | 16 +++++----
 drivers/gpu/drm/msm/adreno/a6xx_gpu.c              |  7 ++--
 drivers/gpu/drm/msm/adreno/a6xx_hfi.c              |  2 ++
 drivers/gpu/drm/msm/adreno/adreno_device.c         |  2 +-
 drivers/gpu/drm/msm/adreno/adreno_gpu.c            |  8 ++++-
 .../drm/msm/disp/dpu1/catalog/dpu_13_0_kaanapali.h |  2 +-
 drivers/gpu/drm/msm/disp/dpu1/dpu_formats.c        | 12 ++++---
 drivers/gpu/drm/msm/disp/dpu1/dpu_writeback.c      |  3 +-
 drivers/gpu/drm/msm/disp/msm_disp_snapshot_util.c  | 28 ++++++++++-----
 drivers/gpu/drm/msm/dsi/dsi_host.c                 |  1 +
 drivers/gpu/drm/msm/msm_gem_shrinker.c             | 40 +++++++++-------------
 drivers/gpu/drm/msm/msm_gpu.c                      |  4 +--
 drivers/gpu/drm/msm/msm_iommu.c                    |  5 +--
 17 files changed, 113 insertions(+), 69 deletions(-)
Merging uml-fixes/fixes (254f49634ee16 Linux 7.1-rc1)
$ git merge -m Merge branch 'fixes' of https://git.kernel.org/pub/scm/linux/kernel/git/uml/linux.git uml-fixes/fixes
Already up to date.
Merging fwctl-fixes/for-rc (254f49634ee16 Linux 7.1-rc1)
$ git merge -m Merge branch 'for-rc' of https://git.kernel.org/pub/scm/linux/kernel/git/fwctl/fwctl.git fwctl-fixes/for-rc
Already up to date.
Merging devsec-tsm-fixes/fixes (c3fd16c3b98ed virt: tdx-guest: Fix handling of host controlled 'quote' buffer length)
$ git merge -m Merge branch 'fixes' of https://git.kernel.org/pub/scm/linux/kernel/git/devsec/tsm.git devsec-tsm-fixes/fixes
Already up to date.
Merging drm-rust-fixes/for-linux-next-fixes (0a69ac25bd596 rust: drm: fix unsound initialization in drm::Device::new)
$ git merge -m Merge branch 'for-linux-next-fixes' of https://gitlab.freedesktop.org/drm/rust/kernel.git drm-rust-fixes/for-linux-next-fixes
Already up to date.
Merging tenstorrent-dt-fixes/tenstorrent-dt-fixes (6de23f81a5e08 Linux 7.0-rc1)
$ git merge -m Merge branch 'tenstorrent-dt-fixes' of https://git.kernel.org/pub/scm/linux/kernel/git/tenstorrent/linux.git tenstorrent-dt-fixes/tenstorrent-dt-fixes
Already up to date.
Merging nfc-fixes/for-linus (f040e590c035b nfc: hci: fix out-of-bounds read in HCP header parsing)
$ git merge -m Merge branch 'for-linus' of https://codeberg.org/linux-nfc/linux.git nfc-fixes/for-linus
Merge made by the 'ort' strategy.
 net/nfc/hci/core.c  | 10 ++++++++++
 net/nfc/llcp_core.c | 11 +++++++++++
 net/nfc/llcp_sock.c |  2 ++
 net/nfc/nci/hci.c   | 10 ++++++++++
 4 files changed, 33 insertions(+)
Merging drm-misc-fixes/for-linux-next-fixes (0a9c56dd38760 drm/loongson: Use managed KMS polling)
$ git merge -m Merge branch 'for-linux-next-fixes' of https://gitlab.freedesktop.org/drm/misc/kernel.git drm-misc-fixes/for-linux-next-fixes
Already up to date.
Merging rust/rust-next (5d6919055dec1 Linux 7.1-rc3)
$ git merge -m Merge branch 'rust-next' of https://github.com/Rust-for-Linux/linux.git rust/rust-next
Already up to date.
Merging rust-interop/interop-next (05f7e89ab9731 Linux 6.19)
$ git merge -m Merge branch 'interop-next' of https://github.com/Rust-for-Linux/linux.git rust-interop/interop-next
Already up to date.
Merging rust-alloc/alloc-next (f497aae6ded43 rust: alloc: fix `Vec::extend_with` SAFETY comment)
$ git merge -m Merge branch 'alloc-next' of https://github.com/Rust-for-Linux/linux.git rust-alloc/alloc-next
Merge made by the 'ort' strategy.
 rust/kernel/alloc/kvec.rs | 22 ++++++++++++++++++++--
 1 file changed, 20 insertions(+), 2 deletions(-)
Merging rust-io/io-next (86731a2a651e5 Linux 6.16-rc3)
$ git merge -m Merge branch 'io-next' of https://github.com/Rust-for-Linux/linux.git rust-io/io-next
Already up to date.
Merging rust-pin-init/pin-init-next (fea304ec87545 rust: pin-init: internal: add `PhantomInvariant` and `PhantomInvariantLifetime`)
$ git merge -m Merge branch 'pin-init-next' of https://github.com/Rust-for-Linux/linux.git rust-pin-init/pin-init-next
Merge made by the 'ort' strategy.
 rust/pin-init/README.md                       |   2 +-
 rust/pin-init/examples/big_struct_in_place.rs |   3 -
 rust/pin-init/examples/error.rs               |   2 +
 rust/pin-init/examples/linked_list.rs         |   2 -
 rust/pin-init/examples/mutex.rs               |   4 +-
 rust/pin-init/examples/pthread_mutex.rs       |   4 +-
 rust/pin-init/examples/static_init.rs         |   4 +-
 rust/pin-init/internal/src/diagnostics.rs     |  14 ++
 rust/pin-init/internal/src/init.rs            |   9 +-
 rust/pin-init/internal/src/lib.rs             |   1 -
 rust/pin-init/internal/src/pin_data.rs        | 234 ++++++++++++--------------
 rust/pin-init/internal/src/zeroable.rs        |   2 +-
 rust/pin-init/src/__internal.rs               |  56 +++++-
 rust/pin-init/src/lib.rs                      |  91 ++++------
 14 files changed, 218 insertions(+), 210 deletions(-)
Merging rust-timekeeping/timekeeping-next (ddb1444d33351 hrtimer: add usage examples to documentation)
$ git merge -m Merge branch 'timekeeping-next' of https://github.com/Rust-for-Linux/linux.git rust-timekeeping/timekeeping-next
Already up to date.
Merging rust-xarray/xarray-next (c455f19bbe610 rust: xarray: add __rust_helper to helpers)
$ git merge -m Merge branch 'xarray-next' of https://github.com/Rust-for-Linux/linux.git rust-xarray/xarray-next
Already up to date.
Merging rust-analyzer/rust-analyzer-next (5d6919055dec1 Linux 7.1-rc3)
$ git merge -m Merge branch 'rust-analyzer-next' of https://github.com/Rust-for-Linux/linux.git rust-analyzer/rust-analyzer-next
Already up to date.
Merging mm-stable/mm-stable (5d6919055dec1 Linux 7.1-rc3)
$ git merge -m Merge branch 'mm-stable' of https://git.kernel.org/pub/scm/linux/kernel/git/akpm/mm mm-stable/mm-stable
Already up to date.
Merging mm-nonmm-stable/mm-nonmm-stable (5d6919055dec1 Linux 7.1-rc3)
$ git merge -m Merge branch 'mm-nonmm-stable' of https://git.kernel.org/pub/scm/linux/kernel/git/akpm/mm mm-nonmm-stable/mm-nonmm-stable
Already up to date.
Merging mm-unstable/mm-unstable (444fc9435e571 mm-swap-pm-hibernate-atomically-replace-hibernation-pin-checkpatch-fixes)
$ git merge -m Merge branch 'mm-unstable' of https://git.kernel.org/pub/scm/linux/kernel/git/akpm/mm mm-unstable/mm-unstable
Auto-merging arch/riscv/mm/init.c
Auto-merging fs/inode.c
Auto-merging tools/testing/selftests/cgroup/lib/cgroup_util.c
Auto-merging tools/testing/selftests/cgroup/test_kmem.c
Merge made by the 'ort' strategy.
 Documentation/ABI/testing/sysfs-kernel-mm-damon    |  81 ++-
 Documentation/admin-guide/mm/damon/lru_sort.rst    |   8 +-
 Documentation/admin-guide/mm/damon/reclaim.rst     |  19 +-
 Documentation/admin-guide/mm/damon/stat.rst        |   7 +
 Documentation/admin-guide/mm/damon/usage.rst       |  38 +-
 Documentation/admin-guide/mm/hugetlbpage.rst       |  15 +-
 Documentation/admin-guide/mm/transhuge.rst         |  71 +-
 Documentation/mm/damon/design.rst                  |  33 +
 Documentation/mm/damon/maintainer-profile.rst      |  21 +
 arch/arm64/mm/mmu.c                                |   5 +-
 arch/loongarch/mm/init.c                           |   5 +-
 arch/powerpc/mm/init_64.c                          |   8 -
 arch/powerpc/mm/mem.c                              |   5 +-
 arch/riscv/mm/init.c                               |   5 +-
 arch/s390/mm/init.c                                |   5 +-
 arch/s390/mm/vmem.c                                |   3 +-
 arch/sh/mm/cache-sh4.c                             |   2 +-
 arch/sparc/mm/init_64.c                            |  20 -
 arch/x86/hyperv/mmu.c                              |   4 +-
 arch/x86/include/asm/tlb.h                         |  19 +-
 arch/x86/include/asm/tlbflush.h                    |   6 +-
 arch/x86/kernel/smpboot.c                          |   1 +
 arch/x86/mm/init_64.c                              |   5 +-
 arch/x86/mm/tlb.c                                  |  39 +-
 drivers/base/node.c                                |   2 +
 drivers/dax/kmem.c                                 |   6 +
 drivers/gpu/drm/drm_managed.c                      |   4 +-
 fs/btrfs/defrag.c                                  |   3 -
 fs/inode.c                                         |   3 -
 fs/open.c                                          |  27 -
 fs/proc/task_mmu.c                                 | 195 ++++--
 include/asm-generic/pgalloc.h                      |   2 +-
 include/asm-generic/tlb.h                          |  17 +
 include/linux/alloc_tag.h                          |   4 +-
 include/linux/bootmem_info.h                       |   1 -
 include/linux/damon.h                              |  46 +-
 include/linux/fs.h                                 |   5 -
 include/linux/gfp.h                                |   4 +
 include/linux/gfp_types.h                          |   6 +-
 include/linux/highmem-internal.h                   |   2 +-
 include/linux/huge_mm.h                            |  30 +-
 include/linux/memory_hotplug.h                     |   8 +-
 include/linux/mm.h                                 |  18 -
 include/linux/pagemap.h                            |  58 +-
 include/linux/shmem_fs.h                           |   2 +-
 include/linux/swap.h                               |   7 +-
 include/linux/thread_info.h                        |   2 +-
 include/linux/vmpressure.h                         |   9 +-
 include/trace/events/huge_memory.h                 |  37 +-
 include/trace/events/vmscan.h                      |  52 ++
 kernel/bpf/arena.c                                 |   2 +-
 kernel/fork.c                                      |   5 +-
 kernel/power/swap.c                                |   2 +-
 kernel/power/user.c                                |  20 +-
 lib/alloc_tag.c                                    | 147 +++--
 mm/Kconfig                                         |  18 +-
 mm/bootmem_info.c                                  |  25 +-
 mm/damon/core.c                                    | 349 ++++++++--
 mm/damon/lru_sort.c                                |  56 +-
 mm/damon/ops-common.c                              |   9 +-
 mm/damon/paddr.c                                   |   8 +-
 mm/damon/reclaim.c                                 |  95 ++-
 mm/damon/stat.c                                    |  92 ++-
 mm/damon/sysfs-schemes.c                           |  65 ++
 mm/damon/sysfs.c                                   |  31 +
 mm/damon/tests/core-kunit.h                        |  38 +-
 mm/damon/vaddr.c                                   |  10 +-
 mm/filemap.c                                       |  68 +-
 mm/gup.c                                           |  21 +-
 mm/huge_memory.c                                   | 157 +++--
 mm/hugetlb.c                                       |   7 +-
 mm/kfence/kfence_test.c                            |   2 +-
 mm/khugepaged.c                                    | 729 +++++++++++++++------
 mm/kmemleak.c                                      | 148 ++++-
 mm/madvise.c                                       |  60 +-
 mm/memcontrol.c                                    |   5 +-
 mm/memory-failure.c                                |   8 +-
 mm/memory.c                                        |  57 +-
 mm/memory_hotplug.c                                |  29 +-
 mm/memremap.c                                      |   4 +-
 mm/migrate.c                                       |  48 +-
 mm/migrate_device.c                                |   9 +-
 mm/mm_init.c                                       |  47 +-
 mm/mmap.c                                          |   2 +-
 mm/mmu_gather.c                                    |  15 +
 mm/page_alloc.c                                    | 277 ++++++--
 mm/page_io.c                                       |  42 +-
 mm/page_isolation.c                                |  69 +-
 mm/page_owner.c                                    |   2 +-
 mm/readahead.c                                     |   6 +-
 mm/rmap.c                                          |   8 +-
 mm/shmem.c                                         |   5 +-
 mm/sparse-vmemmap.c                                |  75 ++-
 mm/sparse.c                                        |  68 +-
 mm/swap.c                                          |  43 +-
 mm/swapfile.c                                      | 267 ++++++--
 mm/truncate.c                                      |   8 +-
 mm/vmalloc.c                                       |  29 +-
 mm/vmpressure.c                                    |  15 +-
 mm/vmscan.c                                        | 362 +++++-----
 net/rds/tcp_recv.c                                 |   2 +-
 tools/testing/selftests/cgroup/lib/cgroup_util.c   |  18 +-
 .../selftests/cgroup/lib/include/cgroup_util.h     |   4 +-
 tools/testing/selftests/cgroup/test_core.c         |   2 +-
 tools/testing/selftests/cgroup/test_freezer.c      |   2 +-
 tools/testing/selftests/cgroup/test_kmem.c         |  13 +-
 tools/testing/selftests/cgroup/test_memcontrol.c   |  19 +-
 tools/testing/selftests/cgroup/test_zswap.c        | 181 +++--
 tools/testing/selftests/damon/_damon_sysfs.py      |  31 +-
 .../selftests/damon/drgn_dump_damon_status.py      |   3 +
 tools/testing/selftests/damon/sysfs.py             |  56 +-
 tools/testing/selftests/mm/.gitignore              |   4 +
 tools/testing/selftests/mm/Makefile                |  23 +-
 tools/testing/selftests/mm/check_config.sh         |   2 +-
 tools/testing/selftests/mm/compaction_test.c       | 115 +---
 tools/testing/selftests/mm/cow.c                   |  31 +-
 tools/testing/selftests/mm/droppable.c             |   9 +-
 tools/testing/selftests/mm/folio_split_race_test.c |  25 +-
 tools/testing/selftests/mm/guard-regions.c         |  20 +-
 tools/testing/selftests/mm/gup_longterm.c          |   5 +-
 tools/testing/selftests/mm/gup_test.c              |  15 +
 tools/testing/selftests/mm/hmm-tests.c             |  26 +-
 tools/testing/selftests/mm/hugepage-mmap.c         |  78 ---
 .../mm/{thp_settings.c => hugepage_settings.c}     | 316 +++++++--
 .../mm/{thp_settings.h => hugepage_settings.h}     |  82 ++-
 tools/testing/selftests/mm/hugetlb-madvise.c       | 219 +++----
 tools/testing/selftests/mm/hugetlb-mmap.c          | 143 ++++
 .../mm/{hugepage-mremap.c => hugetlb-mremap.c}     |  15 +-
 tools/testing/selftests/mm/hugetlb-read-hwpoison.c | 121 ++--
 .../selftests/mm/{hugepage-shm.c => hugetlb-shm.c} |  73 ++-
 tools/testing/selftests/mm/hugetlb-soft-offline.c  |  45 +-
 .../mm/{hugepage-vmemmap.c => hugetlb-vmemmap.c}   |  46 +-
 tools/testing/selftests/mm/hugetlb_dio.c           |  15 +-
 .../selftests/mm/hugetlb_fault_after_madv.c        |   9 +-
 tools/testing/selftests/mm/hugetlb_madv_vs_map.c   |  22 +-
 tools/testing/selftests/mm/khugepaged.c            | 585 +++++++++--------
 tools/testing/selftests/mm/ksft_kmemleak_dedup.sh  | 222 +++++++
 tools/testing/selftests/mm/ksm_tests.c             | 182 +++--
 tools/testing/selftests/mm/map_hugetlb.c           |  88 ---
 tools/testing/selftests/mm/migration.c             | 147 +++--
 tools/testing/selftests/mm/mlock2-tests.c          |  86 ++-
 tools/testing/selftests/mm/mremap_test.c           | 109 +--
 tools/testing/selftests/mm/pagemap_ioctl.c         |  13 +-
 tools/testing/selftests/mm/pkey-helpers.h          |  15 +-
 tools/testing/selftests/mm/prctl_thp_disable.c     |   2 +-
 tools/testing/selftests/mm/process_madv.c          |  28 +
 tools/testing/selftests/mm/protection_keys.c       | 130 ++--
 tools/testing/selftests/mm/run_vmtests.sh          | 187 ++----
 tools/testing/selftests/mm/soft-dirty.c            |   2 +-
 tools/testing/selftests/mm/split_huge_page_test.c  |  12 +-
 tools/testing/selftests/mm/thuge-gen.c             |  96 +--
 tools/testing/selftests/mm/transhuge-stress.c      |   2 +-
 tools/testing/selftests/mm/uffd-common.h           |  18 +-
 tools/testing/selftests/mm/uffd-stress.c           |  43 +-
 tools/testing/selftests/mm/uffd-unit-tests.c       | 138 ++--
 tools/testing/selftests/mm/uffd-wp-mremap.c        |  20 +-
 tools/testing/selftests/mm/va_high_addr_switch.c   |  42 +-
 tools/testing/selftests/mm/va_high_addr_switch.sh  |  41 +-
 tools/testing/selftests/mm/vm_util.c               | 134 ++--
 tools/testing/selftests/mm/vm_util.h               |  15 +-
 tools/testing/selftests/proc/proc-maps-race.c      | 295 +++++++--
 161 files changed, 5636 insertions(+), 3445 deletions(-)
 delete mode 100644 tools/testing/selftests/mm/hugepage-mmap.c
 rename tools/testing/selftests/mm/{thp_settings.c => hugepage_settings.c} (58%)
 rename tools/testing/selftests/mm/{thp_settings.h => hugepage_settings.h} (51%)
 create mode 100644 tools/testing/selftests/mm/hugetlb-mmap.c
 rename tools/testing/selftests/mm/{hugepage-mremap.c => hugetlb-mremap.c} (92%)
 rename tools/testing/selftests/mm/{hugepage-shm.c => hugetlb-shm.c} (55%)
 rename tools/testing/selftests/mm/{hugepage-vmemmap.c => hugetlb-vmemmap.c} (76%)
 create mode 100755 tools/testing/selftests/mm/ksft_kmemleak_dedup.sh
 delete mode 100644 tools/testing/selftests/mm/map_hugetlb.c
Merging mm-nonmm-unstable/mm-nonmm-unstable (0cf69f4119af1 kcov: allow simultaneous KCOV_ENABLE/KCOV_REMOTE_ENABLE)
$ git merge -m Merge branch 'mm-nonmm-unstable' of https://git.kernel.org/pub/scm/linux/kernel/git/akpm/mm mm-nonmm-unstable/mm-nonmm-unstable
Auto-merging MAINTAINERS
Auto-merging Makefile
Auto-merging arch/riscv/Kconfig
Auto-merging include/linux/sched.h
Auto-merging kernel/fork.c
Auto-merging lib/alloc_tag.c
Auto-merging mm/Kconfig
Merge made by the 'ort' strategy.
 .clang-format                                      |   2 +
 CREDITS                                            |   4 +
 Documentation/atomic_t.txt                         |  14 +-
 Documentation/dev-tools/checkpatch.rst             |  14 +
 MAINTAINERS                                        |   2 -
 Makefile                                           |  27 +-
 arch/arc/include/asm/uaccess.h                     |   3 +-
 arch/arm/include/asm/uaccess.h                     |   3 +-
 arch/arm64/Kconfig                                 |   3 +
 arch/arm64/include/asm/barrier.h                   |  23 ++
 arch/arm64/include/asm/cmpxchg.h                   |  62 +++-
 arch/arm64/include/asm/delay-const.h               |  27 ++
 arch/arm64/include/asm/rqspinlock.h                |  85 -----
 arch/arm64/include/asm/uaccess.h                   |   3 +-
 arch/arm64/lib/delay.c                             |  17 +-
 arch/hexagon/include/asm/uaccess.h                 |   3 +-
 arch/loongarch/include/asm/uaccess.h               |   3 +-
 arch/m68k/include/asm/uaccess.h                    |   3 +-
 arch/microblaze/include/asm/uaccess.h              |   3 +-
 arch/mips/include/asm/uaccess.h                    |   3 +-
 arch/nios2/include/asm/uaccess.h                   |   3 +-
 arch/openrisc/include/asm/uaccess.h                |   3 +-
 arch/parisc/include/asm/uaccess.h                  |   3 +-
 arch/riscv/Kconfig                                 |   3 -
 arch/riscv/kernel/image-vars.h                     |   9 +
 arch/riscv/lib/Makefile                            |   1 +
 arch/riscv/lib/ashldi3.S                           |  36 ++
 arch/riscv/lib/ashrdi3.S                           |  36 ++
 arch/riscv/lib/lshrdi3.S                           |  36 ++
 arch/s390/include/asm/uaccess.h                    |   3 +-
 arch/sh/include/asm/uaccess.h                      |   3 +-
 arch/sparc/include/asm/uaccess_32.h                |   3 +-
 arch/sparc/include/asm/uaccess_64.h                |   3 +-
 arch/um/include/asm/uaccess.h                      |   3 +-
 arch/xtensa/include/asm/uaccess.h                  |   3 +-
 certs/Kconfig                                      |  14 +-
 drivers/clocksource/arm_arch_timer.c               |   2 +
 drivers/cpuidle/poll_state.c                       |  21 +-
 drivers/firmware/efi/libstub/Makefile              |   3 +-
 drivers/rapidio/devices/tsi721.c                   |   3 +-
 drivers/soc/qcom/rpmh-rsc.c                        |   8 +-
 drivers/usb/usbip/usbip_common.h                   |  29 +-
 drivers/usb/usbip/vhci_rx.c                        |   4 +-
 drivers/usb/usbip/vhci_sysfs.c                     |   2 +-
 drivers/vhost/vhost.h                              |   2 +-
 fs/Kconfig                                         |   6 +-
 fs/fat/fat_test.c                                  |  33 ++
 fs/ocfs2/file.c                                    |  23 +-
 fs/ocfs2/journal.c                                 |   7 +-
 fs/ocfs2/quota_local.c                             |   2 +-
 fs/ocfs2/xattr.c                                   | 123 ++++---
 fs/proc/base.c                                     |  63 ++--
 fs/proc/generic.c                                  |  10 +-
 include/asm-generic/barrier.h                      |  95 ++++++
 include/asm-generic/uaccess.h                      |   3 +-
 include/linux/atomic.h                             |  10 +
 include/linux/atomic/atomic-long.h                 |  18 +-
 include/linux/codetag.h                            |   3 +-
 include/linux/init.h                               |   2 +-
 include/linux/kcov.h                               |  12 +-
 include/linux/llist.h                              |   4 +-
 include/linux/sched.h                              |   3 +
 include/linux/sched/idle.h                         |  29 ++
 include/linux/skbuff.h                             |  14 +-
 include/linux/types.h                              |   6 +
 include/linux/uaccess.h                            |  25 +-
 init/Kconfig                                       |  24 +-
 kernel/bpf/rqspinlock.c                            |  77 +++--
 kernel/fork.c                                      |  11 +-
 kernel/kcov.c                                      | 100 +++---
 kernel/taskstats.c                                 |  62 ++--
 lib/Kconfig                                        |   2 +-
 lib/Kconfig.debug                                  |  20 ++
 lib/alloc_tag.c                                    |   8 +-
 lib/base64.c                                       |   5 +-
 lib/bug.c                                          |  80 ++---
 lib/cmdline.c                                      |  30 +-
 lib/codetag.c                                      |  12 +-
 lib/idr.c                                          |  55 ++-
 lib/iov_iter.c                                     |  54 +--
 lib/kstrtox.c                                      |  37 +-
 lib/seq_buf.c                                      |   1 +
 lib/test-kstrtox.c                                 |   6 +
 lib/test_ida.c                                     |  14 +
 lib/tests/Makefile                                 |   2 +
 lib/tests/barrier-timeout-test.c                   | 125 +++++++
 lib/tests/cmdline_kunit.c                          | 118 +++++++
 lib/tests/seq_buf_kunit.c                          |  34 ++
 lib/tests/shdi3_kunit.c                            | 175 ++++++++++
 lib/tests/string_helpers_kunit.c                   |  15 +-
 lib/usercopy.c                                     |   4 +-
 mm/Kconfig                                         |   4 +-
 mm/kfence/core.c                                   |   5 +
 rust/helpers/uaccess.c                             |   2 +-
 scripts/atomic/gen-atomic-long.sh                  |  16 +-
 scripts/bloat-o-meter                              |   1 +
 scripts/checkpatch.pl                              |  47 ++-
 scripts/get_maintainer.pl                          |  71 ++--
 tools/accounting/getdelays.c                       |   8 +-
 tools/testing/selftests/acct/.gitignore            |   3 +-
 tools/testing/selftests/acct/Makefile              |   7 +-
 .../selftests/acct/taskstats_fill_stats_tgid.c     | 375 +++++++++++++++++++++
 tools/testing/selftests/filelock/.gitignore        |   1 +
 tools/testing/selftests/filelock/ofdlocks.c        |  94 +++---
 .../selftests/perf_events/watermark_signal.c       |   2 +-
 105 files changed, 2006 insertions(+), 732 deletions(-)
 create mode 100644 arch/arm64/include/asm/delay-const.h
 create mode 100644 arch/riscv/lib/ashldi3.S
 create mode 100644 arch/riscv/lib/ashrdi3.S
 create mode 100644 arch/riscv/lib/lshrdi3.S
 create mode 100644 lib/tests/barrier-timeout-test.c
 create mode 100644 lib/tests/shdi3_kunit.c
 create mode 100644 tools/testing/selftests/acct/taskstats_fill_stats_tgid.c
 create mode 100644 tools/testing/selftests/filelock/.gitignore
$ git reset --hard HEAD^
HEAD is now at 66cb093bf56cc Merge branch 'mm-unstable' of https://git.kernel.org/pub/scm/linux/kernel/git/akpm/mm
Merging next-20260424 version of mm-nonmm-unstable
$ git merge -m next-20260424/mm-nonmm-unstable d9be92b6cedca55c9280e33ccc58e76232c17fee
Auto-merging .mailmap
Auto-merging MAINTAINERS
Auto-merging drivers/dax/bus.c
Auto-merging include/linux/gfp_types.h
Auto-merging include/linux/mm.h
Auto-merging kernel/fork.c
Auto-merging kernel/liveupdate/kexec_handover.c
Auto-merging lib/Kconfig.debug
Auto-merging lib/tests/Makefile
Auto-merging mm/damon/sysfs-schemes.c
Auto-merging mm/hugetlb.c
Auto-merging mm/page_alloc.c
Auto-merging mm/vmalloc.c
Auto-merging scripts/checkpatch.pl
Merge made by the 'ort' strategy.
 Documentation/admin-guide/index.rst             |   1 +
 Documentation/admin-guide/kallsyms-lineinfo.rst |  97 +++
 Documentation/dev-tools/checkpatch.rst          |  14 +
 MAINTAINERS                                     |   9 +
 arch/riscv/kernel/image-vars.h                  |   9 +
 fs/proc/base.c                                  |  63 +-
 fs/proc/generic.c                               |  10 +-
 include/linux/kallsyms.h                        |  17 +-
 include/linux/mod_lineinfo.h                    | 243 +++++++
 include/linux/module.h                          |   5 +
 init/Kconfig                                    |  35 +
 kernel/fork.c                                   |  11 +-
 kernel/kallsyms.c                               |  58 ++
 kernel/kallsyms_internal.h                      |  11 +
 kernel/module/kallsyms.c                        |  80 +++
 kernel/module/main.c                            |   3 +
 lib/Kconfig.debug                               |  10 +
 lib/cmdline.c                                   |  30 +-
 lib/idr.c                                       |  55 +-
 lib/kstrtox.c                                   |  37 +-
 lib/test-kstrtox.c                              |   6 +
 lib/test_ida.c                                  |  14 +
 lib/tests/Makefile                              |   3 +
 lib/tests/cmdline_kunit.c                       | 118 ++++
 lib/tests/lineinfo_kunit.c                      | 813 +++++++++++++++++++++++
 scripts/.gitignore                              |   1 +
 scripts/Makefile                                |   3 +
 scripts/Makefile.modfinal                       |   6 +
 scripts/checkpatch.pl                           |  43 +-
 scripts/empty_lineinfo.S                        |  38 ++
 scripts/gen-mod-lineinfo.sh                     |  48 ++
 scripts/gen_lineinfo.c                          | 848 ++++++++++++++++++++++++
 scripts/kallsyms.c                              |  17 +
 scripts/link-vmlinux.sh                         |  43 +-
 tools/accounting/getdelays.c                    |   8 +-
 35 files changed, 2697 insertions(+), 110 deletions(-)
 create mode 100644 Documentation/admin-guide/kallsyms-lineinfo.rst
 create mode 100644 include/linux/mod_lineinfo.h
 create mode 100644 lib/tests/lineinfo_kunit.c
 create mode 100644 scripts/empty_lineinfo.S
 create mode 100755 scripts/gen-mod-lineinfo.sh
 create mode 100644 scripts/gen_lineinfo.c
Merging kbuild/kbuild-for-next (2c31897a17e55 kbuild: pacman-pkg: package unstripped vDSO libraries)
$ git merge -m Merge branch 'kbuild-for-next' of https://git.kernel.org/pub/scm/linux/kernel/git/kbuild/linux.git kbuild/kbuild-for-next
Auto-merging scripts/Makefile.modfinal
CONFLICT (content): Merge conflict in scripts/Makefile.modfinal
Auto-merging scripts/package/PKGBUILD
Recorded preimage for 'scripts/Makefile.modfinal'
Automatic merge failed; fix conflicts and then commit the result.
$ git commit --no-edit -v -a
Recorded resolution for 'scripts/Makefile.modfinal'.
[master b658a27138e5f] Merge branch 'kbuild-for-next' of https://git.kernel.org/pub/scm/linux/kernel/git/kbuild/linux.git
$ git diff -M --stat --summary HEAD^..
 Documentation/kbuild/makefiles.rst | 41 ++++++++++++++++++++++++++++++--------
 scripts/Makefile.modfinal          | 10 +---------
 scripts/kconfig/conf.c             |  6 ++----
 scripts/package/PKGBUILD           |  3 +++
 4 files changed, 39 insertions(+), 21 deletions(-)
Merging clang-format/clang-format (8f0b4cce4481f Linux 6.19-rc1)
$ git merge -m Merge branch 'clang-format' of https://github.com/ojeda/linux.git clang-format/clang-format
Already up to date.
Merging perf/perf-tools-next (e445b78ffb8d4 perf trace: Introduce --show-cpu option to display cpu id)
$ git merge -m Merge branch 'perf-tools-next' of https://git.kernel.org/pub/scm/linux/kernel/git/perf/perf-tools-next.git perf/perf-tools-next
Auto-merging tools/perf/Makefile.perf
Auto-merging tools/perf/builtin-trace.c
Merge made by the 'ort' strategy.
 tools/build/Makefile.feature                       |  12 +-
 tools/build/feature/Makefile                       |  40 +-
 tools/build/feature/test-libunwind-aarch64.c       |  27 -
 tools/build/feature/test-libunwind-arm.c           |  28 -
 .../feature/test-libunwind-debug-frame-aarch64.c   |  17 -
 .../build/feature/test-libunwind-debug-frame-arm.c |  17 -
 tools/build/feature/test-libunwind-debug-frame.c   |   1 -
 tools/build/feature/test-libunwind-x86.c           |  28 -
 tools/build/feature/test-libunwind-x86_64.c        |  28 -
 tools/build/feature/test-libunwind.c               |   1 -
 tools/perf/Documentation/perf-trace.txt            |   3 +
 tools/perf/Makefile.config                         | 230 +++---
 tools/perf/Makefile.perf                           |   1 +
 tools/perf/arch/arm/util/Build                     |   2 -
 tools/perf/arch/arm/util/unwind-libunwind.c        |  50 --
 tools/perf/arch/arm64/util/Build                   |   2 -
 tools/perf/arch/arm64/util/machine.c               |  12 -
 tools/perf/arch/arm64/util/unwind-libunwind.c      |  17 -
 tools/perf/arch/common.c                           |   4 +-
 tools/perf/arch/loongarch/util/Build               |   2 -
 tools/perf/arch/loongarch/util/unwind-libunwind.c  |  82 --
 tools/perf/arch/mips/Build                         |   1 -
 tools/perf/arch/mips/util/Build                    |   1 -
 tools/perf/arch/mips/util/unwind-libunwind.c       |  22 -
 tools/perf/arch/powerpc/util/Build                 |   1 -
 tools/perf/arch/powerpc/util/unwind-libunwind.c    |  92 ---
 tools/perf/arch/x86/util/Build                     |   3 -
 tools/perf/arch/x86/util/unwind-libunwind.c        | 115 ---
 tools/perf/builtin-inject.c                        |   7 +-
 tools/perf/builtin-record.c                        |  11 +-
 tools/perf/builtin-report.c                        |   4 +
 tools/perf/builtin-sched.c                         | 176 ++++-
 tools/perf/builtin-script.c                        |   4 +
 tools/perf/builtin-trace.c                         |  51 +-
 tools/perf/pmu-events/amd_metrics.py               |   2 +-
 tools/perf/pmu-events/metric.py                    |   1 -
 tools/perf/tests/make                              |   6 +-
 tools/perf/tests/openat-syscall-tp-fields.c        |   5 +-
 tools/perf/tests/pmu-events.c                      |  24 +-
 tools/perf/tests/shell/ftrace.sh                   |   7 +-
 tools/perf/tests/shell/trace_summary.sh            |   2 +-
 tools/perf/trace/beauty/fcntl.c                    |  16 +
 tools/perf/util/Build                              |   5 +-
 tools/perf/util/annotate-data.c                    |  27 +-
 tools/perf/util/arm-spe-decoder/Build              |   2 +
 tools/perf/util/arm-spe-decoder/arm-spe-decoder.c  |  17 +-
 tools/perf/util/arm-spe-decoder/arm-spe-decoder.h  |   3 +-
 .../util/arm-spe-decoder/arm-spe-pkt-decoder.c     | 144 ++--
 .../util/arm-spe-decoder/arm-spe-pkt-decoder.h     |   5 +-
 tools/perf/util/arm-spe.c                          |  62 +-
 .../perf/util/arm64-frame-pointer-unwind-support.c |   6 +
 .../perf/util/arm64-frame-pointer-unwind-support.h |   2 +
 tools/perf/util/callchain.h                        |   2 -
 tools/perf/util/config.c                           |   4 +
 tools/perf/util/debuginfo.c                        |   9 +-
 tools/perf/util/dwarf-aux.c                        |  39 +-
 tools/perf/util/dwarf-aux.h                        |   5 +
 tools/perf/util/libdw.c                            |  72 +-
 tools/perf/util/libunwind-arch/Build               |  11 +
 tools/perf/util/libunwind-arch/libunwind-arch.c    | 319 ++++++++
 tools/perf/util/libunwind-arch/libunwind-arch.h    | 296 ++++++++
 tools/perf/util/libunwind-arch/libunwind-arm.c     | 290 +++++++
 tools/perf/util/libunwind-arch/libunwind-arm64.c   | 289 +++++++
 tools/perf/util/libunwind-arch/libunwind-i386.c    | 312 ++++++++
 .../perf/util/libunwind-arch/libunwind-loongarch.c | 297 ++++++++
 tools/perf/util/libunwind-arch/libunwind-mips.c    | 299 ++++++++
 tools/perf/util/libunwind-arch/libunwind-ppc32.c   | 303 ++++++++
 tools/perf/util/libunwind-arch/libunwind-ppc64.c   | 303 ++++++++
 tools/perf/util/libunwind-arch/libunwind-riscv.c   | 297 ++++++++
 tools/perf/util/libunwind-arch/libunwind-s390.c    | 299 ++++++++
 tools/perf/util/libunwind-arch/libunwind-x86_64.c  | 320 ++++++++
 tools/perf/util/libunwind/arm64.c                  |  40 -
 tools/perf/util/libunwind/x86_32.c                 |  41 -
 tools/perf/util/maps.c                             |  34 +-
 tools/perf/util/maps.h                             |   4 +-
 tools/perf/util/metricgroup.c                      |  11 +-
 tools/perf/util/pmus.c                             |  18 +-
 tools/perf/util/pmus.h                             |   1 +
 tools/perf/util/probe-finder.c                     | 102 ++-
 tools/perf/util/srcline.c                          |   9 +-
 tools/perf/util/srcline.h                          |   1 +
 tools/perf/util/symbol_conf.h                      |  10 +
 tools/perf/util/thread.c                           |  32 +-
 tools/perf/util/tool.c                             |   6 +
 tools/perf/util/unwind-libdw.c                     |  20 +-
 tools/perf/util/unwind-libunwind-local.c           | 831 ---------------------
 tools/perf/util/unwind-libunwind.c                 | 709 ++++++++++++++++--
 tools/perf/util/unwind.c                           | 104 +++
 tools/perf/util/unwind.h                           |  81 +-
 89 files changed, 5253 insertions(+), 1995 deletions(-)
 delete mode 100644 tools/build/feature/test-libunwind-aarch64.c
 delete mode 100644 tools/build/feature/test-libunwind-arm.c
 delete mode 100644 tools/build/feature/test-libunwind-debug-frame-aarch64.c
 delete mode 100644 tools/build/feature/test-libunwind-debug-frame-arm.c
 delete mode 100644 tools/build/feature/test-libunwind-x86.c
 delete mode 100644 tools/build/feature/test-libunwind-x86_64.c
 delete mode 100644 tools/perf/arch/arm/util/unwind-libunwind.c
 delete mode 100644 tools/perf/arch/arm64/util/machine.c
 delete mode 100644 tools/perf/arch/arm64/util/unwind-libunwind.c
 delete mode 100644 tools/perf/arch/loongarch/util/unwind-libunwind.c
 delete mode 100644 tools/perf/arch/mips/Build
 delete mode 100644 tools/perf/arch/mips/util/Build
 delete mode 100644 tools/perf/arch/mips/util/unwind-libunwind.c
 delete mode 100644 tools/perf/arch/powerpc/util/unwind-libunwind.c
 delete mode 100644 tools/perf/arch/x86/util/unwind-libunwind.c
 create mode 100644 tools/perf/util/libunwind-arch/Build
 create mode 100644 tools/perf/util/libunwind-arch/libunwind-arch.c
 create mode 100644 tools/perf/util/libunwind-arch/libunwind-arch.h
 create mode 100644 tools/perf/util/libunwind-arch/libunwind-arm.c
 create mode 100644 tools/perf/util/libunwind-arch/libunwind-arm64.c
 create mode 100644 tools/perf/util/libunwind-arch/libunwind-i386.c
 create mode 100644 tools/perf/util/libunwind-arch/libunwind-loongarch.c
 create mode 100644 tools/perf/util/libunwind-arch/libunwind-mips.c
 create mode 100644 tools/perf/util/libunwind-arch/libunwind-ppc32.c
 create mode 100644 tools/perf/util/libunwind-arch/libunwind-ppc64.c
 create mode 100644 tools/perf/util/libunwind-arch/libunwind-riscv.c
 create mode 100644 tools/perf/util/libunwind-arch/libunwind-s390.c
 create mode 100644 tools/perf/util/libunwind-arch/libunwind-x86_64.c
 delete mode 100644 tools/perf/util/libunwind/arm64.c
 delete mode 100644 tools/perf/util/libunwind/x86_32.c
 delete mode 100644 tools/perf/util/unwind-libunwind-local.c
 create mode 100644 tools/perf/util/unwind.c
Merging compiler-attributes/compiler-attributes (8f0b4cce4481f Linux 6.19-rc1)
$ git merge -m Merge branch 'compiler-attributes' of https://github.com/ojeda/linux.git compiler-attributes/compiler-attributes
Already up to date.
Merging dma-mapping/dma-mapping-for-next (38ce91195a7c6 dma-contiguous: add kconfig option to setup numa cma area if not configured explicitly)
$ git merge -m Merge branch 'dma-mapping-for-next' of https://git.kernel.org/pub/scm/linux/kernel/git/mszyprowski/linux.git dma-mapping/dma-mapping-for-next
Auto-merging kernel/dma/debug.c
Auto-merging kernel/dma/mapping.c
Merge made by the 'ort' strategy.
 drivers/ntb/ntb_transport.c | 10 +++---
 kernel/dma/Kconfig          | 10 ++++++
 kernel/dma/contiguous.c     | 13 +++++--
 kernel/dma/debug.c          | 87 +++++++++++++++++++++++++++++++--------------
 kernel/dma/debug.h          | 25 ++++++-------
 kernel/dma/mapping.c        | 10 +++---
 6 files changed, 106 insertions(+), 49 deletions(-)
Merging asm-generic/master (adbbd9714f805 scripts: headers_install.sh: Remove config leak ignore machinery)
$ git merge -m Merge branch 'master' of https://git.kernel.org/pub/scm/linux/kernel/git/arnd/asm-generic asm-generic/master
Already up to date.
Merging nocache-cleanup/nocache-cleanup (809b997a5ce94 x86-64/arm64/powerpc: clean up and rename __copy_from_user_flushcache)
$ git merge -m Merge branch 'nocache-cleanup' of https://git.kernel.org/pub/scm/linux/kernel/git/torvalds/linux.git nocache-cleanup/nocache-cleanup
Already up to date.
Merging alpha/alpha-next (d58041d2c63e0 MAINTAINERS: Add Magnus Lindholm as maintainer for alpha port)
$ git merge -m Merge branch 'alpha-next' of https://git.kernel.org/pub/scm/linux/kernel/git/mattst88/alpha.git alpha/alpha-next
Already up to date.
Merging arm/for-next (c6e61c06d6061 ARM: 9463/1: Allow to enable RT)
$ git merge -m Merge branch 'for-next' of https://git.kernel.org/pub/scm/linux/kernel/git/rmk/linux.git arm/for-next
Already up to date.
Merging arm64/for-next/core (254f49634ee16 Linux 7.1-rc1)
$ git merge -m Merge branch 'for-next/core' of https://git.kernel.org/pub/scm/linux/kernel/git/arm64/linux arm64/for-next/core
Already up to date.
Merging arm-perf/for-next/perf (47f06ebbe8dad perf/arm-cmn: Fix resource_size_t printk specifier in arm_cmn_init_dtc())
$ git merge -m Merge branch 'for-next/perf' of https://git.kernel.org/pub/scm/linux/kernel/git/will/linux.git arm-perf/for-next/perf
Already up to date.
Merging arm-soc/for-next (8bb9429a29196 soc: document merges)
$ git merge -m Merge branch 'for-next' of https://git.kernel.org/pub/scm/linux/kernel/git/soc/soc.git arm-soc/for-next
Merge made by the 'ort' strategy.
 arch/arm/arm-soc-for-next-contents.txt             |  43 +++
 .../intel/ixp/intel-ixp42x-actiontec-mi424wr.dtsi  |   6 +-
 arch/arm/configs/at91_dt_defconfig                 |   1 -
 arch/arm/configs/hisi_defconfig                    |   1 -
 arch/arm/configs/multi_v5_defconfig                |   1 -
 arch/arm/configs/multi_v7_defconfig                | 103 +++--
 arch/arm/configs/pxa_defconfig                     |   2 -
 arch/arm/configs/qcom_defconfig                    |  15 -
 arch/arm/configs/sama5_defconfig                   |   1 -
 arch/arm/configs/sama7_defconfig                   |   1 -
 arch/arm/configs/socfpga_defconfig                 |   1 -
 arch/arm/configs/spear13xx_defconfig               |   1 -
 arch/arm/configs/spear3xx_defconfig                |   1 -
 arch/arm/configs/spear6xx_defconfig                |   1 -
 arch/arm/mach-mv78xx0/Kconfig                      |   1 +
 arch/arm/mach-orion5x/Kconfig                      |   1 +
 arch/arm/mach-pxa/Kconfig                          |   1 +
 arch/arm/mach-s3c/Kconfig.s3c64xx                  |   1 +
 arch/arm/mach-sa1100/Kconfig                       |   1 +
 arch/arm64/boot/dts/realtek/kent.dtsi              |  20 +
 arch/arm64/configs/defconfig                       | 418 ++++++++++-----------
 21 files changed, 311 insertions(+), 310 deletions(-)
 create mode 100644 arch/arm/arm-soc-for-next-contents.txt
Merging amlogic/for-next (af2763911cac3 Merge branch 'v7.2/arm64-dt' into for-next)
$ git merge -m Merge branch 'for-next' of https://git.kernel.org/pub/scm/linux/kernel/git/amlogic/linux.git amlogic/for-next
Merge made by the 'ort' strategy.
 .../dts/amlogic/amlogic-t7-a311d2-khadas-vim4.dts  | 215 ++++++++++
 arch/arm64/boot/dts/amlogic/amlogic-t7.dtsi        | 472 +++++++++++++++++++++
 .../dts/amlogic/meson-gxl-s905d-phicomm-n1.dts     |  15 +
 .../dts/amlogic/meson-s4-s905y4-khadas-vim1s.dts   |  81 ++++
 arch/arm64/boot/dts/amlogic/meson-s4.dtsi          |  45 ++
 5 files changed, 828 insertions(+)
Merging asahi-soc/asahi-soc/for-next (d31647c698f63 Merge branch 'apple-soc/drivers-6.20' into asahi-soc/for-next)
$ git merge -m Merge branch 'asahi-soc/for-next' of https://github.com/AsahiLinux/linux.git asahi-soc/asahi-soc/for-next
Merge made by the 'ort' strategy.
Merging at91/at91-next (254f49634ee16 Linux 7.1-rc1)
$ git merge -m Merge branch 'at91-next' of https://git.kernel.org/pub/scm/linux/kernel/git/at91/linux.git at91/at91-next
Already up to date.
Merging bmc/for-next (05c3bc1499da6 Merge branches 'aspeed/drivers', 'aspeed/arm/dt' and 'aspeed/fixes/drivers' into for-next)
$ git merge -m Merge branch 'for-next' of https://git.kernel.org/pub/scm/linux/kernel/git/bmc/linux.git bmc/for-next
Merge made by the 'ort' strategy.
 .../dts/aspeed/aspeed-bmc-facebook-anacapa.dts     |   2 +-
 .../boot/dts/aspeed/aspeed-bmc-nvidia-msx4-bmc.dts |  15 +
 arch/arm/boot/dts/aspeed/aspeed-g6.dtsi            | 543 ++++++++++++---------
 drivers/soc/aspeed/Kconfig                         |   1 -
 drivers/soc/aspeed/aspeed-lpc-ctrl.c               |   2 +-
 drivers/soc/aspeed/aspeed-lpc-snoop.c              |   2 +-
 drivers/soc/aspeed/aspeed-p2a-ctrl.c               |   2 +-
 7 files changed, 335 insertions(+), 232 deletions(-)
Merging broadcom/next (e8f908b91550d firmware: raspberrypi: Change dependency to ARCH_BCM2835 and COMPILE_TEST)
$ git merge -m Merge branch 'next' of https://github.com/Broadcom/stblinux.git broadcom/next
Merge made by the 'ort' strategy.
 drivers/firmware/Kconfig         |  5 +-
 drivers/soc/bcm/brcmstb/common.c | 98 +++++++++++++++++++++-------------------
 2 files changed, 55 insertions(+), 48 deletions(-)
Merging cix/for-next (7fd2df204f342 Linux 7.1-rc2)
$ git merge -m Merge branch 'for-next' of https://git.kernel.org/pub/scm/linux/kernel/git/peter.chen/cix.git cix/for-next
Already up to date.
Merging davinci/davinci/for-next (254f49634ee16 Linux 7.1-rc1)
$ git merge -m Merge branch 'davinci/for-next' of https://git.kernel.org/pub/scm/linux/kernel/git/brgl/linux.git davinci/davinci/for-next
Already up to date.
Merging drivers-memory/for-next (0a783a6686c96 memory: tegra114-emc: Simplify tegra114_emc_interconnect_init() error message)
$ git merge -m Merge branch 'for-next' of https://git.kernel.org/pub/scm/linux/kernel/git/krzk/linux-mem-ctrl.git drivers-memory/for-next
Merge made by the 'ort' strategy.
 .../memory-controllers/nvidia,tegra124-emc.yaml    |  174 +--
 .../memory-controllers/nvidia,tegra124-mc.yaml     |   31 +-
 .../memory-controllers/nvidia,tegra186-mc.yaml     |   31 +
 drivers/memory/atmel-ebi.c                         |    3 +-
 drivers/memory/tegra/Kconfig                       |   19 +
 drivers/memory/tegra/Makefile                      |    3 +
 drivers/memory/tegra/mc.c                          |   40 +-
 drivers/memory/tegra/mc.h                          |    9 +
 drivers/memory/tegra/tegra-emc-common.c            |  143 +++
 drivers/memory/tegra/tegra-emc-common.h            |   46 +
 drivers/memory/tegra/tegra114-emc.c                | 1351 ++++++++++++++++++++
 drivers/memory/tegra/tegra114.c                    |  193 +++
 drivers/memory/tegra/tegra124-emc.c                |  107 +-
 drivers/memory/tegra/tegra186.c                    |    4 +-
 drivers/memory/tegra/tegra20-emc.c                 |  110 +-
 drivers/memory/tegra/tegra234.c                    |    2 +-
 drivers/memory/tegra/tegra238.c                    |  391 ++++++
 drivers/memory/tegra/tegra30-emc.c                 |  107 +-
 include/dt-bindings/memory/nvidia,tegra238-mc.h    |   74 ++
 include/dt-bindings/memory/tegra114-mc.h           |   67 +
 include/soc/tegra/mc.h                             |    2 +-
 21 files changed, 2418 insertions(+), 489 deletions(-)
 create mode 100644 drivers/memory/tegra/tegra-emc-common.c
 create mode 100644 drivers/memory/tegra/tegra-emc-common.h
 create mode 100644 drivers/memory/tegra/tegra114-emc.c
 create mode 100644 drivers/memory/tegra/tegra238.c
 create mode 100644 include/dt-bindings/memory/nvidia,tegra238-mc.h
Merging fsl/soc_fsl (c99d8ac7b355c bus: fsl-mc: wait for the MC firmware to complete its boot)
$ git merge -m Merge branch 'soc_fsl' of https://git.kernel.org/pub/scm/linux/kernel/git/chleroy/linux.git fsl/soc_fsl
Merge made by the 'ort' strategy.
 drivers/base/platform-msi.c                 |   4 -
 drivers/bus/fsl-mc/dprc-driver.c            |  14 +--
 drivers/bus/fsl-mc/fsl-mc-bus.c             |  50 ++++++++-
 drivers/bus/fsl-mc/fsl-mc-msi.c             | 166 +++++----------------------
 drivers/bus/fsl-mc/fsl-mc-private.h         |   2 +-
 drivers/irqchip/Kconfig                     |   6 -
 drivers/irqchip/Makefile                    |   1 -
 drivers/irqchip/irq-gic-its-msi-parent.c    |   7 +-
 drivers/irqchip/irq-gic-v3-its-fsl-mc-msi.c | 168 ----------------------------
 drivers/soc/fsl/qe/qe.c                     |   3 +
 drivers/soc/fsl/qe/qe_ports_ic.c            |  23 ++--
 include/linux/fsl/mc.h                      |   6 +-
 include/linux/irqdomain_defs.h              |   1 -
 include/uapi/linux/fsl_hypervisor.h         |   4 +-
 14 files changed, 106 insertions(+), 349 deletions(-)
 delete mode 100644 drivers/irqchip/irq-gic-v3-its-fsl-mc-msi.c
Merging imx-mxs/for-next (4db6c5f834ed6 Merge branches 'imx/dt64', 'imx/firmware-ele' and 'imx/fixes' into for-next)
$ git merge -m Merge branch 'for-next' of https://git.kernel.org/pub/scm/linux/kernel/git/frank.li/linux.git imx-mxs/for-next
Merge made by the 'ort' strategy.
 Documentation/ABI/testing/se-cdev                  |   44 +
 Documentation/devicetree/bindings/arm/fsl.yaml     |   28 +-
 .../devicetree/bindings/firmware/fsl,imx-se.yaml   |   91 ++
 .../driver-api/firmware/other_interfaces.rst       |  133 +++
 arch/arm/boot/dts/nxp/imx/Makefile                 |    3 +
 arch/arm/boot/dts/nxp/imx/imx25.dtsi               |    1 -
 arch/arm/boot/dts/nxp/imx/imx35.dtsi               |    1 -
 .../arm/boot/dts/nxp/imx/imx6ul-var-som-audio.dtsi |   30 +
 .../boot/dts/nxp/imx/imx6ul-var-som-common.dtsi    |  187 +++
 .../nxp/imx/imx6ul-var-som-concerto-common.dtsi    |  215 ++++
 .../dts/nxp/imx/imx6ul-var-som-concerto-full.dts   |   22 +
 .../boot/dts/nxp/imx/imx6ul-var-som-concerto.dts   |  318 +-----
 .../arm/boot/dts/nxp/imx/imx6ul-var-som-enet1.dtsi |   44 +
 .../arm/boot/dts/nxp/imx/imx6ul-var-som-enet2.dtsi |   79 ++
 .../dts/nxp/imx/imx6ul-var-som-lvds-panel.dtsi     |  112 ++
 arch/arm/boot/dts/nxp/imx/imx6ul-var-som-sd.dtsi   |   27 +
 arch/arm/boot/dts/nxp/imx/imx6ul-var-som-wifi.dtsi |   75 ++
 arch/arm/boot/dts/nxp/imx/imx6ul-var-som.dtsi      |  219 +---
 arch/arm/boot/dts/nxp/imx/imx6ul.dtsi              |    1 +
 .../dts/nxp/imx/imx6ull-var-som-concerto-full.dts  |   22 +
 .../boot/dts/nxp/imx/imx6ull-var-som-concerto.dts  |   21 +
 arch/arm/boot/dts/nxp/imx/imx6ull-var-som.dtsi     |   36 +
 arch/arm64/boot/dts/freescale/Makefile             |   30 +-
 arch/arm64/boot/dts/freescale/imx-m2-pcie.dtso     |   15 +
 .../arm64/boot/dts/freescale/imx8mm-kontron-bl.dts |   10 +-
 .../boot/dts/freescale/imx8mm-kontron-osm-s.dtsi   |    7 +-
 .../dts/freescale/imx8mm-verdin-nonwifi-zinnia.dts |   21 +
 .../dts/freescale/imx8mm-verdin-wifi-zinnia.dts    |   21 +
 .../boot/dts/freescale/imx8mm-verdin-zinnia.dtsi   |  383 +++++++
 arch/arm64/boot/dts/freescale/imx8mm-verdin.dtsi   |   16 +-
 .../dts/freescale/imx8mn-vhip4-evalboard-v1.dts    |    2 +-
 .../dts/freescale/imx8mn-vhip4-evalboard-v2.dts    |    2 +-
 arch/arm64/boot/dts/freescale/imx8mp-ab2.dts       |    2 +-
 arch/arm64/boot/dts/freescale/imx8mp-evk.dts       |    4 +-
 .../boot/dts/freescale/imx8mp-kontron-osm-s.dtsi   |    7 +-
 .../dts/freescale/imx8mp-phyboard-pollux-rdk.dts   |   62 +
 .../dts/freescale/imx8mp-verdin-nonwifi-zinnia.dts |   21 +
 .../dts/freescale/imx8mp-verdin-wifi-zinnia.dts    |   21 +
 .../boot/dts/freescale/imx8mp-verdin-zinnia.dtsi   |  422 +++++++
 arch/arm64/boot/dts/freescale/imx8mp-verdin.dtsi   |   14 +-
 .../boot/dts/freescale/imx8qm-tqma8qm-mba8x.dts    |  871 ++++++++++++++
 arch/arm64/boot/dts/freescale/imx8qm-tqma8qm.dtsi  |  325 ++++++
 arch/arm64/boot/dts/freescale/imx8ulp-evk.dts      |    4 +-
 arch/arm64/boot/dts/freescale/imx8ulp.dtsi         |   66 ++
 arch/arm64/boot/dts/freescale/imx8x-colibri.dtsi   |    4 +-
 arch/arm64/boot/dts/freescale/imx91-11x11-evk.dts  |    1 -
 arch/arm64/boot/dts/freescale/imx91-9x9-qsb.dts    |  425 +++++++
 .../boot/dts/freescale/imx91-phyboard-segin.dts    |   18 +
 .../boot/dts/freescale/imx91-phycore-som.dtsi      |   22 +
 .../boot/dts/freescale/imx91-var-dart-sonata.dts   |    9 +
 .../boot/dts/freescale/imx91-var-som-symphony.dts  |  527 +++++++++
 arch/arm64/boot/dts/freescale/imx91-var-som.dtsi   |  456 ++++++++
 .../boot/dts/freescale/imx93-11x11-evk-common.dtsi |    1 -
 arch/arm64/boot/dts/freescale/imx93-9x9-qsb.dts    |    1 -
 .../boot/dts/freescale/imx93-phyboard-nash.dts     |   31 +
 .../boot/dts/freescale/imx93-phyboard-segin.dts    |   18 +
 .../boot/dts/freescale/imx93-phycore-som.dtsi      |   22 +
 .../boot/dts/freescale/imx93-var-dart-sonata.dts   |  654 +++++++++++
 arch/arm64/boot/dts/freescale/imx93-var-dart.dtsi  |  461 ++++++++
 arch/arm64/boot/dts/freescale/imx94.dtsi           |   88 ++
 arch/arm64/boot/dts/freescale/imx943-evk.dts       |   83 ++
 arch/arm64/boot/dts/freescale/imx943.dtsi          |   75 ++
 arch/arm64/boot/dts/freescale/imx95-15x15-ab2.dts  |  669 +++++++++++
 arch/arm64/boot/dts/freescale/imx95-15x15-evk.dts  |    4 +-
 .../boot/dts/freescale/imx95-toradex-smarc-dev.dts |    5 +
 .../boot/dts/freescale/imx95-toradex-smarc.dtsi    |   44 +
 .../arm64/boot/dts/freescale/imx95-verdin-ivy.dtsi |    1 -
 .../dts/freescale/imx95-verdin-nonwifi-zinnia.dts  |   21 +
 .../dts/freescale/imx95-verdin-wifi-zinnia.dts     |   21 +
 .../boot/dts/freescale/imx95-verdin-zinnia.dtsi    |  429 +++++++
 arch/arm64/boot/dts/freescale/imx95-verdin.dtsi    |   18 +-
 arch/arm64/boot/dts/freescale/imx95.dtsi           |   91 +-
 arch/arm64/boot/dts/freescale/imx952.dtsi          |   36 +
 drivers/firmware/imx/Kconfig                       |   13 +
 drivers/firmware/imx/Makefile                      |    2 +
 drivers/firmware/imx/ele_base_msg.c                |  298 +++++
 drivers/firmware/imx/ele_base_msg.h                |  117 ++
 drivers/firmware/imx/ele_common.c                  |  373 ++++++
 drivers/firmware/imx/ele_common.h                  |   51 +
 drivers/firmware/imx/se_ctrl.c                     | 1193 ++++++++++++++++++++
 drivers/firmware/imx/se_ctrl.h                     |  129 +++
 drivers/soc/imx/soc-imx8m.c                        |    2 +-
 include/linux/firmware/imx/se_api.h                |   14 +
 include/uapi/linux/se_ioctl.h                      |   97 ++
 84 files changed, 9991 insertions(+), 568 deletions(-)
 create mode 100644 Documentation/ABI/testing/se-cdev
 create mode 100644 Documentation/devicetree/bindings/firmware/fsl,imx-se.yaml
 create mode 100644 arch/arm/boot/dts/nxp/imx/imx6ul-var-som-audio.dtsi
 create mode 100644 arch/arm/boot/dts/nxp/imx/imx6ul-var-som-common.dtsi
 create mode 100644 arch/arm/boot/dts/nxp/imx/imx6ul-var-som-concerto-common.dtsi
 create mode 100644 arch/arm/boot/dts/nxp/imx/imx6ul-var-som-concerto-full.dts
 create mode 100644 arch/arm/boot/dts/nxp/imx/imx6ul-var-som-enet1.dtsi
 create mode 100644 arch/arm/boot/dts/nxp/imx/imx6ul-var-som-enet2.dtsi
 create mode 100644 arch/arm/boot/dts/nxp/imx/imx6ul-var-som-lvds-panel.dtsi
 create mode 100644 arch/arm/boot/dts/nxp/imx/imx6ul-var-som-sd.dtsi
 create mode 100644 arch/arm/boot/dts/nxp/imx/imx6ul-var-som-wifi.dtsi
 create mode 100644 arch/arm/boot/dts/nxp/imx/imx6ull-var-som-concerto-full.dts
 create mode 100644 arch/arm/boot/dts/nxp/imx/imx6ull-var-som-concerto.dts
 create mode 100644 arch/arm/boot/dts/nxp/imx/imx6ull-var-som.dtsi
 create mode 100644 arch/arm64/boot/dts/freescale/imx-m2-pcie.dtso
 create mode 100644 arch/arm64/boot/dts/freescale/imx8mm-verdin-nonwifi-zinnia.dts
 create mode 100644 arch/arm64/boot/dts/freescale/imx8mm-verdin-wifi-zinnia.dts
 create mode 100644 arch/arm64/boot/dts/freescale/imx8mm-verdin-zinnia.dtsi
 create mode 100644 arch/arm64/boot/dts/freescale/imx8mp-verdin-nonwifi-zinnia.dts
 create mode 100644 arch/arm64/boot/dts/freescale/imx8mp-verdin-wifi-zinnia.dts
 create mode 100644 arch/arm64/boot/dts/freescale/imx8mp-verdin-zinnia.dtsi
 create mode 100644 arch/arm64/boot/dts/freescale/imx8qm-tqma8qm-mba8x.dts
 create mode 100644 arch/arm64/boot/dts/freescale/imx8qm-tqma8qm.dtsi
 create mode 100644 arch/arm64/boot/dts/freescale/imx91-9x9-qsb.dts
 create mode 100644 arch/arm64/boot/dts/freescale/imx91-var-som-symphony.dts
 create mode 100644 arch/arm64/boot/dts/freescale/imx91-var-som.dtsi
 create mode 100644 arch/arm64/boot/dts/freescale/imx93-var-dart-sonata.dts
 create mode 100644 arch/arm64/boot/dts/freescale/imx93-var-dart.dtsi
 create mode 100644 arch/arm64/boot/dts/freescale/imx95-15x15-ab2.dts
 create mode 100644 arch/arm64/boot/dts/freescale/imx95-verdin-nonwifi-zinnia.dts
 create mode 100644 arch/arm64/boot/dts/freescale/imx95-verdin-wifi-zinnia.dts
 create mode 100644 arch/arm64/boot/dts/freescale/imx95-verdin-zinnia.dtsi
 create mode 100644 drivers/firmware/imx/ele_base_msg.c
 create mode 100644 drivers/firmware/imx/ele_base_msg.h
 create mode 100644 drivers/firmware/imx/ele_common.c
 create mode 100644 drivers/firmware/imx/ele_common.h
 create mode 100644 drivers/firmware/imx/se_ctrl.c
 create mode 100644 drivers/firmware/imx/se_ctrl.h
 create mode 100644 include/linux/firmware/imx/se_api.h
 create mode 100644 include/uapi/linux/se_ioctl.h
Merging mediatek/for-next (729a859102ae3 Merge branch 'v7.1-next/defconfig' into for-next)
$ git merge -m Merge branch 'for-next' of https://git.kernel.org/pub/scm/linux/kernel/git/mediatek/linux.git mediatek/for-next
Auto-merging arch/arm64/configs/defconfig
Merge made by the 'ort' strategy.
 arch/arm/boot/dts/mediatek/mt6589.dtsi             |  11 ++
 arch/arm/boot/dts/mediatek/mt7623.dtsi             |  64 +++++------
 arch/arm/boot/dts/mediatek/mt8135.dtsi             |   2 +-
 arch/arm64/boot/dts/mediatek/Makefile              |   8 ++
 arch/arm64/boot/dts/mediatek/mt6359.dtsi           |  22 +---
 arch/arm64/boot/dts/mediatek/mt6365.dtsi           |  26 +++++
 arch/arm64/boot/dts/mediatek/mt7981b.dtsi          |  15 +++
 .../mediatek/mt7988a-bananapi-bpi-r4-pro-cn13.dtso |  20 ++++
 .../mediatek/mt7988a-bananapi-bpi-r4-pro-cn14.dtso |  20 ++++
 .../dts/mediatek/mt7988a-bananapi-bpi-r4-pro.dtsi  |  15 +--
 .../boot/dts/mediatek/mt8186-corsola-voltorb.dtsi  |   4 +
 arch/arm64/boot/dts/mediatek/mt8188-geralt.dtsi    |  41 +++++++
 arch/arm64/boot/dts/mediatek/mt8192-asurada.dtsi   |  76 ++++++++++++-
 arch/arm64/boot/dts/mediatek/mt8195-cherry.dtsi    |  50 ++++++++-
 .../boot/dts/mediatek/mt8390-genio-700-evk.dts     |   7 ++
 .../boot/dts/mediatek/mt8390-genio-common.dtsi     |  80 +++++++++++++-
 .../boot/dts/mediatek/mt8390-grinn-genio-som.dtsi  |   2 +-
 .../boot/dts/mediatek/mt8390-tungsten-smarc.dtsi   | 122 ++++++++++++++++++++-
 .../boot/dts/mediatek/mt8395-genio-common.dtsi     |  46 ++++++--
 .../mediatek/mt8395-radxa-nio-12l-8-hd-panel.dtso  |   4 +-
 .../boot/dts/mediatek/mt8395-radxa-nio-12l.dts     |   8 +-
 arch/arm64/configs/defconfig                       |   2 +
 drivers/soc/mediatek/mt8167-mmsys.h                |  11 +-
 drivers/soc/mediatek/mtk-mmsys.c                   |   8 +-
 drivers/soc/mediatek/mtk-mutex.c                   |   5 +-
 include/linux/soc/mediatek/mtk-cmdq.h              |  24 ++++
 26 files changed, 590 insertions(+), 103 deletions(-)
 create mode 100644 arch/arm64/boot/dts/mediatek/mt6365.dtsi
 create mode 100644 arch/arm64/boot/dts/mediatek/mt7988a-bananapi-bpi-r4-pro-cn13.dtso
 create mode 100644 arch/arm64/boot/dts/mediatek/mt7988a-bananapi-bpi-r4-pro-cn14.dtso
Merging mvebu/for-next (ae4fe907b7705 Merge branch 'mvebu/dt64' into mvebu/for-next)
$ git merge -m Merge branch 'for-next' of https://git.kernel.org/pub/scm/linux/kernel/git/gclement/mvebu.git mvebu/for-next
Merge made by the 'ort' strategy.
Merging omap/for-next (e28bf943a8c77 Merge branch 'omap-for-v7.2/soc' into tmp/omap-next-20260511.095135)
$ git merge -m Merge branch 'for-next' of https://git.kernel.org/pub/scm/linux/kernel/git/khilman/linux-omap.git omap/for-next
Merge made by the 'ort' strategy.
 arch/arm/boot/dts/ti/omap/am335x-sl50.dts          |  4 +--
 arch/arm/boot/dts/ti/omap/dm8168-evm.dts           |  4 +++
 .../boot/dts/ti/omap/motorola-cpcap-mapphone.dtsi  |  6 ++++-
 arch/arm/boot/dts/ti/omap/omap4-epson-embt2ws.dts  |  4 +--
 arch/arm/mach-omap2/omap_device.c                  | 29 ++++++++--------------
 arch/arm/mach-omap2/omap_device.h                  |  4 +--
 6 files changed, 25 insertions(+), 26 deletions(-)
Merging qcom/for-next (901a33287f10a Merge branches 'arm64-fixes-for-7.1', 'arm64-for-7.2', 'clk-fixes-for-7.1', 'clk-for-7.2', 'drivers-fixes-for-7.1' and 'drivers-for-7.2' into for-next)
$ git merge -m Merge branch 'for-next' of https://git.kernel.org/pub/scm/linux/kernel/git/qcom/linux.git qcom/for-next
Auto-merging arch/arm64/configs/defconfig
Merge made by the 'ort' strategy.
 Documentation/devicetree/bindings/arm/qcom.yaml    |   17 +-
 .../devicetree/bindings/cache/qcom,llcc.yaml       |   21 +
 .../bindings/clock/qcom,dispcc-sm6125.yaml         |   17 +-
 .../devicetree/bindings/clock/qcom,hawi-gcc.yaml   |   63 +
 .../bindings/clock/qcom,ipq9574-cmn-pll.yaml       |    1 +
 .../bindings/clock/qcom,ipq9650-gcc.yaml           |   68 +
 .../bindings/clock/qcom,kaanapali-gxclkctl.yaml    |    2 +-
 .../bindings/clock/qcom,milos-gxclkctl.yaml        |   61 +
 .../devicetree/bindings/clock/qcom,rpmhcc.yaml     |    1 +
 .../bindings/clock/qcom,sm8550-tcsr.yaml           |    2 +
 .../bindings/crypto/qcom,inline-crypto-engine.yaml |   35 +-
 .../devicetree/bindings/firmware/qcom,scm.yaml     |    3 +
 .../bindings/net/bluetooth/qcom,wcn6855-bt.yaml    |    7 +-
 .../bindings/soc/qcom/qcom,aoss-qmp.yaml           |    2 +
 .../bindings/soc/qcom/qcom,pmic-glink.yaml         |    6 +
 .../soc/qcom/qcom,sa8255p-geni-se-qup.yaml         |   31 +-
 arch/arm64/boot/dts/qcom/Makefile                  |    7 +
 arch/arm64/boot/dts/qcom/agatti.dtsi               |   63 +
 arch/arm64/boot/dts/qcom/eliza.dtsi                |   32 +
 arch/arm64/boot/dts/qcom/glymur-crd.dts            |    4 -
 arch/arm64/boot/dts/qcom/glymur-crd.dtsi           |   33 +-
 arch/arm64/boot/dts/qcom/glymur.dtsi               |  439 ++-
 arch/arm64/boot/dts/qcom/hamoa.dtsi                |   77 +-
 arch/arm64/boot/dts/qcom/ipq5424.dtsi              |    4 +-
 arch/arm64/boot/dts/qcom/ipq9650-rdp488.dts        |   79 +
 arch/arm64/boot/dts/qcom/ipq9650.dtsi              |  384 ++
 arch/arm64/boot/dts/qcom/kaanapali-mtp.dts         |   27 +
 arch/arm64/boot/dts/qcom/kaanapali-qrd.dts         |   27 +
 arch/arm64/boot/dts/qcom/kaanapali.dtsi            |  162 +-
 arch/arm64/boot/dts/qcom/kodiak.dtsi               |   11 +-
 .../boot/dts/qcom/lemans-evk-ifp-mezzanine.dtso    |   74 +
 arch/arm64/boot/dts/qcom/lemans-ride-common.dtsi   |  110 +
 arch/arm64/boot/dts/qcom/lemans.dtsi               |  981 ++++--
 arch/arm64/boot/dts/qcom/milos-fairphone-fp6.dts   |   31 +-
 .../boot/dts/qcom/milos-nothing-asteroids.dts      |  964 ++++++
 arch/arm64/boot/dts/qcom/milos.dtsi                |   34 +-
 arch/arm64/boot/dts/qcom/msm8998.dtsi              |    8 +-
 arch/arm64/boot/dts/qcom/pmh0104-glymur.dtsi       |    2 +-
 arch/arm64/boot/dts/qcom/qcs615-ride.dts           |   14 +-
 arch/arm64/boot/dts/qcom/qcs6490-rb3gen2.dts       |   22 +
 arch/arm64/boot/dts/qcom/sc7180.dtsi               |    9 +-
 arch/arm64/boot/dts/qcom/sc8180x.dtsi              |    2 +-
 arch/arm64/boot/dts/qcom/sc8280xp-crd.dts          |    2 +-
 .../boot/dts/qcom/sc8280xp-huawei-gaokun3.dts      |    2 +-
 .../dts/qcom/sc8280xp-lenovo-thinkpad-x13s.dts     |    2 +-
 .../boot/dts/qcom/sc8280xp-microsoft-blackrock.dts |    2 +-
 arch/arm64/boot/dts/qcom/sc8280xp.dtsi             |   27 +
 arch/arm64/boot/dts/qcom/sdm630.dtsi               |   40 +-
 arch/arm64/boot/dts/qcom/sdm660.dtsi               |   36 +-
 arch/arm64/boot/dts/qcom/sdm670-google-sargo.dts   |  100 +
 arch/arm64/boot/dts/qcom/sdm670.dtsi               |  119 +-
 .../qcom/sdm845-db845c-navigation-mezzanine.dtso   |    5 +
 arch/arm64/boot/dts/qcom/sdm845-google-common.dtsi |   31 +
 arch/arm64/boot/dts/qcom/sdm845-lg-common.dtsi     |   22 +-
 arch/arm64/boot/dts/qcom/sdm845-lg-judyln.dts      |    4 +-
 arch/arm64/boot/dts/qcom/sdm845-lg-judyp.dts       |    4 +-
 .../arm64/boot/dts/qcom/sdm845-oneplus-common.dtsi |   79 +-
 .../boot/dts/qcom/sdm845-samsung-starqltechn.dts   |    7 +-
 arch/arm64/boot/dts/qcom/sdm845-shift-axolotl.dts  |   62 +-
 .../dts/qcom/sdm845-xiaomi-beryllium-common.dtsi   |   17 +
 .../boot/dts/qcom/sdm845-xiaomi-beryllium-ebbg.dts |    2 +-
 .../dts/qcom/sdm845-xiaomi-beryllium-tianma.dts    |    2 +-
 .../boot/dts/qcom/sm6125-xiaomi-laurel-sprout.dts  |   94 +
 arch/arm64/boot/dts/qcom/sm6350.dtsi               |   66 +
 arch/arm64/boot/dts/qcom/sm7325-motorola-dubai.dts | 1456 ++++++++
 arch/arm64/boot/dts/qcom/sm8450-hdk.dts            |    2 +-
 arch/arm64/boot/dts/qcom/sm8450.dtsi               |    2 +-
 arch/arm64/boot/dts/qcom/sm8550.dtsi               |  367 ++
 arch/arm64/boot/dts/qcom/sm8750.dtsi               |   54 +-
 arch/arm64/boot/dts/qcom/talos-evk.dts             |   56 +
 arch/arm64/boot/dts/qcom/talos.dtsi                |  134 +
 arch/arm64/boot/dts/qcom/x1-dell-thena.dtsi        |    7 +-
 arch/arm64/boot/dts/qcom/x1-hp-omnibook-x14.dtsi   |    2 +-
 .../boot/dts/qcom/x1p42100-asus-zenbook-a14.dtsi   |    2 +-
 arch/arm64/configs/defconfig                       |    1 +
 drivers/clk/qcom/Kconfig                           |   26 +
 drivers/clk/qcom/Makefile                          |    5 +-
 drivers/clk/qcom/clk-alpha-pll.h                   |    6 +
 drivers/clk/qcom/clk-rpmh.c                        |   33 +
 drivers/clk/qcom/dispcc-x1e80100.c                 |    4 +-
 drivers/clk/qcom/gcc-hawi.c                        | 3657 ++++++++++++++++++++
 drivers/clk/qcom/gcc-ipq9650.c                     | 3445 ++++++++++++++++++
 drivers/clk/qcom/gcc-nord.c                        |    2 +-
 drivers/clk/qcom/gpucc-sm8750.c                    |    4 +-
 drivers/clk/qcom/gxclkctl-kaanapali.c              |    1 +
 drivers/clk/qcom/ipq-cmn-pll.c                     |   30 +-
 drivers/clk/qcom/negcc-nord.c                      |    2 +-
 drivers/clk/qcom/nwgcc-nord.c                      |    4 +-
 drivers/clk/qcom/segcc-nord.c                      |    2 +-
 drivers/clk/qcom/tcsrcc-hawi.c                     |  158 +
 drivers/soc/qcom/ice.c                             |   17 +-
 drivers/soc/qcom/llcc-qcom.c                       |  305 +-
 drivers/soc/qcom/qcom_pd_mapper.c                  |    8 +
 drivers/soc/qcom/smem.c                            |   56 +-
 drivers/soc/qcom/socinfo.c                         |   18 +
 drivers/soc/qcom/wcnss_ctrl.c                      |   11 +-
 include/dt-bindings/arm/qcom,ids.h                 |    9 +
 include/dt-bindings/clock/qcom,hawi-gcc.h          |  253 ++
 include/dt-bindings/clock/qcom,hawi-tcsrcc.h       |   16 +
 include/dt-bindings/clock/qcom,ipq5332-cmn-pll.h   |   19 +
 include/dt-bindings/clock/qcom,ipq9650-gcc.h       |  172 +
 include/dt-bindings/clock/qcom,rpmh.h              |    2 +
 include/dt-bindings/firmware/qcom,scm.h            |    1 +
 include/dt-bindings/reset/qcom,ipq9650-gcc.h       |  215 ++
 include/linux/soc/qcom/llcc-qcom.h                 |   44 +-
 include/soc/qcom/qcom-spmi-pmic.h                  |   15 +-
 106 files changed, 14554 insertions(+), 731 deletions(-)
 create mode 100644 Documentation/devicetree/bindings/clock/qcom,hawi-gcc.yaml
 create mode 100644 Documentation/devicetree/bindings/clock/qcom,ipq9650-gcc.yaml
 create mode 100644 Documentation/devicetree/bindings/clock/qcom,milos-gxclkctl.yaml
 create mode 100644 arch/arm64/boot/dts/qcom/ipq9650-rdp488.dts
 create mode 100644 arch/arm64/boot/dts/qcom/ipq9650.dtsi
 create mode 100644 arch/arm64/boot/dts/qcom/milos-nothing-asteroids.dts
 create mode 100644 arch/arm64/boot/dts/qcom/sm7325-motorola-dubai.dts
 create mode 100644 drivers/clk/qcom/gcc-hawi.c
 create mode 100644 drivers/clk/qcom/gcc-ipq9650.c
 create mode 100644 drivers/clk/qcom/tcsrcc-hawi.c
 create mode 100644 include/dt-bindings/clock/qcom,hawi-gcc.h
 create mode 100644 include/dt-bindings/clock/qcom,hawi-tcsrcc.h
 create mode 100644 include/dt-bindings/clock/qcom,ipq5332-cmn-pll.h
 create mode 100644 include/dt-bindings/clock/qcom,ipq9650-gcc.h
 create mode 100644 include/dt-bindings/reset/qcom,ipq9650-gcc.h
Merging renesas/next (1dbfc4ee3e482 Merge branch 'renesas-dts-for-v7.2' into renesas-next)
$ git merge -m Merge branch 'next' of https://git.kernel.org/pub/scm/linux/kernel/git/geert/renesas-devel.git renesas/next
Merge made by the 'ort' strategy.
 .../bindings/clock/renesas,cpg-clocks.yaml         |   8 +-
 .../bindings/pinctrl/renesas,rzg2l-pinctrl.yaml    |  35 ++
 .../soc/renesas/renesas,r8a78000-mfis.yaml         | 187 ++++++++++
 arch/arm/boot/dts/renesas/r8a73a4.dtsi             | 114 +++++-
 arch/arm/boot/dts/renesas/r8a7740.dtsi             | 116 +++++-
 arch/arm64/boot/dts/renesas/ebisu.dtsi             |  34 +-
 arch/arm64/boot/dts/renesas/gray-hawk-single.dtsi  |  10 +-
 .../arm64/boot/dts/renesas/r8a77960-salvator-x.dts |   4 +
 .../boot/dts/renesas/r8a77960-salvator-xs.dts      |   4 +
 arch/arm64/boot/dts/renesas/r8a77960-ulcb.dts      |   4 +
 .../boot/dts/renesas/r8a77961-salvator-xs.dts      |   4 +
 arch/arm64/boot/dts/renesas/r8a77961-ulcb.dts      |   4 +
 arch/arm64/boot/dts/renesas/r9a07g043.dtsi         |   1 +
 arch/arm64/boot/dts/renesas/r9a07g044.dtsi         |   1 +
 arch/arm64/boot/dts/renesas/r9a07g054.dtsi         |   1 +
 arch/arm64/boot/dts/renesas/r9a08g045.dtsi         |   1 +
 arch/arm64/boot/dts/renesas/r9a08g046.dtsi         | 402 ++++++++++++++++++++-
 arch/arm64/boot/dts/renesas/r9a08g046l48-smarc.dts |  13 +
 arch/arm64/boot/dts/renesas/r9a09g047.dtsi         |   1 +
 arch/arm64/boot/dts/renesas/r9a09g056.dtsi         |   1 +
 arch/arm64/boot/dts/renesas/r9a09g057.dtsi         |   1 +
 arch/arm64/boot/dts/renesas/rzg3l-smarc-som.dtsi   | 132 +++++++
 arch/arm64/boot/dts/renesas/salvator-common.dtsi   |  26 +-
 drivers/soc/renesas/Kconfig                        |   9 +
 drivers/soc/renesas/Makefile                       |   1 +
 drivers/soc/renesas/r9a08g045-sysc.c               |  41 +--
 drivers/soc/renesas/r9a08g046-sysc.c               |  31 +-
 drivers/soc/renesas/r9a09g047-sys.c                |  42 +--
 drivers/soc/renesas/r9a09g056-sys.c                |  41 +--
 drivers/soc/renesas/r9a09g057-sys.c                |  52 +--
 drivers/soc/renesas/rcar-mfis.c                    | 344 ++++++++++++++++++
 drivers/soc/renesas/renesas-soc.c                  |  10 +-
 include/dt-bindings/clock/r8a73a4-clock.h          |   2 +
 include/dt-bindings/clock/r8a7740-clock.h          |   2 +
 .../pinctrl/renesas,r9a08g046-pinctrl.h            |  38 ++
 include/dt-bindings/soc/renesas,r8a78000-mfis.h    |  28 ++
 36 files changed, 1574 insertions(+), 171 deletions(-)
 create mode 100644 Documentation/devicetree/bindings/soc/renesas/renesas,r8a78000-mfis.yaml
 create mode 100644 drivers/soc/renesas/rcar-mfis.c
 create mode 100644 include/dt-bindings/pinctrl/renesas,r9a08g046-pinctrl.h
 create mode 100644 include/dt-bindings/soc/renesas,r8a78000-mfis.h
Merging reset/reset/next (d373605cd5148 Merge tag 'reset-fixes-for-v7.0-2' into reset/next)
$ git merge -m Merge branch 'reset/next' of https://git.pengutronix.de/git/pza/linux reset/reset/next
Already up to date.
Merging rockchip/for-next (2e030c87599d1 Merge branch 'v7.2-clk/next' into for-next)
$ git merge -m Merge branch 'for-next' of https://git.kernel.org/pub/scm/linux/kernel/git/mmind/linux-rockchip.git rockchip/for-next
Auto-merging MAINTAINERS
Merge made by the 'ort' strategy.
 MAINTAINERS                                        |   2 +
 .../dts/rockchip/rk3288-veyron-analog-audio.dtsi   |   2 -
 arch/arm/boot/dts/rockchip/rk3288-veyron.dtsi      |   5 +
 arch/arm64/boot/dts/rockchip/px30-cobra.dtsi       |   2 +-
 arch/arm64/boot/dts/rockchip/px30-ringneck.dtsi    |   2 +-
 arch/arm64/boot/dts/rockchip/rk3399-gru.dtsi       |   5 +
 arch/arm64/boot/dts/rockchip/rk3528.dtsi           |   8 +
 arch/arm64/boot/dts/rockchip/rk3566-roc-pc.dts     |   2 +-
 arch/arm64/boot/dts/rockchip/rk3568-nanopi-r5s.dts |   6 +-
 arch/arm64/boot/dts/rockchip/rk3568-rock-3b.dts    |  20 +-
 .../boot/dts/rockchip/rk3576-100ask-dshanpi-a1.dts |  10 +
 .../boot/dts/rockchip/rk3576-armsom-sige5.dts      |  10 +
 arch/arm64/boot/dts/rockchip/rk3576-evb1-v10.dts   |   9 +
 arch/arm64/boot/dts/rockchip/rk3576-evb2-v10.dts   |   9 +
 .../boot/dts/rockchip/rk3576-khadas-edge-2l.dts    | 538 +++++++++++++++++++++
 .../boot/dts/rockchip/rk3576-luckfox-core3576.dtsi |  22 +-
 arch/arm64/boot/dts/rockchip/rk3576-nanopi-m5.dts  |   9 +
 .../arm64/boot/dts/rockchip/rk3576-nanopi-r76s.dts |  16 +-
 arch/arm64/boot/dts/rockchip/rk3576-roc-pc.dts     |  10 +
 arch/arm64/boot/dts/rockchip/rk3576-rock-4d.dts    |  10 +
 arch/arm64/boot/dts/rockchip/rk3576.dtsi           |   6 +-
 .../boot/dts/rockchip/rk3588-armsom-sige7.dts      |  11 +
 arch/arm64/boot/dts/rockchip/rk3588-armsom-w3.dts  |  19 +
 arch/arm64/boot/dts/rockchip/rk3588-base.dtsi      |  64 ++-
 .../boot/dts/rockchip/rk3588-coolpi-cm5-evb.dts    |  18 +-
 .../dts/rockchip/rk3588-coolpi-cm5-genbook.dts     |  12 +-
 .../arm64/boot/dts/rockchip/rk3588-coolpi-cm5.dtsi |   4 +
 .../boot/dts/rockchip/rk3588-edgeble-neu6a-io.dtsi |   1 +
 arch/arm64/boot/dts/rockchip/rk3588-evb1-v10.dts   |  20 +
 arch/arm64/boot/dts/rockchip/rk3588-evb2-v10.dts   |  11 +
 arch/arm64/boot/dts/rockchip/rk3588-fet3588-c.dtsi |   1 +
 .../dts/rockchip/rk3588-firefly-core-3588j.dtsi    |   1 +
 .../dts/rockchip/rk3588-firefly-icore-3588q.dtsi   |   1 +
 .../boot/dts/rockchip/rk3588-firefly-itx-3588j.dts |  12 +
 .../rockchip/rk3588-friendlyelec-cm3588-nas.dts    |  18 +
 .../arm64/boot/dts/rockchip/rk3588-h96-max-v58.dts |  11 +
 arch/arm64/boot/dts/rockchip/rk3588-jaguar.dts     |  24 +-
 .../arm64/boot/dts/rockchip/rk3588-mnt-reform2.dts |  12 +
 arch/arm64/boot/dts/rockchip/rk3588-nanopc-t6.dtsi |  21 +
 .../boot/dts/rockchip/rk3588-orangepi-5-max.dts    |  18 +-
 .../boot/dts/rockchip/rk3588-orangepi-5-plus.dts   |  20 +
 .../boot/dts/rockchip/rk3588-orangepi-5-ultra.dts  |  11 +-
 .../arm64/boot/dts/rockchip/rk3588-orangepi-5.dtsi |   1 +
 arch/arm64/boot/dts/rockchip/rk3588-roc-rt.dts     |  19 +
 arch/arm64/boot/dts/rockchip/rk3588-rock-5-itx.dts |  47 +-
 .../boot/dts/rockchip/rk3588-rock-5b-5bp-5t.dtsi   |  19 +-
 .../boot/dts/rockchip/rk3588-tiger-haikou.dts      |   4 +-
 arch/arm64/boot/dts/rockchip/rk3588-tiger.dtsi     |  20 +-
 .../arm64/boot/dts/rockchip/rk3588-toybrick-x0.dts |   1 +
 .../arm64/boot/dts/rockchip/rk3588-turing-rk1.dtsi |   2 +
 arch/arm64/boot/dts/rockchip/rk3588s-coolpi-4b.dts |  16 +
 arch/arm64/boot/dts/rockchip/rk3588s-evb1-v10.dts  |   1 +
 .../boot/dts/rockchip/rk3588s-gameforce-ace.dts    |  15 +-
 .../boot/dts/rockchip/rk3588s-indiedroid-nova.dts  |  13 +-
 .../boot/dts/rockchip/rk3588s-khadas-edge2.dts     |  15 +-
 .../arm64/boot/dts/rockchip/rk3588s-nanopi-r6.dtsi |  11 +
 arch/arm64/boot/dts/rockchip/rk3588s-odroid-m2.dts |  10 +
 .../boot/dts/rockchip/rk3588s-orangepi-5.dtsi      |  11 +
 .../dts/rockchip/rk3588s-orangepi-cm5-base.dts     |  12 +-
 .../boot/dts/rockchip/rk3588s-orangepi-cm5.dtsi    |   3 +
 .../boot/dts/rockchip/rk3588s-radxa-cm5-io.dts     |  10 +
 arch/arm64/boot/dts/rockchip/rk3588s-roc-pc.dts    |  17 +-
 arch/arm64/boot/dts/rockchip/rk3588s-rock-5a.dts   |  13 +-
 arch/arm64/boot/dts/rockchip/rk3588s-rock-5c.dts   |  13 +-
 drivers/clk/Makefile                               |   2 +-
 drivers/clk/rockchip/Kconfig                       |   2 +-
 drivers/clk/rockchip/clk-rk3588.c                  |  16 +
 drivers/clk/rockchip/clk.c                         |  25 +-
 drivers/clk/rockchip/clk.h                         |   3 +
 include/dt-bindings/clock/rockchip,rk3588-cru.h    |   4 +
 include/soc/rockchip/rk3588_grf.h                  |   2 +
 71 files changed, 1243 insertions(+), 97 deletions(-)
Merging samsung-krzk/for-next (446ccff1b11b7 Merge branch 'next/clk' into for-next)
$ git merge -m Merge branch 'for-next' of https://git.kernel.org/pub/scm/linux/kernel/git/krzk/linux.git samsung-krzk/for-next
Merge made by the 'ort' strategy.
 arch/arm/mach-s3c/mach-crag6410.c                  | 24 ++++++++++++-------
 arch/arm64/boot/dts/exynos/exynos850.dtsi          |  7 ++++++
 arch/arm64/boot/dts/exynos/exynosautov920-sadk.dts |  8 +++++++
 arch/arm64/boot/dts/exynos/exynosautov920.dtsi     | 27 ++++++++++++++++++++++
 drivers/clk/samsung/clk-exynos850.c                |  5 ++--
 5 files changed, 61 insertions(+), 10 deletions(-)
Merging scmi/for-linux-next (afe3b0a1ef943 Merge branches 'for-next/scmi/updates' and 'for-next/ffa/updates' of ssh://gitolite.kernel.org/pub/scm/linux/kernel/git/sudeep.holla/linux into for-linux-next)
$ git merge -m Merge branch 'for-linux-next' of https://git.kernel.org/pub/scm/linux/kernel/git/sudeep.holla/linux.git scmi/for-linux-next
Merge made by the 'ort' strategy.
 drivers/clk/clk-scmi.c                             |  48 +---
 drivers/clk/clk-scpi.c                             |   2 +-
 drivers/firmware/arm_ffa/bus.c                     |   3 +-
 drivers/firmware/arm_ffa/common.h                  |   4 +-
 drivers/firmware/arm_ffa/driver.c                  |  91 +++++--
 drivers/firmware/arm_ffa/smccc.c                   |   2 +-
 drivers/firmware/arm_scmi/base.c                   |  10 +-
 drivers/firmware/arm_scmi/clock.c                  | 301 ++++++++++++++++-----
 drivers/firmware/arm_scmi/common.h                 | 165 ++++++++++-
 drivers/firmware/arm_scmi/driver.c                 |  98 ++++---
 drivers/firmware/arm_scmi/protocols.h              |  13 +-
 drivers/firmware/arm_scmi/quirks.c                 |  17 +-
 drivers/firmware/arm_scmi/transports/optee.c       |  46 +++-
 drivers/firmware/arm_scmi/transports/virtio.c      |  52 +++-
 .../firmware/arm_scmi/vendors/imx/imx-sm-misc.c    |  86 ++++++
 drivers/firmware/imx/sm-misc.c                     |  73 +++++
 include/linux/arm_ffa.h                            |   4 +-
 include/linux/scmi_imx_protocol.h                  |  14 +
 include/linux/scmi_protocol.h                      |  36 +--
 19 files changed, 839 insertions(+), 226 deletions(-)
Merging sophgo/for-next (9aa6068586a9b Merge branch 'dt/riscv' into for-next)
$ git merge -m Merge branch 'for-next' of https://github.com/sophgo/linux.git sophgo/for-next
Merge made by the 'ort' strategy.
 arch/riscv/boot/dts/sophgo/cv180x.dtsi | 2 +-
 1 file changed, 1 insertion(+), 1 deletion(-)
Merging sophgo-soc/soc-for-next (c8754c7deab4c soc: sophgo: cv1800: rtcsys: New driver (handling RTC only))
$ git merge -m Merge branch 'soc-for-next' of https://github.com/sophgo/linux.git sophgo-soc/soc-for-next
Already up to date.
Merging spacemit/for-next (e2518e8cb1dde riscv: dts: spacemit: enable QSPI for OrangePi RV2)
$ git merge -m Merge branch 'for-next' of https://github.com/spacemit-com/linux spacemit/for-next
Merge made by the 'ort' strategy.
 .../devicetree/bindings/riscv/spacemit.yaml        |   1 +
 arch/riscv/boot/dts/spacemit/Makefile              |   1 +
 arch/riscv/boot/dts/spacemit/k1-bananapi-f3.dts    |  33 ++-
 arch/riscv/boot/dts/spacemit/k1-musepi-pro.dts     | 309 ++++++++++++++++++++-
 arch/riscv/boot/dts/spacemit/k1-orangepi-rv2.dts   | 292 +++++++++++++++++++
 arch/riscv/boot/dts/spacemit/k1-pinctrl.dtsi       |  60 ++++
 arch/riscv/boot/dts/spacemit/k1.dtsi               |  30 +-
 .../dts/spacemit/k3-deepcomputing-fml13v05.dts     |  31 +++
 arch/riscv/boot/dts/spacemit/k3-pico-itx.dts       |  24 ++
 arch/riscv/boot/dts/spacemit/k3.dtsi               |  33 ++-
 10 files changed, 808 insertions(+), 6 deletions(-)
 create mode 100644 arch/riscv/boot/dts/spacemit/k3-deepcomputing-fml13v05.dts
Merging stm32/stm32-next (515aa8b118840 arm64: defconfig: Enable STMicroelectronics STM32 display support)
$ git merge -m Merge branch 'stm32-next' of https://git.kernel.org/pub/scm/linux/kernel/git/atorgue/stm32.git stm32/stm32-next
Auto-merging MAINTAINERS
Auto-merging arch/arm64/configs/defconfig
CONFLICT (content): Merge conflict in arch/arm64/configs/defconfig
Auto-merging drivers/bus/Kconfig
Auto-merging drivers/bus/Makefile
Resolved 'arch/arm64/configs/defconfig' using previous resolution.
Automatic merge failed; fix conflicts and then commit the result.
$ git commit --no-edit -v -a
[master bc33dacde4550] Merge branch 'stm32-next' of https://git.kernel.org/pub/scm/linux/kernel/git/atorgue/stm32.git
$ git diff -M --stat --summary HEAD^..

Merging sunxi/sunxi/for-next (d55695a22b5d7 Merge branch 'sunxi/dt-for-7.2' into sunxi/for-next)
$ git merge -m Merge branch 'sunxi/for-next' of https://git.kernel.org/pub/scm/linux/kernel/git/sunxi/linux.git sunxi/sunxi/for-next
Merge made by the 'ort' strategy.
 .../sram/allwinner,sun4i-a10-system-control.yaml   |   5 +-
 Documentation/devicetree/bindings/sram/sram.yaml   |   1 +
 arch/arm/boot/dts/allwinner/sun8i-t113s.dtsi       |   4 +
 arch/arm64/boot/dts/allwinner/sun50i-h616.dtsi     |  38 +++-
 arch/riscv/boot/dts/allwinner/sunxi-d1s-t113.dtsi  |   9 +
 drivers/soc/sunxi/sunxi_sram.c                     | 196 +++++++++++++--------
 6 files changed, 174 insertions(+), 79 deletions(-)
Merging tee/next (4b1146ac86b6a Merge branch 'tee_shm_fix2_for_v7.1' into next)
$ git merge -m Merge branch 'next' of https://git.kernel.org/pub/scm/linux/kernel/git/jenswi/linux-tee.git tee/next
Merge made by the 'ort' strategy.
 drivers/tee/optee/call.c          |   3 +-
 drivers/tee/optee/optee_msg.h     |  50 +++++++++-------
 drivers/tee/optee/optee_private.h | 120 ++++++++++++++++++++------------------
 drivers/tee/optee/supp.c          | 107 ++++++++++++++++++++++-----------
 drivers/tee/tee_core.c            |  56 ++++++++----------
 drivers/tee/tee_shm.c             |   2 +-
 include/uapi/linux/tee.h          |   1 +
 7 files changed, 195 insertions(+), 144 deletions(-)
Merging tegra/for-next (20e4d2163a23d Merge branch for-7.2/arm64/dt into for-next)
$ git merge -m Merge branch 'for-next' of https://git.kernel.org/pub/scm/linux/kernel/git/tegra/linux.git tegra/for-next
Merge made by the 'ort' strategy.
 arch/arm64/boot/dts/nvidia/tegra194.dtsi |  9 +++++++++
 arch/arm64/boot/dts/nvidia/tegra234.dtsi | 24 ++++++++++++++++++++----
 drivers/bus/tegra-aconnect.c             | 14 ++++++--------
 3 files changed, 35 insertions(+), 12 deletions(-)
Merging tenstorrent-dt/tenstorrent-dt-for-next (ad3cb81323131 riscv: dts: tenstorrent: Add PMU node to blackhole for Linux perf support)
$ git merge -m Merge branch 'tenstorrent-dt-for-next' of https://git.kernel.org/pub/scm/linux/kernel/git/tenstorrent/linux.git tenstorrent-dt/tenstorrent-dt-for-next
Merge made by the 'ort' strategy.
 arch/riscv/boot/dts/tenstorrent/blackhole.dtsi | 48 ++++++++++++++++++++++++++
 1 file changed, 48 insertions(+)
Merging thead-dt/thead-dt-for-next (74ec3d52c0035 riscv: dts: thead: beaglev-ahead: enable HDMI output)
$ git merge -m Merge branch 'thead-dt-for-next' of https://git.kernel.org/pub/scm/linux/kernel/git/fustini/linux.git thead-dt/thead-dt-for-next
Already up to date.
Merging ti/ti-next (e84bac36f60fe Merge branches 'ti-k3-dts-next' and 'ti-drivers-soc-next' into ti-next)
$ git merge -m Merge branch 'ti-next' of https://git.kernel.org/pub/scm/linux/kernel/git/ti/linux.git ti/ti-next
Merge made by the 'ort' strategy.
 Documentation/devicetree/bindings/arm/ti/k3.yaml   |    7 +
 .../devicetree/bindings/hwinfo/ti,k3-socinfo.yaml  |   11 +
 arch/arm64/boot/dts/ti/Makefile                    |   18 +
 arch/arm64/boot/dts/ti/k3-am62-lp-sk.dts           |    1 +
 .../dts/ti/k3-am62-phyboard-lyra-oldi-lcd185.dtso  |  185 ++++
 .../boot/dts/ti/k3-am625-tqma62xx-mba62xx.dts      | 1033 ++++++++++++++++++++
 arch/arm64/boot/dts/ti/k3-am625-tqma62xx.dtsi      |  360 +++++++
 .../boot/dts/ti/k3-am625-verdin-dsi-to-hdmi.dtso   |   94 ++
 arch/arm64/boot/dts/ti/k3-am62a7-sk.dts            |    2 +
 arch/arm64/boot/dts/ti/k3-j721s2-som-p0.dtsi       |    1 +
 arch/arm64/boot/dts/ti/k3-j722s-main.dtsi          |   24 +-
 arch/arm64/boot/dts/ti/k3-j722s-mcu.dtsi           |   15 +
 arch/arm64/boot/dts/ti/k3-j722s-wakeup.dtsi        |   18 +
 arch/arm64/boot/dts/ti/k3-j722s.dtsi               |    2 +
 drivers/soc/ti/k3-ringacc.c                        |    4 +-
 drivers/soc/ti/k3-socinfo.c                        |   41 +-
 drivers/soc/ti/knav_qmss_queue.c                   |    7 +-
 include/linux/soc/ti/knav_dma.h                    |   11 +-
 18 files changed, 1803 insertions(+), 31 deletions(-)
 create mode 100644 arch/arm64/boot/dts/ti/k3-am62-phyboard-lyra-oldi-lcd185.dtso
 create mode 100644 arch/arm64/boot/dts/ti/k3-am625-tqma62xx-mba62xx.dts
 create mode 100644 arch/arm64/boot/dts/ti/k3-am625-tqma62xx.dtsi
 create mode 100644 arch/arm64/boot/dts/ti/k3-am625-verdin-dsi-to-hdmi.dtso
 create mode 100644 arch/arm64/boot/dts/ti/k3-j722s-mcu.dtsi
 create mode 100644 arch/arm64/boot/dts/ti/k3-j722s-wakeup.dtsi
Merging xilinx/for-next (fdee7c66c0d7b soc: xilinx: Shutdown and free rx mailbox channel)
$ git merge -m Merge branch 'for-next' of https://github.com/Xilinx/linux-xlnx.git xilinx/for-next
Merge made by the 'ort' strategy.
 drivers/soc/xilinx/zynqmp_power.c | 47 +++++++++++++++++----------------------
 1 file changed, 20 insertions(+), 27 deletions(-)
Merging socfpga/for-next (7557d67a60573 ARM: dts: socfpga: arria10: Increase JFFS2 rootfs partition size)
$ git merge -m Merge branch 'for-next' of https://git.kernel.org/pub/scm/linux/kernel/git/dinguyen/linux.git socfpga/for-next
Merge made by the 'ort' strategy.
 Documentation/devicetree/bindings/arm/altera.yaml  |   7 ++
 arch/arm/boot/dts/intel/socfpga/socfpga.dtsi       |   4 +-
 .../boot/dts/intel/socfpga/socfpga_arria10.dtsi    |   4 +-
 .../intel/socfpga/socfpga_arria10_socdk_nand.dts   |   4 +-
 arch/arm64/boot/dts/intel/Makefile                 |   1 +
 .../arm64/boot/dts/intel/socfpga_agilex3_socdk.dts |   2 +
 arch/arm64/boot/dts/intel/socfpga_agilex5.dtsi     |   4 +-
 .../arm64/boot/dts/intel/socfpga_agilex5_socdk.dts |   4 +-
 .../boot/dts/intel/socfpga_agilex5_socdk_013b.dts  |   4 +-
 .../dts/intel/socfpga_agilex5_socdk_modular.dts    |   4 +-
 .../boot/dts/intel/socfpga_agilex5_socdk_nand.dts  |   4 +-
 .../boot/dts/intel/socfpga_agilex7m_socdk.dts      | 103 +++++++++++++++++++++
 12 files changed, 131 insertions(+), 14 deletions(-)
 create mode 100644 arch/arm64/boot/dts/intel/socfpga_agilex7m_socdk.dts
Merging clk/clk-next (9781f9635d693 Merge branch 'clk-fixes' into clk-next)
$ git merge -m Merge branch 'clk-next' of https://git.kernel.org/pub/scm/linux/kernel/git/clk/linux.git clk/clk-next
Merge made by the 'ort' strategy.
 .../devicetree/bindings/clock/marvell,pxa1908.yaml | 34 ++++++---
 drivers/clk/bcm/clk-iproc-asiu.c                   | 27 +++-----
 drivers/clk/clk-axi-clkgen.c                       |  5 +-
 drivers/clk/clk-bulk.c                             | 14 ++--
 drivers/clk/clk-max77686.c                         | 32 ++++-----
 drivers/clk/hisilicon/clk.c                        |  4 +-
 drivers/clk/hisilicon/clkdivider-hi6220.c          | 26 +++----
 drivers/clk/mediatek/clk-mt7988-infracfg.c         | 80 ++++++++++------------
 drivers/clk/mediatek/clk-mt8192.c                  |  4 +-
 drivers/clk/mediatek/clk-mux.h                     |  5 ++
 drivers/clk/mmp/clk-pxa1908-apbc.c                 | 58 ++++++++++++----
 drivers/clk/mmp/clk-pxa1908-apbcp.c                | 31 ++++++++-
 drivers/clk/mvebu/common.c                         | 21 +++---
 drivers/clk/nxp/clk-lpc18xx-ccu.c                  | 14 ++--
 drivers/clk/visconti/pll.c                         | 17 ++---
 include/linux/adi-axi-common.h                     |  2 +
 16 files changed, 210 insertions(+), 164 deletions(-)
Merging clk-imx/for-next (d16f57caa7877 clk: imx8mq: Correct the CSI PHY sels)
$ git merge -m Merge branch 'for-next' of https://git.kernel.org/pub/scm/linux/kernel/git/abelvesa/linux.git clk-imx/for-next
Already up to date.
Merging clk-renesas/renesas-clk (4f42053949324 clk: renesas: r8a73a4: Add ZT/ZTR trace clocks)
$ git merge -m Merge branch 'renesas-clk' of https://git.kernel.org/pub/scm/linux/kernel/git/geert/renesas-drivers.git clk-renesas/renesas-clk
Merge made by the 'ort' strategy.
 drivers/clk/renesas/clk-r8a73a4.c      |   2 +
 drivers/clk/renesas/clk-r8a7740.c      |   2 +
 drivers/clk/renesas/r9a08g046-cpg.c    | 358 +++++++++++++++++++++++++++++++++
 drivers/clk/renesas/r9a09g047-cpg.c    |  84 ++++++++
 drivers/clk/renesas/r9a09g077-cpg.c    |   1 +
 drivers/clk/renesas/renesas-cpg-mssr.c |   3 +
 drivers/clk/renesas/rzg2l-cpg.c        |  68 ++++++-
 drivers/clk/renesas/rzg2l-cpg.h        |  11 +-
 drivers/clk/renesas/rzv2h-cpg.c        | 181 +++++++++++++++++
 drivers/clk/renesas/rzv2h-cpg.h        |  12 ++
 include/linux/clk/renesas.h            |  20 ++
 11 files changed, 737 insertions(+), 5 deletions(-)
Merging thead-clk/thead-clk-for-next (baf4fc7c03bd0 clk: thead: th1520-ap: Support CPU frequency scaling)
$ git merge -m Merge branch 'thead-clk-for-next' of https://git.kernel.org/pub/scm/linux/kernel/git/fustini/linux.git thead-clk/thead-clk-for-next
Already up to date.
Merging tenstorrent-clk/tenstorrent-clk-for-next (23c8ebc952849 clk: tenstorrent: Add Atlantis clock controller driver)
$ git merge -m Merge branch 'tenstorrent-clk-for-next' of https://git.kernel.org/pub/scm/linux/kernel/git/tenstorrent/linux.git tenstorrent-clk/tenstorrent-clk-for-next
Already up to date.
Merging csky/linux-next (817d21578d51e csky: Remove compile warning for CONFIG_SMP)
$ git merge -m Merge branch 'linux-next' of https://github.com/c-sky/csky-linux.git csky/linux-next
Already up to date.
Merging loongarch/loongarch-next (5a873d77ba792 LoongArch: KVM: Move unconditional delay into timer clear scenery)
$ git merge -m Merge branch 'loongarch-next' of https://git.kernel.org/pub/scm/linux/kernel/git/chenhuacai/linux-loongson.git loongarch/loongarch-next
Already up to date.
Merging m68k/for-next (0ad7ed2f5a29c drivers: dio: use tabs and avoid continuation logging in dio_init)
$ git merge -m Merge branch 'for-next' of https://git.kernel.org/pub/scm/linux/kernel/git/geert/linux-m68k.git m68k/for-next
Merge made by the 'ort' strategy.
 drivers/dio/dio.c           | 15 ++++++++-------
 drivers/nubus/nubus.c       | 19 ++++++++-----------
 drivers/zorro/zorro-sysfs.c | 15 ++++++++-------
 3 files changed, 24 insertions(+), 25 deletions(-)
Merging m68knommu/for-next (16b47102d9c3b m68k: coldfire: use ColdFire specifc IO access in SoC code)
$ git merge -m Merge branch 'for-next' of https://git.kernel.org/pub/scm/linux/kernel/git/gerg/m68knommu.git m68knommu/for-next
Merge made by the 'ort' strategy.
 arch/m68k/Kconfig.cpu                 |   1 +
 arch/m68k/Kconfig.machine             |   8 +--
 arch/m68k/coldfire/amcore.c           |   4 +-
 arch/m68k/coldfire/clk.c              |   8 +--
 arch/m68k/coldfire/device.c           |   8 +--
 arch/m68k/coldfire/dma_timer.c        |  12 ++--
 arch/m68k/coldfire/intc-2.c           |  30 ++++-----
 arch/m68k/coldfire/intc-5249.c        |  10 +--
 arch/m68k/coldfire/intc-525x.c        |  12 ++--
 arch/m68k/coldfire/intc-5272.c        |  20 +++---
 arch/m68k/coldfire/intc-simr.c        |  38 +++++------
 arch/m68k/coldfire/intc.c             |  28 ++++----
 arch/m68k/coldfire/m5206.c            |   2 +-
 arch/m68k/coldfire/m520x.c            |  26 ++++----
 arch/m68k/coldfire/m523x.c            |  12 ++--
 arch/m68k/coldfire/m5249.c            |  16 ++---
 arch/m68k/coldfire/m525x.c            |  12 ++--
 arch/m68k/coldfire/m5272.c            |  16 ++---
 arch/m68k/coldfire/m527x.c            |  40 +++++------
 arch/m68k/coldfire/m528x.c            |  28 ++++----
 arch/m68k/coldfire/m5307.c            |   2 +-
 arch/m68k/coldfire/m53xx.c            | 122 +++++++++++++++++-----------------
 arch/m68k/coldfire/m5407.c            |   2 +-
 arch/m68k/coldfire/m5441x.c           |  12 ++--
 arch/m68k/coldfire/m54xx.c            |  18 ++---
 arch/m68k/coldfire/nettel.c           |  16 ++---
 arch/m68k/coldfire/pci.c              |  56 ++++++++--------
 arch/m68k/coldfire/pit.c              |  20 +++---
 arch/m68k/coldfire/reset.c            |   4 +-
 arch/m68k/coldfire/sltimers.c         |  18 ++---
 arch/m68k/coldfire/stmark2.c          |  16 ++---
 arch/m68k/coldfire/timers.c           |  30 ++++-----
 arch/m68k/configs/m5208evb_defconfig  |   9 +--
 arch/m68k/configs/m5249evb_defconfig  |   9 +--
 arch/m68k/configs/m5272c3_defconfig   |   9 +--
 arch/m68k/configs/m5275evb_defconfig  |   9 +--
 arch/m68k/configs/m5307c3_defconfig   |  10 +--
 arch/m68k/configs/m5329evb_defconfig  |  61 +++++++++++++++++
 arch/m68k/configs/m5407c3_defconfig   |   9 ++-
 arch/m68k/configs/m54418evb_defconfig |  70 +++++++++++++++++++
 arch/m68k/configs/m5475evb_defconfig  |  12 ++--
 arch/m68k/configs/nettel_defconfig    |  56 ++++++++++++++++
 arch/m68k/configs/stmark2_defconfig   |  33 +++++----
 arch/m68k/include/asm/io_no.h         |  16 +++++
 arch/m68k/include/asm/mcfgpio.h       |  12 ++--
 arch/m68k/include/asm/nettel.h        |   4 +-
 46 files changed, 590 insertions(+), 376 deletions(-)
 create mode 100644 arch/m68k/configs/m5329evb_defconfig
 create mode 100644 arch/m68k/configs/m54418evb_defconfig
 create mode 100644 arch/m68k/configs/nettel_defconfig
Merging microblaze/next (6de23f81a5e08 Linux 7.0-rc1)
$ git merge -m Merge branch 'next' of git://git.monstr.eu/linux-2.6-microblaze.git microblaze/next
Already up to date.
Merging mips/mips-next (254f49634ee16 Linux 7.1-rc1)
$ git merge -m Merge branch 'mips-next' of https://git.kernel.org/pub/scm/linux/kernel/git/mips/linux.git mips/mips-next
Already up to date.
Merging openrisc/for-next (0dfffa5479d62 openrisc: define arch-specific version of nop())
$ git merge -m Merge branch 'for-next' of https://github.com/openrisc/linux.git openrisc/for-next
Already up to date.
Merging parisc-hd/for-next (7fd2df204f342 Linux 7.1-rc2)
$ git merge -m Merge branch 'for-next' of https://git.kernel.org/pub/scm/linux/kernel/git/deller/parisc-linux.git parisc-hd/for-next
Already up to date.
Merging powerpc/next (7fd2df204f342 Linux 7.1-rc2)
$ git merge -m Merge branch 'next' of https://git.kernel.org/pub/scm/linux/kernel/git/powerpc/linux.git powerpc/next
Already up to date.
Merging risc-v/for-next (f2abc305aa93f riscv: Define __riscv_copy_{,vec_}{words,bytes}_unaligned() using SYM_TYPED_FUNC_START)
$ git merge -m Merge branch 'for-next' of https://git.kernel.org/pub/scm/linux/kernel/git/riscv/linux.git risc-v/for-next
Already up to date.
Merging riscv-dt/riscv-dt-for-next (3869417f8996f riscv: dts: microchip: remove redudant enabling of syscontroller)
$ git merge -m Merge branch 'riscv-dt-for-next' of https://git.kernel.org/pub/scm/linux/kernel/git/conor/linux.git riscv-dt/riscv-dt-for-next
Merge made by the 'ort' strategy.
 .../riscv/boot/dts/microchip/mpfs-beaglev-fire.dts | 37 ++++++------
 arch/riscv/boot/dts/microchip/mpfs-disco-kit.dts   |  4 --
 .../boot/dts/microchip/mpfs-icicle-kit-common.dtsi |  4 --
 arch/riscv/boot/dts/microchip/mpfs-m100pfsevp.dts  |  4 --
 arch/riscv/boot/dts/microchip/mpfs-polarberry.dts  |  4 --
 arch/riscv/boot/dts/microchip/mpfs-sev-kit.dts     |  4 --
 arch/riscv/boot/dts/microchip/mpfs-tysom-m.dts     |  4 --
 arch/riscv/boot/dts/microchip/mpfs.dtsi            |  6 +-
 .../boot/dts/microchip/pic64gx-curiosity-kit.dts   | 67 ++++++++++++----------
 arch/riscv/boot/dts/microchip/pic64gx.dtsi         | 46 +++++++++++----
 10 files changed, 95 insertions(+), 85 deletions(-)
Merging riscv-soc/riscv-soc-for-next (b5865650b2097 Merge branch 'riscv-soc-drivers-for-next' into riscv-soc-for-next)
$ git merge -m Merge branch 'riscv-soc-for-next' of https://git.kernel.org/pub/scm/linux/kernel/git/conor/linux.git riscv-soc/riscv-soc-for-next
Auto-merging Documentation/devicetree/bindings/timer/sifive,clint.yaml
Merge made by the 'ort' strategy.
 .../interrupt-controller/sifive,plic-1.0.0.yaml    |   1 +
 .../devicetree/bindings/riscv/canaan.yaml          |   8 +-
 .../soc/microchip/microchip,mpfs-irqmux.yaml       |   6 +-
 .../devicetree/bindings/timer/sifive,clint.yaml    |   1 +
 arch/riscv/boot/dts/canaan/Makefile                |   2 +
 arch/riscv/boot/dts/canaan/k230-canmv.dts          | 332 +++++++++++++++++++++
 arch/riscv/boot/dts/canaan/k230-evb.dts            |  28 ++
 arch/riscv/boot/dts/canaan/k230-pinctrl.h          |  18 ++
 arch/riscv/boot/dts/canaan/k230.dtsi               | 157 ++++++++++
 9 files changed, 551 insertions(+), 2 deletions(-)
 create mode 100644 arch/riscv/boot/dts/canaan/k230-canmv.dts
 create mode 100644 arch/riscv/boot/dts/canaan/k230-evb.dts
 create mode 100644 arch/riscv/boot/dts/canaan/k230-pinctrl.h
 create mode 100644 arch/riscv/boot/dts/canaan/k230.dtsi
Merging s390/for-next (3bc15006ffd0d Merge branch 'fixes' into for-next)
$ git merge -m Merge branch 'for-next' of https://git.kernel.org/pub/scm/linux/kernel/git/s390/linux.git s390/for-next
Merge made by the 'ort' strategy.
 Documentation/arch/s390/s390dbf.rst |  30 +++++++++
 arch/s390/Kconfig                   |   1 +
 arch/s390/include/asm/debug.h       |   1 +
 arch/s390/include/asm/sclp.h        |   1 +
 arch/s390/kernel/debug.c            | 125 ++++++++++++++++++++++++++++++++----
 arch/s390/kernel/process.c          |   3 -
 arch/s390/kernel/vmlinux.lds.S      |   7 ++
 drivers/s390/char/sclp_pci.c        |   1 +
 drivers/s390/cio/device.c           |   2 +-
 drivers/s390/crypto/ap_bus.c        |  17 +++++
 drivers/s390/crypto/ap_bus.h        |   2 +
 drivers/s390/crypto/ap_queue.c      |   2 +
 12 files changed, 174 insertions(+), 18 deletions(-)
Merging sh/for-next (b0aa5e4b087b6 sh: Fix fallout from ZERO_PAGE consolidation)
$ git merge -m Merge branch 'for-next' of https://git.kernel.org/pub/scm/linux/kernel/git/glaubitz/sh-linux.git sh/for-next
Already up to date.
Merging sparc/for-next (d844152d85cfc sparc: remove unused variable strtab)
$ git merge -m Merge branch 'for-next' of https://git.kernel.org/pub/scm/linux/kernel/git/alarsson/linux-sparc.git sparc/for-next
Already up to date.
Merging uml/next (254f49634ee16 Linux 7.1-rc1)
$ git merge -m Merge branch 'next' of https://git.kernel.org/pub/scm/linux/kernel/git/uml/linux.git uml/next
Already up to date.
Merging xtensa/xtensa-for-next (84477867e1222 tty: xtensa/iss: use strnlen to improve iss_console_write)
$ git merge -m Merge branch 'xtensa-for-next' of https://github.com/jcmvbkbc/linux-xtensa.git xtensa/xtensa-for-next
Merge made by the 'ort' strategy.
 arch/xtensa/platforms/iss/console.c | 5 +++--
 1 file changed, 3 insertions(+), 2 deletions(-)
Merging fs-next (5f516aafd0d60 Merge branch 'for-next' of https://git.kernel.org/pub/scm/linux/kernel/git/viro/vfs.git)
$ git merge -m Merge branch 'fs-next' of linux-next fs-next
Auto-merging MAINTAINERS
Auto-merging fs/inode.c
Auto-merging fs/open.c
Auto-merging fs/proc/generic.c
Auto-merging include/linux/fs.h
Merge made by the 'ort' strategy.
 Documentation/ABI/testing/sysfs-fs-f2fs            |    5 +-
 .../filesystems/adding-new-filesystems.rst         |  195 +++
 Documentation/filesystems/f2fs.rst                 |   50 +-
 Documentation/filesystems/index.rst                |    1 +
 Documentation/filesystems/porting.rst              |    1 -
 Documentation/filesystems/proc.rst                 |   19 +-
 Documentation/netlink/specs/nfsd.yaml              |  229 ++++
 Documentation/netlink/specs/sunrpc_cache.yaml      |  149 +++
 MAINTAINERS                                        |   36 +-
 arch/alpha/include/uapi/asm/errno.h                |    2 +
 arch/alpha/include/uapi/asm/fcntl.h                |    1 +
 arch/mips/include/uapi/asm/errno.h                 |    2 +
 arch/parisc/include/uapi/asm/errno.h               |    2 +
 arch/parisc/include/uapi/asm/fcntl.h               |    1 +
 arch/powerpc/platforms/cell/spufs/file.c           |    2 +-
 arch/sparc/include/uapi/asm/errno.h                |    2 +
 arch/sparc/include/uapi/asm/fcntl.h                |    1 +
 drivers/block/rbd.c                                |   23 +-
 drivers/mtd/ubi/ubi.h                              |    9 +-
 fs/affs/affs.h                                     |    5 -
 fs/affs/super.c                                    |    6 +-
 fs/befs/linuxvfs.c                                 |    3 +-
 fs/bfs/inode.c                                     |    3 +-
 fs/bpf_fs_kfuncs.c                                 |   10 +-
 fs/btrfs/inode.c                                   |    2 +-
 fs/ceph/file.c                                     |    4 +
 fs/ceph/mds_client.c                               |    2 +-
 fs/coredump.c                                      |    3 +-
 fs/dcache.c                                        |   22 +-
 fs/dlm/lowcomms.c                                  |   12 +-
 fs/dlm/memory.c                                    |    4 +-
 fs/dlm/midcomms.c                                  |   21 +-
 fs/ecryptfs/keystore.c                             |   16 +-
 fs/eventpoll.c                                     | 1207 ++++++++++++-------
 fs/exec.c                                          |    6 +-
 fs/exfat/dir.c                                     |    4 +-
 fs/exfat/exfat_fs.h                                |    2 +
 fs/exfat/file.c                                    |   18 +-
 fs/exfat/namei.c                                   |   57 +-
 fs/exfat/nls.c                                     |   19 +-
 fs/ext4/ialloc.c                                   |    4 +-
 fs/f2fs/checkpoint.c                               |    2 +-
 fs/f2fs/compress.c                                 |    2 +
 fs/f2fs/data.c                                     |   38 +-
 fs/f2fs/dir.c                                      |    2 +
 fs/f2fs/extent_cache.c                             |   19 +-
 fs/f2fs/f2fs.h                                     |   32 +-
 fs/f2fs/file.c                                     |   13 +-
 fs/f2fs/gc.c                                       |   11 +-
 fs/f2fs/inline.c                                   |    3 +
 fs/f2fs/inode.c                                    |   24 +-
 fs/f2fs/node.c                                     |   14 +-
 fs/f2fs/node.h                                     |    8 +-
 fs/f2fs/recovery.c                                 |    2 +
 fs/f2fs/segment.c                                  |   23 +
 fs/f2fs/super.c                                    |   51 +-
 fs/f2fs/sysfs.c                                    |    2 +
 fs/f2fs/verity.c                                   |    2 +
 fs/f2fs/xattr.c                                    |   41 +-
 fs/f2fs/xattr.h                                    |    6 +
 fs/fat/fat.h                                       |    3 +
 fs/fat/file.c                                      |   36 +
 fs/fat/namei_msdos.c                               |    1 +
 fs/fat/namei_vfat.c                                |    1 +
 fs/fcntl.c                                         |    4 +-
 fs/file.c                                          |   17 +-
 fs/file_attr.c                                     |   16 +-
 fs/filesystems.c                                   |  332 +++--
 fs/fuse/Makefile                                   |    3 +-
 fs/fuse/args.h                                     |   65 +
 fs/fuse/backing.c                                  |    3 +-
 fs/fuse/control.c                                  |   16 +-
 fs/fuse/cuse.c                                     |   28 +-
 fs/fuse/dev.c                                      | 1271 ++++++++------------
 fs/fuse/dev.h                                      |  110 ++
 fs/fuse/dev_uring.c                                |  143 ++-
 fs/fuse/dev_uring_i.h                              |   39 +-
 fs/fuse/dir.c                                      |   12 +-
 fs/fuse/file.c                                     |  146 +--
 fs/fuse/fuse_dev_i.h                               |  350 +++++-
 fs/fuse/fuse_i.h                                   |  862 +++++--------
 fs/fuse/fuse_trace.h                               |    4 +-
 fs/fuse/inode.c                                    |  263 +---
 fs/fuse/notify.c                                   |  434 +++++++
 fs/fuse/poll.c                                     |  141 +++
 fs/fuse/req.c                                      |   99 ++
 fs/fuse/req_timeout.c                              |  148 +++
 fs/fuse/sysctl.c                                   |    1 +
 fs/fuse/sysctl.h                                   |    9 +
 fs/fuse/virtio_fs.c                                |   21 +-
 fs/gfs2/inode.c                                    |    6 +
 fs/gfs2/quota.c                                    |   36 +-
 fs/gfs2/super.c                                    |    1 +
 fs/hfs/dir.c                                       |    1 +
 fs/hfs/hfs_fs.h                                    |    2 +
 fs/hfs/inode.c                                     |   14 +
 fs/hfsplus/inode.c                                 |   16 +-
 fs/hpfs/inode.c                                    |    2 +-
 fs/hpfs/super.c                                    |    3 +-
 fs/inode.c                                         |  100 +-
 fs/iomap/buffered-io.c                             |    3 +-
 fs/iomap/direct-io.c                               |    3 -
 fs/iomap/iter.c                                    |   12 +-
 fs/isofs/dir.c                                     |   16 +
 fs/isofs/inode.c                                   |    3 +-
 fs/isofs/isofs.h                                   |    3 +
 fs/jfs/super.c                                     |    3 +-
 fs/minix/inode.c                                   |    3 +-
 fs/mount.h                                         |    4 +
 fs/namei.c                                         |   29 +-
 fs/namespace.c                                     |   34 +-
 fs/nfs/client.c                                    |   21 +-
 fs/nfs/dir.c                                       |    4 +
 fs/nfs/dns_resolve.c                               |    2 +-
 fs/nfs/inode.c                                     |   19 +-
 fs/nfs/internal.h                                  |    3 +
 fs/nfs/namespace.c                                 |    2 +
 fs/nfs/nfs3proc.c                                  |    2 +
 fs/nfs/nfs3xdr.c                                   |    7 +-
 fs/nfs/nfs4proc.c                                  |   10 +-
 fs/nfs/proc.c                                      |    3 +
 fs/nfs/symlink.c                                   |    3 +
 fs/nfsd/blocklayout.c                              |   37 +-
 fs/nfsd/export.c                                   |  717 ++++++++++-
 fs/nfsd/netlink.c                                  |   93 ++
 fs/nfsd/netlink.h                                  |   18 +
 fs/nfsd/nfs3proc.c                                 |   36 +-
 fs/nfsd/nfs4idmap.c                                |    4 +-
 fs/nfsd/nfs4layouts.c                              |   29 +-
 fs/nfsd/nfs4state.c                                |    9 +-
 fs/nfsd/nfs4xdr.c                                  |   52 +-
 fs/nfsd/nfsctl.c                                   |   79 ++
 fs/nfsd/nfsd.h                                     |   17 +-
 fs/nfsd/vfs.c                                      |   88 ++
 fs/nfsd/vfs.h                                      |    3 +
 fs/nfsd/xdr3.h                                     |    4 +-
 fs/ntfs/attrib.c                                   |   49 +-
 fs/ntfs/attrlist.c                                 |    7 +-
 fs/ntfs/bdev-io.c                                  |    7 +-
 fs/ntfs/index.c                                    |   17 +-
 fs/ntfs/inode.c                                    |    6 +-
 fs/ntfs/logfile.c                                  |    5 +-
 fs/ntfs/mft.c                                      |   93 +-
 fs/ntfs/namei.c                                    |    4 +-
 fs/ntfs/runlist.c                                  |    9 +-
 fs/ntfs/super.c                                    |   35 +-
 fs/ntfs3/dir.c                                     |   22 +-
 fs/ntfs3/file.c                                    |   29 +
 fs/ntfs3/fslog.c                                   |    5 +-
 fs/ntfs3/index.c                                   |   46 +-
 fs/ntfs3/lznt.c                                    |    2 +-
 fs/ntfs3/namei.c                                   |    3 +-
 fs/ntfs3/ntfs_fs.h                                 |    4 +-
 fs/ntfs3/run.c                                     |    9 +-
 fs/ntfs3/super.c                                   |    8 +-
 fs/ntfs3/xattr.c                                   |    4 +-
 fs/ocfs2/super.c                                   |    1 -
 fs/omfs/inode.c                                    |    6 +-
 fs/open.c                                          |   17 +-
 fs/proc/generic.c                                  |   10 +
 fs/proc/internal.h                                 |    3 +
 fs/proc/proc_net.c                                 |    8 +
 fs/proc/root.c                                     |   24 +-
 fs/qnx4/inode.c                                    |    3 +-
 fs/smb/client/cifs_swn.c                           |   64 +-
 fs/smb/client/cifsacl.c                            |  196 +--
 fs/smb/client/cifsfs.c                             |   53 +
 fs/smb/client/cifsfs.h                             |    3 +
 fs/smb/client/dir.c                                |   18 +-
 fs/smb/client/inode.c                              |   32 +-
 fs/smb/client/namespace.c                          |    1 +
 fs/smb/client/netlink.c                            |    1 +
 fs/smb/client/smb2ops.c                            |    4 +-
 fs/smb/client/smb2transport.c                      |    2 +
 fs/smb/client/trace.h                              |    2 +
 fs/smb/server/oplock.c                             |    6 +-
 fs/smb/server/smb2pdu.c                            |   30 +-
 fs/smb/server/smbacl.c                             |   12 +-
 fs/smb/server/vfs_cache.c                          |    2 +-
 fs/super.c                                         |    1 -
 fs/sync.c                                          |    3 +-
 fs/sysfs/mount.c                                   |   18 +-
 fs/ubifs/super.c                                   |    2 +-
 fs/vboxsf/dir.c                                    |    1 +
 fs/vboxsf/file.c                                   |    6 +-
 fs/vboxsf/super.c                                  |    7 +
 fs/vboxsf/utils.c                                  |   30 +
 fs/vboxsf/vfsmod.h                                 |    6 +
 fs/xfs/libxfs/xfs_inode_util.c                     |    2 +
 fs/xfs/xfs_export.c                                |    4 +-
 fs/xfs/xfs_inode.c                                 |    2 +-
 fs/xfs/xfs_ioctl.c                                 |   22 +-
 fs/xfs/xfs_pnfs.c                                  |   44 +-
 fs/xfs/xfs_pnfs.h                                  |   11 +-
 fs/xfs/xfs_trace.h                                 |    2 +-
 fs/zonefs/super.c                                  |    6 +-
 include/linux/dcache.h                             |    4 +-
 include/linux/exportfs.h                           |   25 +-
 include/linux/exportfs_block.h                     |   88 ++
 include/linux/fcntl.h                              |    4 +-
 include/linux/fileattr.h                           |    3 +-
 include/linux/fs.h                                 |   16 +-
 include/linux/fs/super_types.h                     |    2 +-
 include/linux/iomap.h                              |   10 -
 include/linux/kstrtox.h                            |    9 +-
 include/linux/namei.h                              |    1 -
 include/linux/nfs_fs_sb.h                          |    2 +-
 include/linux/nfs_xdr.h                            |    2 +
 include/linux/proc_fs.h                            |   13 +
 include/linux/rhashtable-types.h                   |   22 +-
 include/linux/sockptr.h                            |   28 +-
 include/linux/sunrpc/cache.h                       |   15 +-
 include/linux/uaccess.h                            |   65 +-
 include/trace/events/f2fs.h                        |   28 +
 include/trace/events/filelock.h                    |    2 +-
 include/uapi/asm-generic/errno.h                   |    2 +
 include/uapi/asm-generic/fcntl.h                   |    8 +
 include/uapi/linux/fs.h                            |    7 +
 include/uapi/linux/nfsd_netlink.h                  |  132 ++
 include/uapi/linux/sunrpc_netlink.h                |   84 ++
 init/initramfs.c                                   |   68 +-
 init/initramfs_test.c                              |   80 +-
 kernel/acct.c                                      |    2 +-
 lib/iov_iter.c                                     |    8 +-
 lib/rhashtable.c                                   |   17 +-
 lib/vsprintf.c                                     |    7 -
 net/sunrpc/Makefile                                |    2 +-
 net/sunrpc/auth_gss/svcauth_gss.c                  |    2 +-
 net/sunrpc/cache.c                                 |  127 +-
 net/sunrpc/netlink.c                               |   97 ++
 net/sunrpc/netlink.h                               |   35 +
 net/sunrpc/sunrpc_syms.c                           |   10 +
 net/sunrpc/svc_xprt.c                              |   46 +-
 net/sunrpc/svcauth_unix.c                          |  516 +++++++-
 security/landlock/fs.c                             |    2 +-
 tools/arch/alpha/include/uapi/asm/errno.h          |    2 +
 tools/arch/mips/include/uapi/asm/errno.h           |    2 +
 tools/arch/parisc/include/uapi/asm/errno.h         |    2 +
 tools/arch/sparc/include/uapi/asm/errno.h          |    2 +
 tools/include/uapi/asm-generic/errno.h             |    2 +
 tools/include/uapi/linux/openat2.h                 |   43 +
 .../selftests/{ => filesystems}/openat2/.gitignore |    0
 .../selftests/{ => filesystems}/openat2/Makefile   |    9 +-
 .../selftests/filesystems/openat2/emptypath_test.c |   55 +
 .../selftests/filesystems/openat2/helpers.h        |  135 +++
 .../{ => filesystems}/openat2/openat2_test.c       |  239 ++--
 .../filesystems/openat2/rename_attack_test.c       |  159 +++
 .../{ => filesystems}/openat2/resolve_test.c       |  354 +++---
 .../selftests/namespaces/listns_efault_test.c      |   33 +-
 tools/testing/selftests/namespaces/nsid_test.c     |   14 +-
 tools/testing/selftests/openat2/helpers.c          |  109 --
 tools/testing/selftests/openat2/helpers.h          |  108 --
 .../testing/selftests/openat2/rename_attack_test.c |  160 ---
 tools/testing/selftests/pid_namespace/pid_max.c    |  156 ++-
 254 files changed, 8931 insertions(+), 3862 deletions(-)
 create mode 100644 Documentation/filesystems/adding-new-filesystems.rst
 create mode 100644 Documentation/netlink/specs/sunrpc_cache.yaml
 create mode 100644 fs/fuse/args.h
 create mode 100644 fs/fuse/dev.h
 create mode 100644 fs/fuse/notify.c
 create mode 100644 fs/fuse/poll.c
 create mode 100644 fs/fuse/req.c
 create mode 100644 fs/fuse/req_timeout.c
 create mode 100644 fs/fuse/sysctl.h
 create mode 100644 include/linux/exportfs_block.h
 create mode 100644 include/uapi/linux/sunrpc_netlink.h
 create mode 100644 net/sunrpc/netlink.c
 create mode 100644 net/sunrpc/netlink.h
 create mode 100644 tools/include/uapi/linux/openat2.h
 rename tools/testing/selftests/{ => filesystems}/openat2/.gitignore (100%)
 rename tools/testing/selftests/{ => filesystems}/openat2/Makefile (65%)
 create mode 100644 tools/testing/selftests/filesystems/openat2/emptypath_test.c
 create mode 100644 tools/testing/selftests/filesystems/openat2/helpers.h
 rename tools/testing/selftests/{ => filesystems}/openat2/openat2_test.c (67%)
 create mode 100644 tools/testing/selftests/filesystems/openat2/rename_attack_test.c
 rename tools/testing/selftests/{ => filesystems}/openat2/resolve_test.c (74%)
 delete mode 100644 tools/testing/selftests/openat2/helpers.c
 delete mode 100644 tools/testing/selftests/openat2/helpers.h
 delete mode 100644 tools/testing/selftests/openat2/rename_attack_test.c
Merging printk/for-next (e56185668dc12 lib/vsprintf: Limit the returning size to INT_MAX)
$ git merge -m Merge branch 'for-next' of https://git.kernel.org/pub/scm/linux/kernel/git/printk/linux.git printk/for-next
Auto-merging lib/vsprintf.c
Merge made by the 'ort' strategy.
 lib/vsprintf.c | 51 +++++++++++++++++++++++++++------------------------
 1 file changed, 27 insertions(+), 24 deletions(-)
Merging pci/next (22cdc0deaba33 Merge branch 'pci/misc')
$ git merge -m Merge branch 'next' of https://git.kernel.org/pub/scm/linux/kernel/git/pci/pci.git pci/next
Auto-merging MAINTAINERS
Auto-merging drivers/pci/pci-driver.c
Auto-merging drivers/pci/pci.c
Auto-merging drivers/pci/setup-res.c
Merge made by the 'ort' strategy.
 Documentation/PCI/pci.rst                          |   2 +-
 Documentation/PCI/pciebus-howto.rst                |   2 +-
 .../devicetree/bindings/pci/intel-gw-pcie.yaml     |   9 +-
 .../bindings/pci/sophgo,sg2042-pcie-host.yaml      |   3 +
 .../bindings/pci/ultrarisc,dp1000-pcie.yaml        |  93 ++++
 MAINTAINERS                                        |   8 +
 arch/alpha/include/asm/pci.h                       |  13 +-
 arch/alpha/kernel/pci-sysfs.c                      | 388 ++++++++------
 arch/powerpc/include/asm/machdep.h                 |   2 +-
 arch/powerpc/include/asm/pci.h                     |   2 -
 arch/powerpc/kernel/pci-common.c                   |   2 +-
 arch/powerpc/platforms/powernv/pci-sriov.c         |   4 +-
 arch/powerpc/platforms/powernv/pci.h               |   5 +-
 arch/powerpc/platforms/pseries/setup.c             |   5 +-
 drivers/misc/pci_endpoint_test.c                   |   6 +-
 drivers/pci/Kconfig                                |  57 --
 drivers/pci/bus.c                                  |   1 -
 drivers/pci/controller/dwc/Kconfig                 |  13 +
 drivers/pci/controller/dwc/Makefile                |   1 +
 drivers/pci/controller/dwc/pci-imx6.c              |  12 +-
 drivers/pci/controller/dwc/pcie-al.c               |  12 +-
 drivers/pci/controller/dwc/pcie-amd-mdb.c          |  10 +-
 .../pci/controller/dwc/pcie-designware-debugfs.c   |  23 +-
 drivers/pci/controller/dwc/pcie-designware-ep.c    | 122 ++++-
 drivers/pci/controller/dwc/pcie-designware-plat.c  |   1 -
 drivers/pci/controller/dwc/pcie-designware.c       |  23 +-
 drivers/pci/controller/dwc/pcie-designware.h       |  27 +
 drivers/pci/controller/dwc/pcie-eswin.c            |   3 +-
 drivers/pci/controller/dwc/pcie-fu740.c            |   1 -
 drivers/pci/controller/dwc/pcie-intel-gw.c         |  74 ++-
 drivers/pci/controller/dwc/pcie-nxp-s32g.c         |   3 +-
 drivers/pci/controller/dwc/pcie-qcom-common.c      |  40 +-
 drivers/pci/controller/dwc/pcie-qcom-ep.c          |   6 +-
 drivers/pci/controller/dwc/pcie-tegra194.c         |   8 +-
 drivers/pci/controller/dwc/pcie-ultrarisc.c        | 175 ++++++
 drivers/pci/controller/dwc/pcie-visconti.c         |   1 -
 drivers/pci/controller/pci-host-common.c           |   4 +
 drivers/pci/controller/pci-mvebu.c                 |   3 +-
 drivers/pci/controller/pcie-mediatek-gen3.c        |  38 +-
 drivers/pci/endpoint/functions/pci-epf-test.c      |  86 ++-
 drivers/pci/endpoint/functions/pci-epf-vntb.c      |  61 ++-
 drivers/pci/endpoint/pci-ep-msi.c                  | 175 +++++-
 drivers/pci/endpoint/pci-epc-core.c                |  80 +++
 drivers/pci/ide.c                                  |   6 +-
 drivers/pci/iov.c                                  |  16 +-
 drivers/pci/msi/msi.c                              |  11 +-
 drivers/pci/p2pdma.c                               |   6 +-
 drivers/pci/pci-driver.c                           |  10 +-
 drivers/pci/pci-sysfs.c                            | 594 ++++++++++++---------
 drivers/pci/pci.c                                  |  16 +-
 drivers/pci/pci.h                                  |  40 +-
 drivers/pci/pcie/ptm.c                             |   3 +-
 drivers/pci/probe.c                                |   6 -
 drivers/pci/pwrctrl/core.c                         |  90 ++--
 drivers/pci/quirks.c                               |  55 +-
 drivers/pci/rebar.c                                |  12 +-
 drivers/pci/remove.c                               |   3 -
 drivers/pci/rom.c                                  | 149 +++++-
 drivers/pci/setup-bus.c                            |  50 +-
 drivers/pci/setup-cardbus.c                        |   5 +-
 drivers/pci/setup-res.c                            |  37 ++
 drivers/pci/switch/switchtec.c                     |  16 +
 drivers/pci/tph.c                                  |  10 +-
 include/linux/ioport.h                             |   2 +-
 include/linux/pci-epc.h                            |  54 ++
 include/linux/pci-epf.h                            |  31 +-
 include/linux/pci.h                                |  49 +-
 include/linux/switchtec.h                          |   1 +
 kernel/resource.c                                  |   2 +-
 69 files changed, 1974 insertions(+), 904 deletions(-)
 create mode 100644 Documentation/devicetree/bindings/pci/ultrarisc,dp1000-pcie.yaml
 create mode 100644 drivers/pci/controller/dwc/pcie-ultrarisc.c
Merging pstore/for-next/pstore (24b8f8dcb9a13 pstore/ftrace: Factor KASLR offset in the core kernel instruction addresses)
$ git merge -m Merge branch 'for-next/pstore' of https://git.kernel.org/pub/scm/linux/kernel/git/kees/linux.git pstore/for-next/pstore
Already up to date.
Merging hid/for-next (5d1aae9252b46 Merge branches 'for-7.1/upstream-fixes', 'for-7.2/core', 'for-7.2/multitouch', 'for-7.2/oxp', 'for-7.2/playstation', 'for-7.2/rakk' and 'for-7.2/sony' into for-next)
$ git merge -m Merge branch 'for-next' of https://git.kernel.org/pub/scm/linux/kernel/git/hid/hid.git hid/for-next
Auto-merging MAINTAINERS
Merge made by the 'ort' strategy.
 MAINTAINERS                   |    6 +
 drivers/hid/Kconfig           |   22 +
 drivers/hid/Makefile          |    2 +
 drivers/hid/hid-ids.h         |   11 +
 drivers/hid/hid-multitouch.c  |  146 +++-
 drivers/hid/hid-oxp.c         | 1580 +++++++++++++++++++++++++++++++++++++++++
 drivers/hid/hid-playstation.c |   31 +
 drivers/hid/hid-rakk.c        |   75 ++
 drivers/hid/hid-sony.c        |   17 +-
 drivers/hid/usbhid/hid-core.c |   17 +-
 drivers/hid/usbhid/usbkbd.c   |   15 +-
 drivers/hid/usbhid/usbmouse.c |   15 +-
 12 files changed, 1906 insertions(+), 31 deletions(-)
 create mode 100644 drivers/hid/hid-oxp.c
 create mode 100644 drivers/hid/hid-rakk.c
Merging i2c/i2c/for-next (24214ad405d18 Merge tag 'i2c-host-fixes-7.1-rc4' of git://git.kernel.org/pub/scm/linux/kernel/git/andi.shyti/linux into i2c/for-current)
$ git merge -m Merge branch 'i2c/for-next' of https://git.kernel.org/pub/scm/linux/kernel/git/wsa/linux.git i2c/i2c/for-next
Merge made by the 'ort' strategy.
Merging i2c-host/i2c/i2c-host (70dc84bd48dcc dt-bindings: i2c: convert davinci i2c to dt-schema)
$ git merge -m Merge branch 'i2c/i2c-host' of https://git.kernel.org/pub/scm/linux/kernel/git/andi.shyti/linux.git i2c-host/i2c/i2c-host
Auto-merging MAINTAINERS
Merge made by the 'ort' strategy.
 .../devicetree/bindings/i2c/i2c-davinci.txt        |  43 --
 .../devicetree/bindings/i2c/loongson,ls2x-i2c.yaml |   4 +
 .../devicetree/bindings/i2c/ti,davinci-i2c.yaml    |  70 +++
 MAINTAINERS                                        |   3 +-
 drivers/i2c/busses/Kconfig                         |  11 +
 drivers/i2c/busses/Makefile                        |   1 +
 drivers/i2c/busses/i2c-designware-common.c         |   4 +-
 drivers/i2c/busses/i2c-ls2x-v2.c                   | 544 +++++++++++++++++++++
 8 files changed, 634 insertions(+), 46 deletions(-)
 delete mode 100644 Documentation/devicetree/bindings/i2c/i2c-davinci.txt
 create mode 100644 Documentation/devicetree/bindings/i2c/ti,davinci-i2c.yaml
 create mode 100644 drivers/i2c/busses/i2c-ls2x-v2.c
Merging i2c-rust/rust-i2c-next (254f49634ee16 Linux 7.1-rc1)
$ git merge -m Merge branch 'rust-i2c-next' of https://github.com/ikrtn/rust-for-linux i2c-rust/rust-i2c-next
Already up to date.
Merging i3c/i3c/next (1d78a8fc97c13 i3c: dw-i3c-master: Fix IBI count register selection for versalnet)
$ git merge -m Merge branch 'i3c/next' of https://git.kernel.org/pub/scm/linux/kernel/git/i3c/linux.git i3c/i3c/next
Merge made by the 'ort' strategy.
 drivers/i3c/master.c                | 26 +++++++++++++-------------
 drivers/i3c/master/dw-i3c-master.c  | 21 ++++++++++++++++++++-
 drivers/i3c/master/dw-i3c-master.h  |  1 +
 drivers/i3c/master/svc-i3c-master.c | 25 +++++++++++++++++++++----
 4 files changed, 55 insertions(+), 18 deletions(-)
Merging dmi/dmi-for-next (1afafbaf749d8 firmware/dmi: Include product_family info to modalias)
$ git merge -m Merge branch 'dmi-for-next' of https://git.kernel.org/pub/scm/linux/kernel/git/jdelvare/staging.git dmi/dmi-for-next
Already up to date.
Merging hwmon-staging/hwmon-next (0b8d971e6639d docs: hwmon: (coretemp) fix outdated documentation)
$ git merge -m Merge branch 'hwmon-next' of https://git.kernel.org/pub/scm/linux/kernel/git/groeck/linux-staging.git hwmon-staging/hwmon-next
Auto-merging MAINTAINERS
Auto-merging drivers/hwmon/lm90.c
Merge made by the 'ort' strategy.
 Documentation/devicetree/bindings/hwmon/lm75.yaml  |   7 +
 .../bindings/hwmon/microchip,emc2305.yaml          |   8 +
 .../devicetree/bindings/hwmon/nsa320-mcu.txt       |  20 -
 .../bindings/hwmon/pmbus/adi,max20830.yaml         |  66 ++++
 .../bindings/hwmon/zyxel,nsa320-mcu.yaml           |  54 +++
 .../devicetree/bindings/trivial-devices.yaml       |   8 +
 .../devicetree/bindings/vendor-prefixes.yaml       |   2 +
 Documentation/hwmon/adt7411.rst                    |  37 +-
 Documentation/hwmon/arctic_fan_controller.rst      |  56 +++
 Documentation/hwmon/coretemp.rst                   |   8 +-
 Documentation/hwmon/d1u74t.rst                     |  81 +++++
 Documentation/hwmon/e50sn12051.rst                 |  81 +++++
 Documentation/hwmon/htu31.rst                      |   7 +
 Documentation/hwmon/hwmon-kernel-api.rst           |   7 +-
 Documentation/hwmon/index.rst                      |   6 +
 Documentation/hwmon/lm75.rst                       |  16 +
 Documentation/hwmon/lx1308.rst                     |  90 +++++
 Documentation/hwmon/max20830.rst                   |  49 +++
 Documentation/hwmon/max31730.rst                   |   2 +-
 Documentation/hwmon/mp2985.rst                     | 147 ++++++++
 Documentation/hwmon/nct7802.rst                    |  16 +
 MAINTAINERS                                        |  30 ++
 drivers/hwmon/Kconfig                              |  12 +
 drivers/hwmon/Makefile                             |   1 +
 drivers/hwmon/ad7414.c                             |   4 +-
 drivers/hwmon/ad7418.c                             |   6 +-
 drivers/hwmon/adc128d818.c                         |   2 +-
 drivers/hwmon/adm1025.c                            |   4 +-
 drivers/hwmon/adm1026.c                            |   2 +-
 drivers/hwmon/adm1029.c                            |   2 +-
 drivers/hwmon/adm1031.c                            |   4 +-
 drivers/hwmon/adm1177.c                            |   4 +-
 drivers/hwmon/adm9240.c                            |   6 +-
 drivers/hwmon/ads7828.c                            |   4 +-
 drivers/hwmon/ads7871.c                            | 108 +++---
 drivers/hwmon/adt7410.c                            |   8 +-
 drivers/hwmon/adt7411.c                            |  12 +-
 drivers/hwmon/adt7462.c                            |   2 +-
 drivers/hwmon/adt7470.c                            |   2 +-
 drivers/hwmon/adt7475.c                            |   8 +-
 drivers/hwmon/aht10.c                              |   8 +-
 drivers/hwmon/amc6821.c                            |   2 +-
 drivers/hwmon/applesmc.c                           |   2 +-
 drivers/hwmon/arctic_fan_controller.c              | 374 +++++++++++++++++++
 drivers/hwmon/asb100.c                             |   2 +-
 drivers/hwmon/asc7621.c                            |   6 +-
 drivers/hwmon/atxp1.c                              |   2 +-
 drivers/hwmon/chipcap2.c                           |  16 +-
 drivers/hwmon/coretemp.c                           |  42 +--
 drivers/hwmon/cros_ec_hwmon.c                      |   2 +-
 drivers/hwmon/dme1737.c                            |   4 +-
 drivers/hwmon/ds1621.c                             |  10 +-
 drivers/hwmon/ds620.c                              |   4 +-
 drivers/hwmon/emc1403.c                            |  24 +-
 drivers/hwmon/emc2103.c                            |   2 +-
 drivers/hwmon/emc2305.c                            |  62 +++-
 drivers/hwmon/emc6w201.c                           |   2 +-
 drivers/hwmon/f75375s.c                            |   6 +-
 drivers/hwmon/fschmd.c                             |  14 +-
 drivers/hwmon/ftsteutates.c                        |   2 +-
 drivers/hwmon/g760a.c                              |   2 +-
 drivers/hwmon/g762.c                               |   6 +-
 drivers/hwmon/gl518sm.c                            |   2 +-
 drivers/hwmon/gl520sm.c                            |   2 +-
 drivers/hwmon/hih6130.c                            |   2 +-
 drivers/hwmon/hs3001.c                             |   4 +-
 drivers/hwmon/htu31.c                              |   2 +-
 drivers/hwmon/ina209.c                             |   2 +-
 drivers/hwmon/ina238.c                             |  12 +-
 drivers/hwmon/ina2xx.c                             |  26 +-
 drivers/hwmon/ina3221.c                            |   2 +-
 drivers/hwmon/intel-m10-bmc-hwmon.c                |   2 +-
 drivers/hwmon/isl28022.c                           |   2 +-
 drivers/hwmon/jc42.c                               |   2 +-
 drivers/hwmon/lineage-pem.c                        |   4 +-
 drivers/hwmon/lm63.c                               |   6 +-
 drivers/hwmon/lm73.c                               |   2 +-
 drivers/hwmon/lm75.c                               |  85 +++--
 drivers/hwmon/lm77.c                               |   2 +-
 drivers/hwmon/lm78.c                               |   4 +-
 drivers/hwmon/lm80.c                               |   4 +-
 drivers/hwmon/lm83.c                               |   4 +-
 drivers/hwmon/lm85.c                               |  24 +-
 drivers/hwmon/lm87.c                               |   4 +-
 drivers/hwmon/lm90.c                               | 105 +++---
 drivers/hwmon/lm92.c                               |   6 +-
 drivers/hwmon/lm93.c                               |   4 +-
 drivers/hwmon/lm95234.c                            |   4 +-
 drivers/hwmon/lm95241.c                            |   4 +-
 drivers/hwmon/lm95245.c                            |   4 +-
 drivers/hwmon/ltc2945.c                            |   2 +-
 drivers/hwmon/ltc2947-i2c.c                        |   4 +-
 drivers/hwmon/ltc2990.c                            |   4 +-
 drivers/hwmon/ltc2991.c                            |   4 +-
 drivers/hwmon/ltc2992.c                            |   4 +-
 drivers/hwmon/ltc4151.c                            |   2 +-
 drivers/hwmon/ltc4215.c                            |   2 +-
 drivers/hwmon/ltc4222.c                            |   2 +-
 drivers/hwmon/ltc4245.c                            |   2 +-
 drivers/hwmon/ltc4260.c                            |   2 +-
 drivers/hwmon/ltc4261.c                            |   4 +-
 drivers/hwmon/max127.c                             |   2 +-
 drivers/hwmon/max16065.c                           |  12 +-
 drivers/hwmon/max1619.c                            |   2 +-
 drivers/hwmon/max1668.c                            |   6 +-
 drivers/hwmon/max31730.c                           |   2 +-
 drivers/hwmon/max31760.c                           |   2 +-
 drivers/hwmon/max31790.c                           |   2 +-
 drivers/hwmon/max31827.c                           |   6 +-
 drivers/hwmon/max6620.c                            |   2 +-
 drivers/hwmon/max6621.c                            |   2 +-
 drivers/hwmon/max6639.c                            |   2 +-
 drivers/hwmon/max6650.c                            |   4 +-
 drivers/hwmon/max6697.c                            |  20 +-
 drivers/hwmon/mc34vr500.c                          |   4 +-
 drivers/hwmon/mcp3021.c                            |   4 +-
 drivers/hwmon/mcp9982.c                            |  25 +-
 drivers/hwmon/nct6775-i2c.c                        |  26 +-
 drivers/hwmon/nct7802.c                            |  93 ++++-
 drivers/hwmon/nct7904.c                            |   4 +-
 drivers/hwmon/nsa320-hwmon.c                       |   2 +-
 drivers/hwmon/pcf8591.c                            |   2 +-
 drivers/hwmon/pmbus/Kconfig                        |  46 +++
 drivers/hwmon/pmbus/Makefile                       |   5 +
 drivers/hwmon/pmbus/acbel-fsg032.c                 |   4 +-
 drivers/hwmon/pmbus/adm1266.c                      |  47 ++-
 drivers/hwmon/pmbus/adm1275.c                      |  20 +-
 drivers/hwmon/pmbus/aps-379.c                      |   4 +-
 drivers/hwmon/pmbus/bel-pfe.c                      |   6 +-
 drivers/hwmon/pmbus/bpa-rs600.c                    |   6 +-
 drivers/hwmon/pmbus/crps.c                         |   4 +-
 drivers/hwmon/pmbus/d1u74t.c                       |  88 +++++
 drivers/hwmon/pmbus/delta-ahe50dc-fan.c            |   2 +-
 drivers/hwmon/pmbus/dps920ab.c                     |   4 +-
 drivers/hwmon/pmbus/e50sn12051.c                   |  52 +++
 drivers/hwmon/pmbus/fsp-3y.c                       |   4 +-
 drivers/hwmon/pmbus/hac300s.c                      |   4 +-
 drivers/hwmon/pmbus/ibm-cffps.c                    |   8 +-
 drivers/hwmon/pmbus/ina233.c                       |   4 +-
 drivers/hwmon/pmbus/inspur-ipsps.c                 |   4 +-
 drivers/hwmon/pmbus/ir35221.c                      |   4 +-
 drivers/hwmon/pmbus/ir36021.c                      |   4 +-
 drivers/hwmon/pmbus/ir38064.c                      |  10 +-
 drivers/hwmon/pmbus/irps5401.c                     |   4 +-
 drivers/hwmon/pmbus/isl68137.c                     |  92 ++---
 drivers/hwmon/pmbus/lm25066.c                      |  10 +-
 drivers/hwmon/pmbus/lt3074.c                       |   4 +-
 drivers/hwmon/pmbus/lt7182s.c                      |   4 +-
 drivers/hwmon/pmbus/ltc2978.c                      |  60 +--
 drivers/hwmon/pmbus/ltc3815.c                      |   2 +-
 drivers/hwmon/pmbus/lx1308.c                       | 204 +++++++++++
 drivers/hwmon/pmbus/max15301.c                     |   8 +-
 drivers/hwmon/pmbus/max16064.c                     |   4 +-
 drivers/hwmon/pmbus/max16601.c                     |  10 +-
 drivers/hwmon/pmbus/max17616.c                     |   2 +-
 drivers/hwmon/pmbus/max20730.c                     |  10 +-
 drivers/hwmon/pmbus/max20751.c                     |   4 +-
 drivers/hwmon/pmbus/max20830.c                     | 110 ++++++
 drivers/hwmon/pmbus/max31785.c                     |   8 +-
 drivers/hwmon/pmbus/max34440.c                     |  18 +-
 drivers/hwmon/pmbus/max8688.c                      |   2 +-
 drivers/hwmon/pmbus/mp2856.c                       |   6 +-
 drivers/hwmon/pmbus/mp2869.c                       |  22 +-
 drivers/hwmon/pmbus/mp2888.c                       |   4 +-
 drivers/hwmon/pmbus/mp2891.c                       |   2 +-
 drivers/hwmon/pmbus/mp2925.c                       |   6 +-
 drivers/hwmon/pmbus/mp29502.c                      |   4 +-
 drivers/hwmon/pmbus/mp2975.c                       |   8 +-
 drivers/hwmon/pmbus/mp2985.c                       | 402 +++++++++++++++++++++
 drivers/hwmon/pmbus/mp2993.c                       |   2 +-
 drivers/hwmon/pmbus/mp5920.c                       |   2 +-
 drivers/hwmon/pmbus/mp5926.c                       |   4 +-
 drivers/hwmon/pmbus/mp5990.c                       |   4 +-
 drivers/hwmon/pmbus/mp9941.c                       |   2 +-
 drivers/hwmon/pmbus/mp9945.c                       |   4 +-
 drivers/hwmon/pmbus/mpq7932.c                      |   6 +-
 drivers/hwmon/pmbus/mpq8785.c                      |  10 +-
 drivers/hwmon/pmbus/pim4328.c                      |  18 +-
 drivers/hwmon/pmbus/pli1209bc.c                    |   4 +-
 drivers/hwmon/pmbus/pm6764tr.c                     |   4 +-
 drivers/hwmon/pmbus/pmbus.c                        |  60 +--
 drivers/hwmon/pmbus/pxe1610.c                      |   8 +-
 drivers/hwmon/pmbus/q54sj108a2.c                   |   8 +-
 drivers/hwmon/pmbus/stef48h28.c                    |   4 +-
 drivers/hwmon/pmbus/stpddc60.c                     |   6 +-
 drivers/hwmon/pmbus/tda38640.c                     |   4 +-
 drivers/hwmon/pmbus/tps25990.c                     |   4 +-
 drivers/hwmon/pmbus/tps40422.c                     |   4 +-
 drivers/hwmon/pmbus/tps53679.c                     |  18 +-
 drivers/hwmon/pmbus/tps546d24.c                    |   4 +-
 drivers/hwmon/pmbus/ucd9000.c                      |  16 +-
 drivers/hwmon/pmbus/ucd9200.c                      |  18 +-
 drivers/hwmon/pmbus/xdp710.c                       |   2 +-
 drivers/hwmon/pmbus/xdp720.c                       |   4 +-
 drivers/hwmon/pmbus/xdpe12284.c                    |   8 +-
 drivers/hwmon/pmbus/xdpe152c4.c                    |   6 +-
 drivers/hwmon/pmbus/xdpe1a2g7b.c                   |   6 +-
 drivers/hwmon/pmbus/zl6100.c                       |  44 +--
 drivers/hwmon/powr1220.c                           |   4 +-
 drivers/hwmon/pt5161l.c                            |   4 +-
 drivers/hwmon/sbtsi_temp.c                         |   4 +-
 drivers/hwmon/sg2042-mcu.c                         |   2 +-
 drivers/hwmon/sht21.c                              |   6 +-
 drivers/hwmon/sht3x.c                              |   8 +-
 drivers/hwmon/sht4x.c                              |   4 +-
 drivers/hwmon/shtc1.c                              |   6 +-
 drivers/hwmon/smsc47m192.c                         |   2 +-
 drivers/hwmon/spd5118.c                            |   2 +-
 drivers/hwmon/stts751.c                            |   2 +-
 drivers/hwmon/tc654.c                              |   6 +-
 drivers/hwmon/tc74.c                               |   4 +-
 drivers/hwmon/thmc50.c                             |   4 +-
 drivers/hwmon/tmp102.c                             |   9 +-
 drivers/hwmon/tmp103.c                             |   2 +-
 drivers/hwmon/tmp108.c                             |   8 +-
 drivers/hwmon/tmp401.c                             |  10 +-
 drivers/hwmon/tmp421.c                             |  10 +-
 drivers/hwmon/tmp464.c                             |   4 +-
 drivers/hwmon/tmp513.c                             |   4 +-
 drivers/hwmon/tsc1641.c                            |   2 +-
 drivers/hwmon/w83773g.c                            |   2 +-
 drivers/hwmon/w83781d.c                            |   8 +-
 drivers/hwmon/w83791d.c                            |   2 +-
 drivers/hwmon/w83792d.c                            |   2 +-
 drivers/hwmon/w83793.c                             |   2 +-
 drivers/hwmon/w83795.c                             |   4 +-
 drivers/hwmon/w83l785ts.c                          |   2 +-
 drivers/hwmon/w83l786ng.c                          |   2 +-
 include/linux/hwmon.h                              |   3 +
 229 files changed, 3077 insertions(+), 846 deletions(-)
 delete mode 100644 Documentation/devicetree/bindings/hwmon/nsa320-mcu.txt
 create mode 100644 Documentation/devicetree/bindings/hwmon/pmbus/adi,max20830.yaml
 create mode 100644 Documentation/devicetree/bindings/hwmon/zyxel,nsa320-mcu.yaml
 create mode 100644 Documentation/hwmon/arctic_fan_controller.rst
 create mode 100644 Documentation/hwmon/d1u74t.rst
 create mode 100644 Documentation/hwmon/e50sn12051.rst
 create mode 100644 Documentation/hwmon/lx1308.rst
 create mode 100644 Documentation/hwmon/max20830.rst
 create mode 100644 Documentation/hwmon/mp2985.rst
 create mode 100644 drivers/hwmon/arctic_fan_controller.c
 create mode 100644 drivers/hwmon/pmbus/d1u74t.c
 create mode 100644 drivers/hwmon/pmbus/e50sn12051.c
 create mode 100644 drivers/hwmon/pmbus/lx1308.c
 create mode 100644 drivers/hwmon/pmbus/max20830.c
 create mode 100644 drivers/hwmon/pmbus/mp2985.c
Merging jc_docs/docs-next (4f07ec51d453a Merge branch 'docs-mw' into docs-next)
$ git merge -m Merge branch 'docs-next' of git://git.lwn.net/linux.git jc_docs/docs-next
Auto-merging Documentation/filesystems/proc.rst
Auto-merging MAINTAINERS
Merge made by the 'ort' strategy.
 .../RCU/Design/Requirements/Requirements.rst       |   6 +-
 Documentation/RCU/listRCU.rst                      |   2 +-
 Documentation/RCU/whatisRCU.rst                    |   4 +-
 Documentation/admin-guide/binfmt-misc.rst          |   8 +-
 Documentation/admin-guide/kernel-parameters.txt    |  18 +-
 Documentation/admin-guide/reporting-issues.rst     |   4 +-
 Documentation/admin-guide/workload-tracing.rst     |  41 +-
 Documentation/block/data-integrity.rst             |   2 +-
 Documentation/core-api/cpu_hotplug.rst             |   5 -
 Documentation/core-api/housekeeping.rst            |   2 +-
 Documentation/core-api/kref.rst                    |   4 +-
 Documentation/core-api/list.rst                    |   6 +-
 Documentation/driver-api/eisa.rst                  |   2 +
 Documentation/driver-api/mailbox.rst               |   4 +-
 Documentation/driver-api/media/v4l2-fh.rst         |   2 +-
 Documentation/filesystems/cramfs.rst               |  22 +-
 Documentation/filesystems/locking.rst              |   2 +-
 Documentation/filesystems/proc.rst                 |  18 +-
 Documentation/gpu/drm-uapi.rst                     |   2 +-
 Documentation/kernel-hacking/locking.rst           |   4 +-
 Documentation/locking/locktypes.rst                |   4 +-
 .../maintainer/maintainer-entry-profile.rst        |  24 +-
 Documentation/process/coding-style.rst             |   8 +-
 Documentation/process/deprecated.rst               |  13 +-
 Documentation/process/maintainer-handbooks.rst     |  17 +-
 Documentation/process/maintainers.rst              |   2 +
 Documentation/scheduler/sched-deadline.rst         |   2 +-
 Documentation/security/credentials.rst             |   6 +-
 .../sound/kernel-api/writing-an-alsa-driver.rst    |  12 +-
 Documentation/sphinx-static/custom.css             |   2 +-
 Documentation/sphinx/maintainers_include.py        | 521 +++++++++++++++------
 Documentation/spi/spi-summary.rst                  |   4 +-
 Documentation/staging/crc32.rst                    |   2 +-
 Documentation/staging/lzo.rst                      |   2 +-
 Documentation/staging/remoteproc.rst               |   2 +-
 Documentation/staging/static-keys.rst              |   2 +-
 Documentation/trace/histogram-design.rst           |   2 +-
 Documentation/trace/rv/monitor_sched.rst           |   7 +-
 .../translations/it_IT/kernel-hacking/locking.rst  |   4 +-
 .../translations/it_IT/locking/locktypes.rst       |   4 +-
 .../translations/it_IT/process/coding-style.rst    |   2 +-
 .../ja_JP/process/submitting-patches.rst           | 127 ++++-
 Documentation/translations/pt_BR/index.rst         |   1 +
 .../translations/pt_BR/process/license-rules.rst   | 483 +++++++++++++++++++
 .../pt_BR/process/maintainer-handbooks.rst         |   1 +
 .../translations/sp_SP/process/coding-style.rst    |   2 +-
 Documentation/translations/zh_CN/core-api/kref.rst |   4 +-
 .../translations/zh_CN/process/coding-style.rst    |   2 +-
 .../zh_CN/video4linux/v4l2-framework.txt           |   2 +-
 .../translations/zh_TW/process/coding-style.rst    |   2 +-
 Documentation/watchdog/mlx-wdt.rst                 |   4 +-
 Documentation/watchdog/pcwd-watchdog.rst           |  19 +-
 Documentation/watchdog/watchdog-api.rst            |  38 +-
 Documentation/watchdog/watchdog-kernel-api.rst     |  20 +-
 Documentation/watchdog/watchdog-parameters.rst     |  11 +-
 MAINTAINERS                                        |   8 +-
 fs/cramfs/README                                   |  92 +---
 tools/lib/python/kdoc/kdoc_parser.py               |  54 ++-
 tools/lib/python/kdoc/xforms_lists.py              |  22 +-
 tools/unittests/test_cmatch.py                     |   1 +
 60 files changed, 1247 insertions(+), 446 deletions(-)
 create mode 100644 Documentation/translations/pt_BR/process/license-rules.rst
Merging v4l-dvb/next (dd9a02fc75cef media: i2c: lm3560: Add proper support for LM3559)
$ git merge -m Merge branch 'next' of git://linuxtv.org/media-ci/media-pending.git v4l-dvb/next
Auto-merging MAINTAINERS
Auto-merging drivers/media/platform/qcom/camss/camss-csid-gen3.c
Auto-merging drivers/media/platform/qcom/camss/camss-csiphy.c
Auto-merging drivers/media/platform/qcom/camss/camss.c
Auto-merging drivers/media/platform/qcom/iris/Kconfig
Auto-merging drivers/media/platform/qcom/iris/iris_buffer.c
Auto-merging drivers/media/platform/qcom/iris/iris_core.c
Auto-merging drivers/media/platform/qcom/iris/iris_hfi_common.c
Auto-merging drivers/media/platform/qcom/iris/iris_vdec.c
Auto-merging drivers/media/platform/qcom/iris/iris_venc.c
Auto-merging drivers/media/platform/qcom/iris/iris_vidc.c
Auto-merging drivers/media/platform/qcom/iris/iris_vpu_common.c
Auto-merging drivers/media/platform/qcom/iris/iris_vpu_common.h
Merge made by the 'ort' strategy.
 Documentation/admin-guide/media/amdisp4-1.rst      |   63 +
 Documentation/admin-guide/media/amdisp4.dot        |    6 +
 Documentation/admin-guide/media/v4l-drivers.rst    |    1 +
 .../media/allwinner,sun4i-a10-video-engine.yaml    |   10 +
 .../bindings/media/qcom,sc7180-venus.yaml          |   15 +
 .../bindings/media/qcom,sc7280-venus.yaml          |   10 +-
 .../bindings/media/qcom,sm6350-camss.yaml          |  471 +++++++
 .../bindings/media/qcom,sm8250-venus.yaml          |   11 +-
 .../bindings/media/qcom,venus-common.yaml          |   15 -
 .../devicetree/bindings/media/renesas,fcp.yaml     |    4 +
 .../devicetree/bindings/media/renesas,vsp1.yaml    |    2 +
 .../bindings/media/rockchip,rk3568-mipi-csi2.yaml  |   11 +-
 Documentation/driver-api/media/camera-sensor.rst   |    2 +-
 Documentation/driver-api/media/tx-rx.rst           |    3 +-
 .../userspace-api/media/drivers/uvcvideo.rst       |    2 +
 .../media/v4l/ext-ctrls-codec-stateless.rst        |    2 +-
 .../userspace-api/media/v4l/ext-ctrls-codec.rst    |    6 +
 .../media/v4l/ext-ctrls-image-process.rst          |    5 +-
 MAINTAINERS                                        |   44 +-
 drivers/media/cec/platform/cros-ec/cros-ec-cec.c   |    6 +
 drivers/media/cec/platform/seco/seco-cec.c         |    6 +-
 drivers/media/common/videobuf2/videobuf2-core.c    |   12 +-
 drivers/media/dvb-frontends/rtl2832.c              |    4 +-
 drivers/media/dvb-frontends/rtl2832_sdr.c          |   19 +-
 drivers/media/i2c/Kconfig                          |   12 +-
 drivers/media/i2c/adv7604.c                        |    6 +
 drivers/media/i2c/dw9719.c                         |   10 +
 drivers/media/i2c/imx219.c                         |   45 +-
 drivers/media/i2c/imx274.c                         |   38 -
 drivers/media/i2c/imx334.c                         |   93 --
 drivers/media/i2c/imx335.c                         |   87 --
 drivers/media/i2c/imx412.c                         |   82 --
 drivers/media/i2c/lm3560.c                         |  383 ++++-
 drivers/media/i2c/mt9p031.c                        |    3 +-
 drivers/media/i2c/ov9282.c                         |   67 -
 drivers/media/i2c/tvp514x.c                        |   55 +-
 drivers/media/i2c/video-i2c.c                      |    7 +-
 drivers/media/pci/Kconfig                          |    1 +
 drivers/media/pci/Makefile                         |    1 +
 drivers/media/pci/cx23885/cx23885-core.c           |   14 +-
 drivers/media/pci/dm1105/dm1105.c                  |    8 +-
 drivers/media/pci/hws/Kconfig                      |   11 +
 drivers/media/pci/hws/Makefile                     |    4 +
 drivers/media/pci/hws/hws.h                        |  173 +++
 drivers/media/pci/hws/hws_irq.c                    |  269 ++++
 drivers/media/pci/hws/hws_irq.h                    |   10 +
 drivers/media/pci/hws/hws_pci.c                    |  865 ++++++++++++
 drivers/media/pci/hws/hws_reg.h                    |  136 ++
 drivers/media/pci/hws/hws_v4l2_ioctl.c             |  919 ++++++++++++
 drivers/media/pci/hws/hws_v4l2_ioctl.h             |   36 +
 drivers/media/pci/hws/hws_video.c                  | 1490 ++++++++++++++++++++
 drivers/media/pci/hws/hws_video.h                  |   29 +
 drivers/media/pci/intel/ipu6/ipu6-isys-dwc-phy.c   |   24 +-
 drivers/media/pci/mgb4/mgb4_vin.c                  |    8 +-
 drivers/media/pci/mgb4/mgb4_vout.c                 |    8 +-
 drivers/media/pci/saa7134/saa7134-video.c          |   25 +-
 drivers/media/pci/solo6x10/Kconfig                 |    1 -
 drivers/media/platform/Kconfig                     |    1 +
 drivers/media/platform/Makefile                    |    1 +
 drivers/media/platform/amd/Kconfig                 |    3 +
 drivers/media/platform/amd/Makefile                |    3 +
 drivers/media/platform/amd/isp4/Kconfig            |   15 +
 drivers/media/platform/amd/isp4/Makefile           |   10 +
 drivers/media/platform/amd/isp4/isp4.c             |  240 ++++
 drivers/media/platform/amd/isp4/isp4.h             |   20 +
 drivers/media/platform/amd/isp4/isp4_debug.c       |  271 ++++
 drivers/media/platform/amd/isp4/isp4_debug.h       |   41 +
 drivers/media/platform/amd/isp4/isp4_fw_cmd_resp.h |  318 +++++
 drivers/media/platform/amd/isp4/isp4_hw_reg.h      |  124 ++
 drivers/media/platform/amd/isp4/isp4_interface.c   |  838 +++++++++++
 drivers/media/platform/amd/isp4/isp4_interface.h   |  144 ++
 drivers/media/platform/amd/isp4/isp4_subdev.c      | 1047 ++++++++++++++
 drivers/media/platform/amd/isp4/isp4_subdev.h      |  127 ++
 drivers/media/platform/amd/isp4/isp4_video.c       |  797 +++++++++++
 drivers/media/platform/amd/isp4/isp4_video.h       |   57 +
 .../media/platform/amlogic/c3/isp/c3-isp-params.c  |    4 +
 drivers/media/platform/aspeed/aspeed-video.c       |    1 +
 .../platform/chips-media/wave5/wave5-helper.c      |    4 +-
 .../platform/chips-media/wave5/wave5-helper.h      |    2 +-
 .../media/platform/chips-media/wave5/wave5-hw.c    |    7 +-
 .../platform/chips-media/wave5/wave5-vpu-dec.c     |   47 +-
 .../platform/chips-media/wave5/wave5-vpu-enc.c     |   73 +-
 .../platform/chips-media/wave5/wave5-vpuapi.c      |   11 +-
 .../platform/chips-media/wave5/wave5-vpuapi.h      |    2 +
 drivers/media/platform/marvell/cafe-driver.c       |    1 +
 .../media/platform/mediatek/jpeg/mtk_jpeg_core.c   |    3 +-
 drivers/media/platform/nuvoton/npcm-video.c        |   34 +-
 drivers/media/platform/nvidia/tegra-vde/Kconfig    |    1 +
 drivers/media/platform/qcom/camss/Makefile         |   12 +-
 drivers/media/platform/qcom/camss/camss-csid-340.c |   18 +-
 drivers/media/platform/qcom/camss/camss-csid-680.c |   44 +-
 .../media/platform/qcom/camss/camss-csid-gen2.c    |   47 +-
 .../media/platform/qcom/camss/camss-csid-gen3.c    |   42 +-
 drivers/media/platform/qcom/camss/camss-csid.c     |   45 +-
 drivers/media/platform/qcom/camss/camss-csid.h     |    1 +
 .../platform/qcom/camss/camss-csiphy-3ph-1-0.c     |  125 ++
 drivers/media/platform/qcom/camss/camss-csiphy.c   |    1 +
 drivers/media/platform/qcom/camss/camss-csiphy.h   |    2 +
 drivers/media/platform/qcom/camss/camss-format.c   |   14 +
 drivers/media/platform/qcom/camss/camss-format.h   |    1 +
 drivers/media/platform/qcom/camss/camss-tpg-gen1.c |  231 +++
 drivers/media/platform/qcom/camss/camss-tpg.c      |  519 +++++++
 drivers/media/platform/qcom/camss/camss-tpg.h      |  118 ++
 drivers/media/platform/qcom/camss/camss-vfe.c      |   31 +-
 drivers/media/platform/qcom/camss/camss-video.c    |   19 +-
 drivers/media/platform/qcom/camss/camss.c          |  433 +++++-
 drivers/media/platform/qcom/camss/camss.h          |    6 +
 drivers/media/platform/qcom/iris/Kconfig           |    1 +
 drivers/media/platform/qcom/iris/Makefile          |    9 +-
 drivers/media/platform/qcom/iris/iris_buffer.c     |   88 +-
 drivers/media/platform/qcom/iris/iris_common.c     |    8 +-
 drivers/media/platform/qcom/iris/iris_core.c       |    3 +-
 drivers/media/platform/qcom/iris/iris_core.h       |   14 +-
 drivers/media/platform/qcom/iris/iris_ctrls.c      |   54 +-
 drivers/media/platform/qcom/iris/iris_firmware.c   |   13 +-
 drivers/media/platform/qcom/iris/iris_hfi_common.c |    6 +-
 drivers/media/platform/qcom/iris/iris_hfi_common.h |   13 +-
 .../iris/{iris_platform_gen1.c => iris_hfi_gen1.c} |  170 +--
 drivers/media/platform/qcom/iris/iris_hfi_gen1.h   |    6 +-
 .../platform/qcom/iris/iris_hfi_gen1_command.c     |   43 +-
 .../platform/qcom/iris/iris_hfi_gen1_response.c    |   11 +-
 .../iris/{iris_platform_gen2.c => iris_hfi_gen2.c} |  435 +-----
 drivers/media/platform/qcom/iris/iris_hfi_gen2.h   |    5 +-
 .../platform/qcom/iris/iris_hfi_gen2_command.c     |  115 +-
 .../platform/qcom/iris/iris_hfi_gen2_packet.c      |   18 +-
 .../platform/qcom/iris/iris_hfi_gen2_response.c    |   11 +-
 drivers/media/platform/qcom/iris/iris_instance.h   |    4 +
 .../platform/qcom/iris/iris_platform_common.h      |  118 +-
 .../platform/qcom/iris/iris_platform_sm8250.h      |   29 +
 .../platform/qcom/iris/iris_platform_sm8550.h      |   31 +
 .../media/platform/qcom/iris/iris_platform_vpu2.c  |  132 ++
 .../media/platform/qcom/iris/iris_platform_vpu3x.c |  219 +++
 drivers/media/platform/qcom/iris/iris_probe.c      |   19 +-
 drivers/media/platform/qcom/iris/iris_utils.c      |    5 +-
 drivers/media/platform/qcom/iris/iris_vb2.c        |    2 +-
 drivers/media/platform/qcom/iris/iris_vdec.c       |    6 +-
 drivers/media/platform/qcom/iris/iris_venc.c       |    4 +-
 drivers/media/platform/qcom/iris/iris_vidc.c       |   14 +-
 drivers/media/platform/qcom/iris/iris_vpu_common.c |   11 +-
 drivers/media/platform/qcom/iris/iris_vpu_common.h |    2 +
 drivers/media/platform/qcom/venus/core.c           |   13 +-
 drivers/media/platform/qcom/venus/core.h           |   12 +
 drivers/media/platform/qcom/venus/pm_helpers.c     |    8 +-
 .../platform/rockchip/rkvdec/rkvdec-bitwriter.h    |   39 +
 .../platform/rockchip/rkvdec/rkvdec-h264-common.c  |   51 +-
 .../platform/rockchip/rkvdec/rkvdec-h264-common.h  |   40 +-
 .../media/platform/rockchip/rkvdec/rkvdec-h264.c   |  109 +-
 .../platform/rockchip/rkvdec/rkvdec-hevc-common.c  |   93 +-
 .../platform/rockchip/rkvdec/rkvdec-hevc-common.h  |   57 +-
 .../media/platform/rockchip/rkvdec/rkvdec-hevc.c   |  171 +--
 .../platform/rockchip/rkvdec/rkvdec-vdpu383-h264.c |  337 ++---
 .../platform/rockchip/rkvdec/rkvdec-vdpu383-hevc.c |  502 +++----
 drivers/media/platform/st/stm32/stm32-dcmi.c       |    1 +
 .../st/stm32/stm32-dcmipp/dcmipp-bytecap.c         |    6 +-
 drivers/media/platform/sunxi/sun4i-csi/sun4i_dma.c |    6 +-
 .../media/platform/synopsys/hdmirx/snps_hdmirx.c   |    4 +-
 drivers/media/platform/ti/davinci/vpif_capture.c   |    2 +-
 drivers/media/platform/ti/vpe/vip.c                |   16 +-
 drivers/media/platform/ti/vpe/vpe.c                |    3 +-
 drivers/media/platform/verisilicon/hantro_hw.h     |    1 -
 drivers/media/platform/verisilicon/hantro_v4l2.c   |    6 +-
 drivers/media/radio/si470x/radio-si470x-usb.c      |   11 +-
 drivers/media/rc/imon_raw.c                        |   18 +-
 drivers/media/rc/ir_toy.c                          |   23 +-
 drivers/media/rc/mceusb.c                          |    2 +
 drivers/media/test-drivers/vidtv/vidtv_bridge.c    |    4 +-
 drivers/media/test-drivers/vidtv/vidtv_mux.c       |    8 +-
 drivers/media/test-drivers/vimc/vimc-core.c        |    1 +
 drivers/media/test-drivers/visl/visl-core.c        |    4 +
 drivers/media/test-drivers/vivid/vivid-core.c      |    6 +-
 drivers/media/usb/airspy/airspy.c                  |    8 +-
 drivers/media/usb/cx231xx/cx231xx-cards.c          |   16 +-
 drivers/media/usb/em28xx/em28xx-video.c            |    4 +-
 drivers/media/usb/gspca/gspca.c                    |   17 +-
 drivers/media/usb/gspca/sonixb.c                   |    2 +-
 drivers/media/usb/gspca/touptek.c                  |   17 +-
 drivers/media/usb/hdpvr/hdpvr-core.c               |   26 +-
 drivers/media/usb/msi2500/msi2500.c                |   32 +-
 drivers/media/usb/pwc/pwc-if.c                     |    8 +-
 drivers/media/usb/s2255/s2255drv.c                 |   12 +-
 drivers/media/usb/uvc/uvc_ctrl.c                   |  212 +++
 drivers/media/usb/uvc/uvc_driver.c                 |    4 +
 drivers/media/usb/uvc/uvc_v4l2.c                   |   11 +
 drivers/media/usb/uvc/uvc_video.c                  |  109 +-
 drivers/media/usb/uvc/uvcvideo.h                   |    2 +
 drivers/media/v4l2-core/v4l2-common.c              |   14 +-
 drivers/media/v4l2-core/v4l2-ctrls-core.c          |   13 +
 drivers/media/v4l2-core/v4l2-ctrls-defs.c          |    2 +
 drivers/media/v4l2-core/v4l2-ctrls-request.c       |   14 +-
 drivers/media/v4l2-core/v4l2-dev.c                 |    5 +
 drivers/media/v4l2-core/v4l2-subdev.c              |   43 +-
 .../x86/intel/int3472/tps68470_board_data.c        |   55 +-
 drivers/staging/media/av7110/av7110.c              |   49 +-
 drivers/staging/media/av7110/av7110.h              |    4 +-
 drivers/staging/media/av7110/av7110_av.c           |   89 +-
 drivers/staging/media/av7110/av7110_ca.c           |    3 +-
 drivers/staging/media/av7110/av7110_hw.c           |   46 -
 drivers/staging/media/av7110/av7110_hw.h           |   71 +-
 drivers/staging/media/av7110/av7110_ir.c           |    4 +-
 drivers/staging/media/av7110/av7110_v4l.c          |   22 +-
 drivers/staging/media/ipu3/ipu3-css-params.c       |    8 +-
 drivers/staging/media/ipu7/abi/ipu7_fw_boot_abi.h  |   78 +-
 .../staging/media/ipu7/abi/ipu7_fw_common_abi.h    |    4 +-
 drivers/staging/media/ipu7/abi/ipu7_fw_msg_abi.h   |   12 +-
 drivers/staging/media/ipu7/ipu7-buttress-regs.h    |   10 +-
 drivers/staging/media/ipu7/ipu7.c                  |   22 +-
 drivers/staging/media/sunxi/cedrus/cedrus.c        |    5 +-
 drivers/staging/media/sunxi/cedrus/cedrus_h264.c   |    3 +
 drivers/staging/media/tegra-video/tegra210.c       |    3 +-
 drivers/staging/media/tegra-video/vi.c             |    4 +-
 include/linux/usb/uvc.h                            |   10 +
 include/media/i2c/lm3560.h                         |   84 --
 include/media/videobuf2-core.h                     |    8 +-
 include/uapi/linux/v4l2-controls.h                 |    2 +
 214 files changed, 12932 insertions(+), 3014 deletions(-)
 create mode 100644 Documentation/admin-guide/media/amdisp4-1.rst
 create mode 100644 Documentation/admin-guide/media/amdisp4.dot
 create mode 100644 Documentation/devicetree/bindings/media/qcom,sm6350-camss.yaml
 create mode 100644 drivers/media/pci/hws/Kconfig
 create mode 100644 drivers/media/pci/hws/Makefile
 create mode 100644 drivers/media/pci/hws/hws.h
 create mode 100644 drivers/media/pci/hws/hws_irq.c
 create mode 100644 drivers/media/pci/hws/hws_irq.h
 create mode 100644 drivers/media/pci/hws/hws_pci.c
 create mode 100644 drivers/media/pci/hws/hws_reg.h
 create mode 100644 drivers/media/pci/hws/hws_v4l2_ioctl.c
 create mode 100644 drivers/media/pci/hws/hws_v4l2_ioctl.h
 create mode 100644 drivers/media/pci/hws/hws_video.c
 create mode 100644 drivers/media/pci/hws/hws_video.h
 create mode 100644 drivers/media/platform/amd/Kconfig
 create mode 100644 drivers/media/platform/amd/Makefile
 create mode 100644 drivers/media/platform/amd/isp4/Kconfig
 create mode 100644 drivers/media/platform/amd/isp4/Makefile
 create mode 100644 drivers/media/platform/amd/isp4/isp4.c
 create mode 100644 drivers/media/platform/amd/isp4/isp4.h
 create mode 100644 drivers/media/platform/amd/isp4/isp4_debug.c
 create mode 100644 drivers/media/platform/amd/isp4/isp4_debug.h
 create mode 100644 drivers/media/platform/amd/isp4/isp4_fw_cmd_resp.h
 create mode 100644 drivers/media/platform/amd/isp4/isp4_hw_reg.h
 create mode 100644 drivers/media/platform/amd/isp4/isp4_interface.c
 create mode 100644 drivers/media/platform/amd/isp4/isp4_interface.h
 create mode 100644 drivers/media/platform/amd/isp4/isp4_subdev.c
 create mode 100644 drivers/media/platform/amd/isp4/isp4_subdev.h
 create mode 100644 drivers/media/platform/amd/isp4/isp4_video.c
 create mode 100644 drivers/media/platform/amd/isp4/isp4_video.h
 create mode 100644 drivers/media/platform/qcom/camss/camss-tpg-gen1.c
 create mode 100644 drivers/media/platform/qcom/camss/camss-tpg.c
 create mode 100644 drivers/media/platform/qcom/camss/camss-tpg.h
 rename drivers/media/platform/qcom/iris/{iris_platform_gen1.c => iris_hfi_gen1.c} (60%)
 rename drivers/media/platform/qcom/iris/{iris_platform_gen2.c => iris_hfi_gen2.c} (60%)
 create mode 100644 drivers/media/platform/qcom/iris/iris_platform_sm8250.h
 create mode 100644 drivers/media/platform/qcom/iris/iris_platform_sm8550.h
 create mode 100644 drivers/media/platform/qcom/iris/iris_platform_vpu2.c
 create mode 100644 drivers/media/platform/qcom/iris/iris_platform_vpu3x.c
 create mode 100644 drivers/media/platform/rockchip/rkvdec/rkvdec-bitwriter.h
 delete mode 100644 include/media/i2c/lm3560.h
Merging v4l-dvb-next/master (adc218676eef2 Linux 6.12)
$ git merge -m Merge branch 'master' of git://linuxtv.org/mchehab/media-next.git v4l-dvb-next/master
Already up to date.
Merging pm/linux-next (b5dfc9c927102 Merge branch 'thermal-core' into linux-next)
$ git merge -m Merge branch 'linux-next' of https://git.kernel.org/pub/scm/linux/kernel/git/rafael/linux-pm.git pm/linux-next
Auto-merging include/linux/hwmon.h
Merge made by the 'ort' strategy.
 Documentation/admin-guide/pm/intel_pstate.rst |  11 +-
 drivers/acpi/pmic/intel_pmic.c                |  37 ++-
 drivers/cpufreq/intel_pstate.c                |   3 +-
 drivers/hwmon/hwmon.c                         |   6 +-
 drivers/thermal/thermal_core.c                | 342 ++++++++++++--------------
 drivers/thermal/thermal_core.h                |   2 -
 drivers/thermal/thermal_hwmon.c               | 228 ++++++-----------
 include/linux/hwmon.h                         |   3 +-
 tools/power/pm-graph/sleepgraph.py            |   2 +-
 9 files changed, 256 insertions(+), 378 deletions(-)
Merging cpufreq-arm/cpufreq/arm/linux-next (bcb8889c4981f cpufreq: qcom-cpufreq-hw: Fix possible double free)
$ git merge -m Merge branch 'cpufreq/arm/linux-next' of https://git.kernel.org/pub/scm/linux/kernel/git/vireshk/pm.git cpufreq-arm/cpufreq/arm/linux-next
Merge made by the 'ort' strategy.
 drivers/cpufreq/Kconfig.arm         |  2 +-
 drivers/cpufreq/amd-pstate.c        | 26 ++++++++++----------------
 drivers/cpufreq/apple-soc-cpufreq.c |  6 ++----
 drivers/cpufreq/qcom-cpufreq-hw.c   |  1 -
 4 files changed, 13 insertions(+), 22 deletions(-)
Merging cpupower/cpupower (254f49634ee16 Linux 7.1-rc1)
$ git merge -m Merge branch 'cpupower' of https://git.kernel.org/pub/scm/linux/kernel/git/shuah/linux.git cpupower/cpupower
Already up to date.
Merging devfreq/devfreq-next (c096be11c2a9d PM / devfreq: Fix governor_store() failing when device has no current governor)
$ git merge -m Merge branch 'devfreq-next' of https://git.kernel.org/pub/scm/linux/kernel/git/chanwoo/linux.git devfreq/devfreq-next
Merge made by the 'ort' strategy.
 drivers/devfreq/devfreq-event.c      | 23 +++++++++--------
 drivers/devfreq/devfreq.c            | 50 +++++++-----------------------------
 drivers/devfreq/event/rockchip-dfi.c |  4 ++-
 3 files changed, 25 insertions(+), 52 deletions(-)
Merging pmdomain/next (fba9c703c1845 pmdomain: arm_scmi: add support for domain hierarchies)
$ git merge -m Merge branch 'next' of https://git.kernel.org/pub/scm/linux/kernel/git/ulfh/linux-pm.git pmdomain/next
Merge made by the 'ort' strategy.
 .../devicetree/bindings/power/power-domain.yaml    |  34 +++++
 drivers/pmdomain/arm/scmi_pm_domain.c              |  15 +-
 drivers/pmdomain/core.c                            | 167 +++++++++++++++++++++
 include/linux/pm_domain.h                          |  16 ++
 4 files changed, 231 insertions(+), 1 deletion(-)
Merging opp/opp/linux-next (f5e1cc9a284bf OPP: Fix race between OPP addition and lookup)
$ git merge -m Merge branch 'opp/linux-next' of https://git.kernel.org/pub/scm/linux/kernel/git/vireshk/pm.git opp/opp/linux-next
Merge made by the 'ort' strategy.
 drivers/opp/core.c | 5 ++---
 1 file changed, 2 insertions(+), 3 deletions(-)
Merging thermal/thermal/linux-next (bf746e2a41efd thermal: renesas: rzg3e: Remove stale @trim_offset kernel-doc entry)
$ git merge -m Merge branch 'thermal/linux-next' of https://git.kernel.org/pub/scm/linux/kernel/git/thermal/linux.git thermal/thermal/linux-next
Already up to date.
Merging rdma/for-next (f5cb0630444b7 RDMA: Replace memset with = {} pattern for ib_respond_udata())
$ git merge -m Merge branch 'for-next' of https://git.kernel.org/pub/scm/linux/kernel/git/rdma/rdma.git rdma/for-next
Auto-merging drivers/infiniband/core/addr.c
Auto-merging drivers/infiniband/hw/bnxt_re/ib_verbs.c
Auto-merging drivers/infiniband/hw/hns/hns_roce_qp.c
Auto-merging drivers/infiniband/hw/hns/hns_roce_srq.c
Auto-merging drivers/infiniband/hw/mana/cq.c
Auto-merging drivers/infiniband/hw/mana/qp.c
CONFLICT (content): Merge conflict in drivers/infiniband/hw/mana/qp.c
Auto-merging drivers/infiniband/hw/mlx4/srq.c
CONFLICT (content): Merge conflict in drivers/infiniband/hw/mlx4/srq.c
Auto-merging drivers/infiniband/hw/mlx5/main.c
Auto-merging drivers/infiniband/hw/mlx5/qp.c
Auto-merging drivers/infiniband/hw/mlx5/umr.c
Auto-merging drivers/infiniband/hw/ocrdma/ocrdma_verbs.c
Auto-merging drivers/infiniband/hw/vmw_pvrdma/pvrdma_verbs.c
Auto-merging drivers/infiniband/sw/rxe/rxe_recv.c
Resolved 'drivers/infiniband/hw/mana/qp.c' using previous resolution.
Resolved 'drivers/infiniband/hw/mlx4/srq.c' using previous resolution.
Automatic merge failed; fix conflicts and then commit the result.
$ git commit --no-edit -v -a
[master e43d81c0cafb0] Merge branch 'for-next' of https://git.kernel.org/pub/scm/linux/kernel/git/rdma/rdma.git
$ git diff -M --stat --summary HEAD^..
 drivers/infiniband/core/addr.c                     |   2 +-
 drivers/infiniband/hw/bng_re/bng_fw.c              |   5 +-
 drivers/infiniband/hw/bnxt_re/ib_verbs.c           |   2 +-
 drivers/infiniband/hw/cxgb4/cq.c                   |  11 +-
 drivers/infiniband/hw/cxgb4/provider.c             |  14 +-
 drivers/infiniband/hw/cxgb4/qp.c                   |  10 +-
 drivers/infiniband/hw/efa/Kconfig                  |   3 +-
 drivers/infiniband/hw/efa/efa_admin_cmds_defs.h    |   3 -
 drivers/infiniband/hw/efa/efa_admin_defs.h         |  15 +-
 drivers/infiniband/hw/efa/efa_com.c                |  50 +++-
 drivers/infiniband/hw/efa/efa_com.h                |   4 +-
 drivers/infiniband/hw/efa/efa_verbs.c              |  87 ++-----
 drivers/infiniband/hw/erdma/erdma_verbs.c          |  13 +-
 drivers/infiniband/hw/hns/hns_roce_ah.c            |   4 +-
 drivers/infiniband/hw/hns/hns_roce_cq.c            |   3 +-
 drivers/infiniband/hw/hns/hns_roce_debugfs.c       | 287 ++++++++++++++++++++-
 drivers/infiniband/hw/hns/hns_roce_debugfs.h       |  26 ++
 drivers/infiniband/hw/hns/hns_roce_device.h        |  21 ++
 drivers/infiniband/hw/hns/hns_roce_hem.c           |   8 +-
 drivers/infiniband/hw/hns/hns_roce_hw_v2.c         |  86 +++++-
 drivers/infiniband/hw/hns/hns_roce_hw_v2.h         | 125 +++++++++
 drivers/infiniband/hw/hns/hns_roce_main.c          |   3 +-
 drivers/infiniband/hw/hns/hns_roce_pd.c            |   8 +-
 drivers/infiniband/hw/hns/hns_roce_qp.c            |  13 +-
 drivers/infiniband/hw/hns/hns_roce_srq.c           |   6 +-
 drivers/infiniband/hw/ionic/ionic_controlpath.c    |   8 +-
 drivers/infiniband/hw/irdma/verbs.c                |  48 ++--
 drivers/infiniband/hw/mana/cq.c                    |   6 +-
 drivers/infiniband/hw/mana/qp.c                    |  22 +-
 drivers/infiniband/hw/mlx4/alias_GUID.c            |   2 +-
 drivers/infiniband/hw/mlx4/cq.c                    |   7 +-
 drivers/infiniband/hw/mlx4/main.c                  |  31 ++-
 drivers/infiniband/hw/mlx4/qp.c                    |   9 +-
 drivers/infiniband/hw/mlx4/srq.c                   |  12 +-
 drivers/infiniband/hw/mlx5/ah.c                    |   2 +-
 drivers/infiniband/hw/mlx5/cq.c                    |  10 +-
 drivers/infiniband/hw/mlx5/devx.c                  |  66 +++--
 drivers/infiniband/hw/mlx5/main.c                  |  31 ++-
 drivers/infiniband/hw/mlx5/mr.c                    |   2 +-
 drivers/infiniband/hw/mlx5/qp.c                    |  25 +-
 drivers/infiniband/hw/mlx5/srq.c                   |   7 +-
 drivers/infiniband/hw/mlx5/umr.c                   |   2 +-
 drivers/infiniband/hw/mthca/mthca_provider.c       |  40 ++-
 drivers/infiniband/hw/ocrdma/ocrdma_verbs.c        |  31 +--
 drivers/infiniband/hw/qedr/verbs.c                 |  48 +---
 drivers/infiniband/hw/usnic/usnic_ib_verbs.c       |  13 +-
 drivers/infiniband/hw/vmw_pvrdma/pvrdma_cq.c       |   7 +-
 drivers/infiniband/hw/vmw_pvrdma/pvrdma_qp.c       |   8 +-
 drivers/infiniband/hw/vmw_pvrdma/pvrdma_srq.c      |   6 +-
 drivers/infiniband/hw/vmw_pvrdma/pvrdma_verbs.c    |  11 +-
 drivers/infiniband/sw/rdmavt/cq.c                  |   2 +-
 drivers/infiniband/sw/rdmavt/qp.c                  |   3 +-
 drivers/infiniband/sw/rdmavt/srq.c                 |  19 +-
 drivers/infiniband/sw/rxe/Makefile                 |   1 +
 drivers/infiniband/sw/rxe/rxe_hw_counters.c        |   2 +
 drivers/infiniband/sw/rxe/rxe_hw_counters.h        |   2 +
 drivers/infiniband/sw/rxe/rxe_loc.h                |   6 +
 drivers/infiniband/sw/rxe/rxe_mad.c                |  97 +++++++
 drivers/infiniband/sw/rxe/rxe_mcast.c              |   4 +-
 drivers/infiniband/sw/rxe/rxe_net.c                |   9 +-
 drivers/infiniband/sw/rxe/rxe_recv.c               |   2 +
 drivers/infiniband/sw/rxe/rxe_verbs.c              |   5 +-
 drivers/infiniband/sw/rxe/rxe_verbs.h              |  12 +-
 drivers/infiniband/sw/siw/siw.h                    |   5 +-
 drivers/infiniband/sw/siw/siw_mem.c                |  56 ++--
 drivers/infiniband/sw/siw/siw_mem.h                |   5 +-
 drivers/infiniband/sw/siw/siw_verbs.c              |  10 +-
 drivers/infiniband/ulp/srpt/ib_srpt.c              |   5 +-
 tools/testing/selftests/rdma/Makefile              |   3 +-
 .../testing/selftests/rdma/rxe_sent_rcvd_bytes.sh  |  75 ++++++
 70 files changed, 1109 insertions(+), 477 deletions(-)
 create mode 100644 drivers/infiniband/sw/rxe/rxe_mad.c
 create mode 100755 tools/testing/selftests/rdma/rxe_sent_rcvd_bytes.sh
Merging net-next/main (627ac78f2741e ipv6: addrconf: bail out of dad_failure when state is no longer POSTDAD)
$ git merge -m Merge branch 'main' of https://git.kernel.org/pub/scm/linux/kernel/git/netdev/net-next.git net-next/main
Auto-merging Documentation/admin-guide/kernel-parameters.txt
Auto-merging MAINTAINERS
Auto-merging drivers/infiniband/sw/rxe/rxe_net.c
Auto-merging drivers/net/ethernet/mellanox/mlx5/core/en_ethtool.c
Auto-merging drivers/net/ethernet/mellanox/mlx5/core/eswitch.c
Auto-merging drivers/net/ethernet/mellanox/mlx5/core/eswitch.h
Auto-merging drivers/net/ethernet/mellanox/mlx5/core/lag/lag.c
Auto-merging net/core/skbuff.c
Merge made by the 'ort' strategy.
 Documentation/admin-guide/kernel-parameters.txt    |    6 +-
 Documentation/arch/m68k/kernel-options.rst         |   24 +-
 .../devicetree/bindings/net/microchip,lan95xx.yaml |    2 +
 .../bindings/net/microchip,lan966x-switch.yaml     |   10 +-
 Documentation/driver-api/dpll.rst                  |   58 +-
 .../acpi/dsd/motorcomm-yt8xxx-phy.rst              |  107 ++
 Documentation/firmware-guide/acpi/index.rst        |    1 +
 Documentation/netlink/specs/dpll.yaml              |   59 +-
 Documentation/netlink/specs/netdev.yaml            |    6 +
 Documentation/netlink/specs/rt-link.yaml           |    3 +
 .../device_drivers/ethernet/cirrus/cs89x0.rst      |  647 ----------
 .../networking/device_drivers/ethernet/index.rst   |    1 -
 Documentation/networking/devlink/stmmac.rst        |    2 +-
 Documentation/networking/ip-sysctl.rst             |    2 +-
 .../networking/net_cachelines/tcp_sock.rst         |   10 +-
 Documentation/networking/smc-sysctl.rst            |    8 +-
 Documentation/networking/tcp_ao.rst                |   38 +-
 Documentation/userspace-api/netlink/intro.rst      |    4 +-
 MAINTAINERS                                        |    2 +-
 drivers/atm/solos-pci.c                            |    4 +-
 drivers/dpll/dpll_core.c                           |    3 +-
 drivers/dpll/dpll_netlink.c                        |   57 +-
 drivers/dpll/dpll_nl.c                             |    5 +-
 drivers/dpll/dpll_nl.h                             |    2 +-
 drivers/dpll/zl3073x/chan.c                        |   31 +-
 drivers/dpll/zl3073x/chan.h                        |   14 +
 drivers/dpll/zl3073x/core.c                        |   45 -
 drivers/dpll/zl3073x/dpll.c                        |  148 ++-
 drivers/dpll/zl3073x/ref.h                         |   14 -
 drivers/dpll/zl3073x/regs.h                        |   24 +-
 drivers/gpio/gpio-ath79.c                          |   57 +-
 drivers/infiniband/hw/mlx5/counters.c              |    4 +-
 drivers/infiniband/hw/mlx5/ib_rep.c                |    6 +-
 drivers/infiniband/sw/rxe/rxe_net.c                |    6 +-
 drivers/infiniband/sw/rxe/rxe_ns.c                 |    4 +-
 drivers/net/Kconfig                                |    7 -
 drivers/net/Makefile                               |    1 -
 drivers/net/Space.c                                |  237 ----
 drivers/net/amt.c                                  |   80 +-
 drivers/net/arcnet/com20020-pci.c                  |  242 ++--
 drivers/net/bareudp.c                              |   51 +-
 drivers/net/can/sja1000/plx_pci.c                  |  167 +--
 drivers/net/dsa/microchip/ksz8.c                   |  487 +++++--
 drivers/net/dsa/microchip/ksz8.h                   |   62 +-
 drivers/net/dsa/microchip/ksz8863_smi.c            |    8 +-
 drivers/net/dsa/microchip/ksz9477.c                |  323 ++++-
 drivers/net/dsa/microchip/ksz9477.h                |   46 +-
 drivers/net/dsa/microchip/ksz9477_i2c.c            |    8 +-
 drivers/net/dsa/microchip/ksz_common.c             |  758 ++---------
 drivers/net/dsa/microchip/ksz_common.h             |  111 +-
 drivers/net/dsa/microchip/ksz_spi.c                |    8 +-
 drivers/net/dsa/microchip/lan937x.h                |   21 +-
 drivers/net/dsa/microchip/lan937x_main.c           |  157 ++-
 drivers/net/dsa/mv88e6xxx/chip.c                   |   24 +-
 drivers/net/dsa/mv88e6xxx/chip.h                   |    4 -
 drivers/net/dsa/mv88e6xxx/port.c                   |   55 +-
 drivers/net/dsa/mv88e6xxx/port.h                   |   11 +-
 drivers/net/dsa/ocelot/felix.c                     |    3 +-
 drivers/net/dsa/realtek/rtl8365mb.c                |   14 +
 drivers/net/dsa/sja1105/sja1105_main.c             |    3 +-
 drivers/net/dsa/yt921x.c                           |  507 +++++++-
 drivers/net/dsa/yt921x.h                           |   87 +-
 drivers/net/dummy.c                                |    6 +-
 drivers/net/ethernet/3com/3c59x.c                  |   80 +-
 drivers/net/ethernet/3com/typhoon.c                |   75 +-
 drivers/net/ethernet/8390/Kconfig                  |    1 -
 drivers/net/ethernet/8390/ne.c                     |  237 +++-
 drivers/net/ethernet/8390/ne2k-pci.c               |   24 +-
 drivers/net/ethernet/adaptec/starfire.c            |    4 +-
 drivers/net/ethernet/agere/et131x.c                |    6 +-
 drivers/net/ethernet/airoha/airoha_eth.c           |   37 +-
 drivers/net/ethernet/airoha/airoha_eth.h           |    8 +-
 drivers/net/ethernet/airoha/airoha_ppe.c           |   15 +-
 drivers/net/ethernet/atheros/atlx/atl2.c           |   37 +-
 drivers/net/ethernet/broadcom/asp2/bcmasp_intf.c   |  260 ++--
 drivers/net/ethernet/broadcom/bnx2.c               |   62 +-
 drivers/net/ethernet/broadcom/bnx2x/bnx2x_main.c   |   50 +-
 drivers/net/ethernet/broadcom/bnxt/bnxt.c          |    1 -
 drivers/net/ethernet/cavium/liquidio/lio_main.c    |   10 +-
 drivers/net/ethernet/cavium/liquidio/lio_vf_main.c |    7 +-
 drivers/net/ethernet/chelsio/cxgb/common.h         |    2 +-
 drivers/net/ethernet/chelsio/cxgb/subr.c           |    2 +-
 drivers/net/ethernet/chelsio/cxgb3/cxgb3_main.c    |    4 +-
 drivers/net/ethernet/chelsio/cxgb4/cxgb4_main.c    |    4 +-
 .../net/ethernet/chelsio/cxgb4vf/cxgb4vf_main.c    |    4 +-
 drivers/net/ethernet/cirrus/Kconfig                |   20 +-
 drivers/net/ethernet/cirrus/cs89x0.c               |  636 +--------
 drivers/net/ethernet/dec/tulip/de2104x.c           |    6 +-
 drivers/net/ethernet/dec/tulip/dmfe.c              |   12 +-
 drivers/net/ethernet/dec/tulip/tulip_core.c        |   78 +-
 drivers/net/ethernet/dec/tulip/uli526x.c           |    6 +-
 drivers/net/ethernet/dec/tulip/winbond-840.c       |   13 +-
 drivers/net/ethernet/dlink/dl2k.h                  |   12 +-
 drivers/net/ethernet/dlink/sundance.c              |   14 +-
 drivers/net/ethernet/fealnx.c                      |    8 +-
 drivers/net/ethernet/google/gve/gve_main.c         |   15 +-
 drivers/net/ethernet/hisilicon/hibmcge/hbg_main.c  |    2 +-
 drivers/net/ethernet/hisilicon/hns3/hns3_enet.c    |   50 +-
 .../ethernet/hisilicon/hns3/hns3pf/hclge_main.c    |   18 +-
 .../ethernet/hisilicon/hns3/hns3vf/hclgevf_main.c  |   12 +-
 drivers/net/ethernet/huawei/hinic/hinic_main.c     |   12 +-
 drivers/net/ethernet/huawei/hinic3/hinic3_lld.c    |    7 +-
 drivers/net/ethernet/intel/e100.c                  |    9 +-
 drivers/net/ethernet/intel/e1000e/netdev.c         |  471 +++++--
 drivers/net/ethernet/intel/fm10k/fm10k_pci.c       |   10 +-
 drivers/net/ethernet/intel/i40e/i40e_main.c        |   59 +-
 drivers/net/ethernet/intel/i40e/i40e_ptp.c         |    9 +-
 drivers/net/ethernet/intel/i40e/i40e_register.h    |   10 +
 drivers/net/ethernet/intel/iavf/iavf_main.c        |   10 +-
 drivers/net/ethernet/intel/ice/ice_dpll.c          |    2 +-
 drivers/net/ethernet/intel/ice/ice_ethtool.c       |    2 +-
 drivers/net/ethernet/intel/ice/ice_fw_update.c     |    2 +-
 drivers/net/ethernet/intel/igb/igb_main.c          |   66 +-
 drivers/net/ethernet/intel/igbvf/netdev.c          |    4 +-
 drivers/net/ethernet/intel/igc/igc_main.c          |   34 +-
 drivers/net/ethernet/intel/ixgbe/ixgbe_e610.c      |   73 +-
 drivers/net/ethernet/intel/ixgbe/ixgbe_e610.h      |    1 +
 drivers/net/ethernet/intel/ixgbe/ixgbe_ethtool.c   |  224 +++-
 drivers/net/ethernet/intel/ixgbe/ixgbe_main.c      |  136 +-
 drivers/net/ethernet/intel/ixgbe/ixgbe_type.h      |    2 +
 drivers/net/ethernet/intel/ixgbe/ixgbe_type_e610.h |   32 +-
 drivers/net/ethernet/intel/ixgbe/ixgbe_x550.c      |    2 +-
 drivers/net/ethernet/intel/ixgbevf/ixgbevf_main.c  |   49 +-
 drivers/net/ethernet/mellanox/mlx4/main.c          |    6 +-
 drivers/net/ethernet/mellanox/mlx5/core/alloc.c    |  301 ++++-
 drivers/net/ethernet/mellanox/mlx5/core/cmd.c      |    1 +
 drivers/net/ethernet/mellanox/mlx5/core/debugfs.c  |   39 +-
 drivers/net/ethernet/mellanox/mlx5/core/dpll.c     |    6 +-
 drivers/net/ethernet/mellanox/mlx5/core/en/rqt.c   |    9 -
 drivers/net/ethernet/mellanox/mlx5/core/en/rqt.h   |    2 +-
 drivers/net/ethernet/mellanox/mlx5/core/en/rss.c   |   29 +-
 drivers/net/ethernet/mellanox/mlx5/core/en/rss.h   |    6 +-
 .../net/ethernet/mellanox/mlx5/core/en/rx_res.c    |   40 +-
 .../net/ethernet/mellanox/mlx5/core/en/rx_res.h    |    4 +-
 .../net/ethernet/mellanox/mlx5/core/en_ethtool.c   |  108 +-
 drivers/net/ethernet/mellanox/mlx5/core/en_main.c  |   51 +-
 drivers/net/ethernet/mellanox/mlx5/core/en_tx.c    |    4 +-
 .../ethernet/mellanox/mlx5/core/esw/devlink_port.c |    7 +-
 .../net/ethernet/mellanox/mlx5/core/esw/ipsec.c    |    4 +-
 drivers/net/ethernet/mellanox/mlx5/core/eswitch.c  |  115 +-
 drivers/net/ethernet/mellanox/mlx5/core/eswitch.h  |   21 +-
 .../ethernet/mellanox/mlx5/core/eswitch_offloads.c |  345 +++--
 drivers/net/ethernet/mellanox/mlx5/core/lag/lag.c  |  169 ++-
 drivers/net/ethernet/mellanox/mlx5/core/lag/lag.h  |    5 +
 .../net/ethernet/mellanox/mlx5/core/lag/mpesw.c    |   18 +-
 .../net/ethernet/mellanox/mlx5/core/lib/devcom.c   |    8 +
 .../net/ethernet/mellanox/mlx5/core/lib/devcom.h   |    1 +
 .../mellanox/mlx5/core/lib/ipsec_fs_roce.c         |   10 +
 drivers/net/ethernet/mellanox/mlx5/core/main.c     |   43 +-
 .../net/ethernet/mellanox/mlx5/core/mlx5_core.h    |    3 +
 .../net/ethernet/mellanox/mlx5/core/pagealloc.c    |  250 +++-
 .../net/ethernet/mellanox/mlx5/core/sf/devlink.c   |    5 +
 .../mellanox/mlx5/core/sf/mlx5_ifc_vhca_event.h    |    8 -
 drivers/net/ethernet/mellanox/mlx5/core/sriov.c    |    7 +-
 .../ethernet/mellanox/mlx5/core/steering/hws/bwc.c |   12 +
 .../mellanox/mlx5/core/steering/hws/table.c        |    3 +
 .../mellanox/mlx5/core/steering/hws/vport.c        |    2 +-
 .../mellanox/mlx5/core/steering/sws/dr_types.h     |    1 -
 drivers/net/ethernet/mellanox/mlxsw/spectrum.c     |   16 +-
 drivers/net/ethernet/meta/fbnic/fbnic_csr.h        |    1 +
 drivers/net/ethernet/meta/fbnic/fbnic_mdio.c       |  137 +-
 drivers/net/ethernet/micrel/ksz884x.c              |    8 +-
 drivers/net/ethernet/microsoft/mana/gdma_main.c    |    3 +
 drivers/net/ethernet/microsoft/mana/mana_bpf.c     |    2 +-
 drivers/net/ethernet/microsoft/mana/mana_en.c      |   67 +-
 drivers/net/ethernet/microsoft/mana/mana_ethtool.c |    2 +-
 drivers/net/ethernet/mucse/rnpgbe/rnpgbe_main.c    |   10 +-
 drivers/net/ethernet/natsemi/natsemi.c             |    4 +-
 drivers/net/ethernet/netronome/nfp/nfp_main.c      |   65 +-
 .../net/ethernet/netronome/nfp/nfp_netvf_main.c    |   33 +-
 drivers/net/ethernet/qlogic/qede/qede_main.c       |   20 +-
 drivers/net/ethernet/qualcomm/Kconfig              |    4 +-
 drivers/net/ethernet/realtek/8139too.c             |   52 +-
 drivers/net/ethernet/realtek/r8169_main.c          |    8 +-
 drivers/net/ethernet/realtek/rtase/rtase.h         |    4 +
 drivers/net/ethernet/realtek/rtase/rtase_main.c    |    3 +
 drivers/net/ethernet/rocker/rocker_main.c          |    4 +-
 drivers/net/ethernet/sis/sis190.c                  |    6 +-
 drivers/net/ethernet/sis/sis900.c                  |   10 +-
 drivers/net/ethernet/smsc/epic100.c                |   18 +-
 drivers/net/ethernet/sun/cassini.c                 |    8 +-
 drivers/net/ethernet/sun/sungem.c                  |   26 +-
 drivers/net/ethernet/ti/tlan.c                     |   41 +-
 drivers/net/ethernet/wangxun/ngbe/ngbe_main.c      |   26 +-
 drivers/net/ethernet/wangxun/ngbevf/ngbevf_main.c  |   26 +-
 drivers/net/ethernet/wangxun/txgbe/txgbe_main.c    |   18 +-
 .../net/ethernet/wangxun/txgbevf/txgbevf_main.c    |   18 +-
 drivers/net/ethernet/wiznet/Kconfig                |   59 +-
 drivers/net/ethernet/wiznet/Makefile               |    4 +-
 drivers/net/ethernet/wiznet/w5100-spi.c            |    2 +-
 drivers/net/ethernet/wiznet/w5100.c                |  412 +-----
 drivers/net/ethernet/wiznet/w5100.h                |    3 +-
 drivers/net/ethernet/wiznet/w5300.c                |  687 ----------
 drivers/net/geneve.c                               |   54 +-
 drivers/net/gtp.c                                  |   10 +-
 drivers/net/ipvlan/ipvlan_core.c                   |    2 +-
 drivers/net/mdio/Kconfig                           |    2 +-
 drivers/net/netconsole.c                           |  175 +++
 drivers/net/ovpn/udp.c                             |    2 +-
 drivers/net/pfcp.c                                 |   17 +-
 drivers/net/phy/Kconfig                            |    2 +-
 drivers/net/phy/aquantia/aquantia_main.c           |    6 +-
 drivers/net/phy/dp83867.c                          |   60 +
 drivers/net/phy/intel-xway.c                       |   79 ++
 drivers/net/phy/motorcomm.c                        |   41 +-
 drivers/net/phy/realtek/realtek_main.c             |  172 ++-
 drivers/net/ppp/Kconfig                            |    6 +
 drivers/net/ppp/Makefile                           |    6 +-
 drivers/net/ppp/pppoe.c                            |   12 +-
 drivers/net/tun.c                                  |  109 +-
 drivers/net/usb/pegasus.c                          |   16 +-
 drivers/net/usb/r8152.c                            |  368 +++++-
 drivers/net/usb/usbnet.c                           |   10 +-
 drivers/net/vxlan/vxlan_core.c                     |   62 +-
 drivers/net/vxlan/vxlan_multicast.c                |    8 +-
 drivers/net/wan/farsync.c                          |   24 +-
 drivers/net/wan/pc300too.c                         |   14 +-
 drivers/net/wan/pci200syn.c                        |    6 +-
 drivers/net/wan/wanxl.c                            |   11 +-
 drivers/net/wireguard/socket.c                     |    8 +-
 drivers/net/wireless/ath/ath12k/ahb.c              |   25 +-
 drivers/net/wireless/ath/ath12k/core.c             |    6 +
 drivers/net/wireless/ath/ath12k/dp_htt.c           |    2 +-
 drivers/net/wireless/ath/ath12k/dp_htt.h           |    2 +-
 drivers/net/wireless/ath/ath12k/htc.h              |    8 +-
 drivers/net/wireless/ath/ath12k/wifi7/hal_rx.h     |    1 -
 drivers/net/wireless/ath/ath12k/wmi.c              |  217 ++--
 drivers/net/wireless/ath/ath12k/wmi.h              |    3 +
 drivers/net/wireless/ath/ath6kl/cfg80211.c         |    3 +-
 drivers/net/wireless/ath/ath9k/hw.c                |   33 +-
 drivers/net/wireless/ath/ath9k/hw.h                |    3 +-
 drivers/net/wireless/ath/wil6210/cfg80211.c        |    3 +-
 .../net/wireless/broadcom/brcm80211/brcmfmac/p2p.c |    4 +-
 .../net/wireless/broadcom/brcm80211/brcmfmac/p2p.h |    3 +-
 .../wireless/broadcom/brcm80211/brcmfmac/pcie.c    |   17 +-
 .../broadcom/brcm80211/brcmsmac/phy/phy_lcn.c      |   13 +-
 drivers/net/wireless/intel/ipw2x00/ipw2200.c       |   52 +-
 drivers/net/wireless/intel/iwlwifi/mld/iface.c     |    2 +-
 drivers/net/wireless/intel/iwlwifi/mld/mac80211.c  |    6 +-
 drivers/net/wireless/intel/iwlwifi/mvm/mac80211.c  |   10 +-
 .../net/wireless/intel/iwlwifi/mvm/mld-mac80211.c  |    4 +-
 drivers/net/wireless/marvell/mwifiex/cfg80211.c    |    3 +-
 drivers/net/wireless/mediatek/mt76/mt7925/mcu.c    |    4 +-
 drivers/net/wireless/microchip/wilc1000/cfg80211.c |    3 +-
 drivers/net/wireless/quantenna/qtnfmac/commands.c  |    4 +-
 drivers/net/wireless/realtek/rtw89/fw.c            |    2 +-
 drivers/net/wireless/virtual/Makefile              |    2 +
 drivers/net/wireless/virtual/mac80211_hwsim_i.h    |  168 +++
 .../{mac80211_hwsim.c => mac80211_hwsim_main.c}    |  974 +++++++-------
 drivers/net/wireless/virtual/mac80211_hwsim_nan.c  | 1346 ++++++++++++++++++++
 drivers/net/wireless/virtual/mac80211_hwsim_nan.h  |  102 ++
 drivers/net/wwan/Kconfig                           |    4 +-
 drivers/ptp/ptp_vmw.c                              |    3 -
 drivers/vhost/net.c                                |   21 +-
 include/linux/dpll.h                               |   22 +-
 include/linux/ieee80211-eht.h                      |  129 +-
 include/linux/ieee80211-uhr.h                      |   55 +-
 include/linux/ieee80211.h                          |    1 +
 include/linux/if_bridge.h                          |    1 +
 include/linux/if_tun.h                             |    3 +
 include/linux/igmp.h                               |  167 ++-
 include/linux/mlx5/driver.h                        |   18 +-
 include/linux/mlx5/eswitch.h                       |    8 +-
 include/linux/mlx5/mlx5_ifc.h                      |   73 +-
 include/linux/mlx5/vport.h                         |    4 +-
 include/linux/net/intel/libie/adminq.h             |    1 +
 include/linux/netdevice.h                          |    7 +-
 include/linux/netpoll.h                            |    2 +-
 include/linux/platform_data/wiznet.h               |   23 -
 include/linux/ptr_ring.h                           |   20 +-
 include/linux/skbuff.h                             |    3 +-
 include/linux/socket.h                             |    2 +-
 include/linux/tcp.h                                |   40 +-
 include/net/Space.h                                |    7 -
 include/net/act_api.h                              |    4 +-
 include/net/amt.h                                  |    2 +-
 include/net/cfg80211.h                             |  276 +++-
 include/net/dsa.h                                  |    3 +-
 include/net/gen_stats.h                            |   16 +-
 include/net/mac80211.h                             |   74 +-
 include/net/mana/mana.h                            |    2 +-
 include/net/mld.h                                  |  187 ++-
 include/net/netlink.h                              |    5 +-
 include/net/sch_generic.h                          |   85 +-
 include/net/sock.h                                 |   11 +-
 include/net/tcp.h                                  |   53 +-
 include/net/tcp_ao.h                               |   74 +-
 include/net/udp_tunnel.h                           |   14 +-
 include/net/vxlan.h                                |    5 +-
 include/trace/events/skb.h                         |    4 +-
 include/uapi/linux/dpll.h                          |   23 +
 include/uapi/linux/if_bridge.h                     |    1 +
 include/uapi/linux/if_link.h                       |   17 +
 include/uapi/linux/mdio.h                          |   10 +
 include/uapi/linux/nl80211.h                       |  303 ++++-
 include/uapi/linux/pkt_sched.h                     |   10 +
 include/uapi/linux/rtnetlink.h                     |    1 +
 net/bridge/br_arp_nd_proxy.c                       |   38 +-
 net/bridge/br_forward.c                            |   15 +-
 net/bridge/br_multicast.c                          |   22 +-
 net/bridge/br_netlink.c                            |    8 +-
 net/bridge/br_private.h                            |    3 +
 net/bridge/br_vlan.c                               |    1 +
 net/bridge/br_vlan_options.c                       |   24 +-
 net/core/dev.c                                     |   23 +-
 net/core/drop_monitor.c                            |    6 +-
 net/core/gen_stats.c                               |   51 +-
 net/core/netdev-genl-gen.c                         |   38 +-
 net/core/netpoll.c                                 |  182 +--
 net/core/page_pool_user.c                          |   47 +-
 net/core/rtnetlink.c                               |   33 +-
 net/core/skbuff.c                                  |    7 +-
 net/core/sock.c                                    |    3 +
 net/core/sock_destructor.h                         |   12 -
 net/dsa/user.c                                     |    2 +-
 net/ethtool/rings.c                                |    4 +-
 net/hsr/hsr_netlink.c                              |    7 +-
 net/ipv4/Kconfig                                   |    8 +-
 net/ipv4/Makefile                                  |    1 -
 net/ipv4/fou_core.c                                |   21 +-
 net/ipv4/igmp.c                                    |    6 +-
 net/ipv4/inet_fragment.c                           |    2 -
 net/ipv4/nexthop.c                                 |   88 +-
 net/ipv4/tcp.c                                     |   22 +-
 net/ipv4/tcp_ao.c                                  |  669 +++++-----
 net/ipv4/tcp_input.c                               |    2 +-
 net/ipv4/tcp_output.c                              |   23 +-
 net/ipv4/tcp_sigpool.c                             |  366 ------
 net/ipv4/udp_tunnel_core.c                         |   23 +-
 net/ipv6/addrconf.c                                |   13 +-
 net/ipv6/inet6_connection_sock.c                   |    3 +-
 net/ipv6/ioam6.c                                   |    4 +-
 net/ipv6/ip6_udp_tunnel.c                          |    6 +-
 net/ipv6/ip6mr.c                                   |   22 +-
 net/ipv6/mcast.c                                   |   19 +-
 net/ipv6/tcp_ao.c                                  |  131 +-
 net/ipv6/tcp_ipv6.c                                |    2 +-
 net/kcm/kcmsock.c                                  |   16 +-
 net/l2tp/l2tp_core.c                               |    2 +-
 net/llc/af_llc.c                                   |   18 +-
 net/llc/llc_c_ac.c                                 |    8 +-
 net/mac80211/Makefile                              |    2 +-
 net/mac80211/ap.c                                  |  207 +++
 net/mac80211/cfg.c                                 |  213 +++-
 net/mac80211/chan.c                                |  168 ++-
 net/mac80211/debugfs.c                             |   47 +-
 net/mac80211/eht.c                                 |  179 +--
 net/mac80211/he.c                                  |    9 +-
 net/mac80211/ht.c                                  |   59 +-
 net/mac80211/ibss.c                                |    3 +
 net/mac80211/ieee80211_i.h                         |   56 +-
 net/mac80211/iface.c                               |   62 +-
 net/mac80211/main.c                                |    7 +-
 net/mac80211/mesh_plink.c                          |    3 +
 net/mac80211/mlme.c                                |  604 +++++----
 net/mac80211/nan.c                                 |  126 ++
 net/mac80211/ocb.c                                 |    5 +-
 net/mac80211/offchannel.c                          |   13 +-
 net/mac80211/parse.c                               |    3 +
 net/mac80211/rate.c                                |    4 +-
 net/mac80211/rx.c                                  |   33 +-
 net/mac80211/sta_info.c                            |  294 ++++-
 net/mac80211/sta_info.h                            |   16 +-
 net/mac80211/status.c                              |    9 +-
 net/mac80211/tdls.c                                |   24 +-
 net/mac80211/trace.h                               |   14 +-
 net/mac80211/tx.c                                  |   20 +-
 net/mac80211/uhr.c                                 |    5 +-
 net/mac80211/util.c                                |   34 +-
 net/mac80211/vht.c                                 |  350 +----
 net/mctp/af_mctp.c                                 |   10 +-
 net/mctp/test/route-test.c                         |    6 -
 net/mptcp/pm_kernel.c                              |   77 +-
 net/netlink/af_netlink.c                           |   21 +-
 net/psp/psp_main.c                                 |   21 +-
 net/rds/tcp_listen.c                               |    4 +-
 net/rxrpc/local_object.c                           |    2 +-
 net/sched/act_api.c                                |    2 +-
 net/sched/act_bpf.c                                |    2 +-
 net/sched/act_ife.c                                |   12 +-
 net/sched/act_mpls.c                               |    2 +-
 net/sched/act_police.c                             |    4 +-
 net/sched/act_skbedit.c                            |    2 +-
 net/sched/act_skbmod.c                             |    2 +-
 net/sched/sch_api.c                                |  152 ++-
 net/sched/sch_cake.c                               |   20 +-
 net/sched/sch_cbs.c                                |    6 +-
 net/sched/sch_choke.c                              |    8 +-
 net/sched/sch_codel.c                              |    2 +-
 net/sched/sch_drr.c                                |    6 +-
 net/sched/sch_dualpi2.c                            |   74 +-
 net/sched/sch_etf.c                                |    8 +-
 net/sched/sch_ets.c                                |    6 +-
 net/sched/sch_fq.c                                 |    8 +-
 net/sched/sch_fq_codel.c                           |   15 +-
 net/sched/sch_fq_pie.c                             |    8 +-
 net/sched/sch_generic.c                            |   15 +-
 net/sched/sch_gred.c                               |    4 +-
 net/sched/sch_hfsc.c                               |   28 +-
 net/sched/sch_hhf.c                                |    7 +-
 net/sched/sch_htb.c                                |   60 +-
 net/sched/sch_mq.c                                 |   37 +-
 net/sched/sch_mqprio.c                             |   93 +-
 net/sched/sch_multiq.c                             |    4 +-
 net/sched/sch_netem.c                              |  235 ++--
 net/sched/sch_prio.c                               |    6 +-
 net/sched/sch_qfq.c                                |    8 +-
 net/sched/sch_red.c                                |    6 +-
 net/sched/sch_sfb.c                                |    8 +-
 net/sched/sch_sfq.c                                |   11 +-
 net/sched/sch_skbprio.c                            |    4 +-
 net/sched/sch_taprio.c                             |   46 +-
 net/sched/sch_tbf.c                                |   10 +-
 net/sched/sch_teql.c                               |    2 +-
 net/sctp/endpointola.c                             |    2 +-
 net/sctp/protocol.c                                |   10 +-
 net/smc/smc_core.c                                 |    4 +
 net/tipc/udp_media.c                               |   32 +-
 net/tls/tls_device.c                               |   11 +-
 net/vmw_vsock/af_vsock.c                           |   16 +-
 net/wireless/chan.c                                |  124 +-
 net/wireless/core.c                                |   57 +-
 net/wireless/core.h                                |    5 +-
 net/wireless/mlme.c                                |   11 +-
 net/wireless/nl80211.c                             |  626 +++++++--
 net/wireless/nl80211.h                             |    5 +-
 net/wireless/pmsr.c                                |  190 ++-
 net/wireless/rdev-ops.h                            |   26 +-
 net/wireless/reg.c                                 |    3 +
 net/wireless/sme.c                                 |    1 +
 net/wireless/trace.h                               |   38 +-
 net/wireless/util.c                                |   29 +-
 net/wireless/wext-compat.c                         |    3 +-
 net/x25/af_x25.c                                   |   16 +-
 tools/net/ynl/ynltool/page-pool.c                  |    6 +-
 tools/testing/selftests/drivers/net/.gitignore     |    1 +
 tools/testing/selftests/drivers/net/Makefile       |    2 +
 tools/testing/selftests/drivers/net/config         |    2 +
 tools/testing/selftests/drivers/net/gro.py         |   10 +
 tools/testing/selftests/drivers/net/hw/gro_hw.py   |   10 +
 tools/testing/selftests/drivers/net/hw/iou-zcrx.py |   12 +
 tools/testing/selftests/drivers/net/hw/ntuple.py   |    5 +-
 tools/testing/selftests/drivers/net/hw/rss_ctx.py  |   98 +-
 .../selftests/drivers/net/lib/py/__init__.py       |    5 +-
 .../selftests/{ => drivers}/net/so_txtime.c        |   33 +-
 tools/testing/selftests/drivers/net/so_txtime.py   |  103 ++
 tools/testing/selftests/net/.gitignore             |    1 -
 tools/testing/selftests/net/Makefile               |    4 +-
 tools/testing/selftests/net/config                 |    1 +
 .../selftests/net/forwarding/bridge_vlan_mcast.sh  |  140 +-
 tools/testing/selftests/net/getsockopt_iter.c      |  300 +++++
 tools/testing/selftests/net/lib/py/__init__.py     |    4 +-
 tools/testing/selftests/net/lib/py/utils.py        |   51 +-
 tools/testing/selftests/net/mptcp/mptcp_join.sh    |   33 +-
 tools/testing/selftests/net/mptcp/pm_netlink.sh    |   56 +-
 tools/testing/selftests/net/mptcp/pm_nl_ctl.c      |    8 +-
 tools/testing/selftests/net/nl_netdev.py           |  119 +-
 .../selftests/net/openvswitch/openvswitch.sh       |   78 ++
 .../testing/selftests/net/openvswitch/ovs-dpctl.py |  324 ++++-
 .../net/packetdrill/tcp_syncookies_ip4_9k.pkt      |   37 +
 .../net/packetdrill/tcp_syncookies_ip6_9k.pkt      |   36 +
 tools/testing/selftests/net/protodown.sh           |  182 +++
 tools/testing/selftests/net/rds/README.txt         |   30 +-
 tools/testing/selftests/net/rds/run.sh             |   94 +-
 tools/testing/selftests/net/rds/settings           |    2 +-
 tools/testing/selftests/net/rds/test.py            |  116 +-
 tools/testing/selftests/net/so_txtime.sh           |  110 --
 tools/testing/selftests/net/tcp_ao/config          |    4 -
 .../testing/selftests/net/tcp_ao/key-management.c  |   41 +-
 .../selftests/net/test_bridge_neigh_suppress.sh    |  468 ++++++-
 470 files changed, 16623 insertions(+), 10257 deletions(-)
 create mode 100644 Documentation/firmware-guide/acpi/dsd/motorcomm-yt8xxx-phy.rst
 delete mode 100644 Documentation/networking/device_drivers/ethernet/cirrus/cs89x0.rst
 delete mode 100644 drivers/net/Space.c
 delete mode 100644 drivers/net/ethernet/wiznet/w5300.c
 create mode 100644 drivers/net/wireless/virtual/mac80211_hwsim_i.h
 rename drivers/net/wireless/virtual/{mac80211_hwsim.c => mac80211_hwsim_main.c} (91%)
 create mode 100644 drivers/net/wireless/virtual/mac80211_hwsim_nan.c
 create mode 100644 drivers/net/wireless/virtual/mac80211_hwsim_nan.h
 delete mode 100644 include/linux/platform_data/wiznet.h
 delete mode 100644 include/net/Space.h
 delete mode 100644 net/core/sock_destructor.h
 delete mode 100644 net/ipv4/tcp_sigpool.c
 create mode 100644 net/mac80211/ap.c
 rename tools/testing/selftests/{ => drivers}/net/so_txtime.c (95%)
 create mode 100755 tools/testing/selftests/drivers/net/so_txtime.py
 create mode 100644 tools/testing/selftests/net/getsockopt_iter.c
 create mode 100644 tools/testing/selftests/net/packetdrill/tcp_syncookies_ip4_9k.pkt
 create mode 100644 tools/testing/selftests/net/packetdrill/tcp_syncookies_ip6_9k.pkt
 create mode 100755 tools/testing/selftests/net/protodown.sh
 delete mode 100755 tools/testing/selftests/net/so_txtime.sh
$ git am -3 ../patches/0001-net-mlx5e-Fix-up-merge.patch
Applying: net/mlx5e: Fix up merge
Using index info to reconstruct a base tree...
M	drivers/net/ethernet/mellanox/mlx5/core/en/xsk/setup.c
Falling back to patching base and 3-way merge...
No changes -- Patch already applied.
$ git am -3 ../patches/0001-net-Fix-up-mismerge-due-to-missing-cast-enum-skb_dro.patch
Applying: net: Fix up mismerge due to missing cast (enum skb_drop_reason)
Using index info to reconstruct a base tree...
M	include/net/sch_generic.h
Falling back to patching base and 3-way merge...
Auto-merging include/net/sch_generic.h
No changes -- Patch already applied.
$ git am -3 ../patches/0001-io_uring-Fix-up-build-for-net-Slightly-simplify-net_.patch
Applying: io_uring: Fix up build for "net: Slightly simplify net_mp_{open,close}_rxq"
Using index info to reconstruct a base tree...
M	io_uring/zcrx.c
Falling back to patching base and 3-way merge...
Auto-merging io_uring/zcrx.c
No changes -- Patch already applied.
Merging bpf-next/for-next (576482b55c19e selftests/bpf: Add exception tests with stack arguments)
$ git merge -m Merge branch 'for-next' of https://git.kernel.org/pub/scm/linux/kernel/git/bpf/bpf-next.git bpf-next/for-next
Auto-merging MAINTAINERS
Auto-merging fs/bpf_fs_kfuncs.c
Auto-merging include/linux/bpf.h
Auto-merging include/linux/bpf_verifier.h
Auto-merging include/linux/filter.h
Auto-merging include/linux/syscalls.h
Auto-merging kernel/bpf/core.c
Auto-merging kernel/bpf/fixups.c
Auto-merging kernel/bpf/syscall.c
Auto-merging kernel/bpf/verifier.c
Auto-merging kernel/trace/bpf_trace.c
Auto-merging tools/testing/selftests/bpf/prog_tests/verifier.c
Merge made by the 'ort' strategy.
 Documentation/bpf/btf.rst                          |    6 +-
 MAINTAINERS                                        |    1 +
 arch/arm64/net/bpf_jit_comp.c                      |   92 +-
 arch/arm64/net/bpf_timed_may_goto.S                |    8 +-
 arch/s390/net/bpf_jit_comp.c                       |   37 +
 arch/x86/net/bpf_jit_comp.c                        |  151 +-
 drivers/base/power/power.h                         |    7 +
 drivers/base/power/wakeup.c                        |   71 +-
 drivers/net/ethernet/netronome/nfp/bpf/verifier.c  |    8 +-
 fs/bpf_fs_kfuncs.c                                 |    2 +-
 fs/verity/measure.c                                |    4 +-
 include/linux/bpf.h                                |   69 +-
 include/linux/bpf_verifier.h                       |  189 +-
 include/linux/btf.h                                |    7 +-
 include/linux/cnum.h                               |   82 +
 include/linux/filter.h                             |   27 +-
 include/linux/syscalls.h                           |    3 +-
 include/linux/trace_events.h                       |    6 +
 include/trace/bpf_probe.h                          |    2 -
 include/uapi/linux/bpf.h                           |    8 +
 include/uapi/linux/btf.h                           |   26 +-
 kernel/bpf/Makefile                                |    2 +-
 kernel/bpf/backtrack.c                             |   82 +-
 kernel/bpf/btf.c                                   |   79 +-
 kernel/bpf/cnum.c                                  |  120 +
 kernel/bpf/cnum_defs.h                             |  247 ++
 kernel/bpf/const_fold.c                            |    8 +
 kernel/bpf/core.c                                  |   19 +-
 kernel/bpf/fixups.c                                |   23 +-
 kernel/bpf/helpers.c                               |   38 +-
 kernel/bpf/liveness.c                              |  181 +-
 kernel/bpf/log.c                                   |  114 +-
 kernel/bpf/states.c                                |   45 +-
 kernel/bpf/syscall.c                               |  120 +-
 kernel/bpf/trampoline.c                            |    1 -
 kernel/bpf/verifier.c                              | 2756 +++++++++-----------
 kernel/events/core.c                               |    9 +
 kernel/trace/bpf_trace.c                           |   70 +-
 kernel/trace/trace_syscalls.c                      |  108 +-
 lib/test_bpf.c                                     |  363 ++-
 net/bpf/test_run.c                                 |   65 +-
 tools/bpf/bpftool/btf.c                            |   17 +-
 tools/bpf/bpftool/btf_dumper.c                     |    4 +-
 tools/bpf/bpftool/gen.c                            |   16 +-
 tools/include/uapi/linux/bpf.h                     |    8 +
 tools/include/uapi/linux/btf.h                     |   26 +-
 tools/lib/bpf/bpf.c                                |   52 +-
 tools/lib/bpf/bpf.h                                |   17 +-
 tools/lib/bpf/btf.c                                |   54 +-
 tools/lib/bpf/btf.h                                |    2 +-
 tools/lib/bpf/btf_dump.c                           |   24 +-
 tools/lib/bpf/features.c                           |    8 +
 tools/lib/bpf/libbpf.c                             |   97 +-
 tools/lib/bpf/libbpf_internal.h                    |    3 +
 tools/lib/bpf/relo_core.c                          |   16 +-
 tools/lib/bpf/skel_internal.h                      |    5 +
 tools/testing/selftests/bpf/.gitignore             |    1 -
 tools/testing/selftests/bpf/Makefile               |   62 +-
 tools/testing/selftests/bpf/bench.c                |   20 +-
 tools/testing/selftests/bpf/bench.h                |    1 +
 tools/testing/selftests/bpf/bench_bpf_timing.h     |   50 +
 tools/testing/selftests/bpf/benchs/bench_bpf_nop.c |   84 +
 .../selftests/bpf/benchs/bench_bpf_timing.c        |  272 ++
 tools/testing/selftests/bpf/benchs/bench_xdp_lb.c  | 1113 ++++++++
 .../selftests/bpf/benchs/run_bench_xdp_lb.sh       |   79 +
 tools/testing/selftests/bpf/bpf_arena_alloc.h      |    2 +-
 tools/testing/selftests/bpf/bpf_arena_list.h       |    2 +-
 tools/testing/selftests/bpf/bpf_arena_strsearch.h  |    2 +-
 tools/testing/selftests/bpf/bpf_experimental.h     |   84 +-
 tools/testing/selftests/bpf/bpf_kfuncs.h           |    8 +-
 tools/testing/selftests/bpf/config                 |    3 +-
 tools/testing/selftests/bpf/default.profraw        |  Bin 0 -> 160 bytes
 tools/testing/selftests/bpf/libarena/Makefile      |   92 +
 .../bpf/{ => libarena/include}/bpf_arena_common.h  |    0
 .../include}/bpf_arena_spin_lock.h                 |   11 +-
 .../bpf/{ => libarena/include}/bpf_atomic.h        |    4 +-
 .../selftests/bpf/libarena/include/bpf_may_goto.h  |   84 +
 .../selftests/bpf/libarena/include/libarena/asan.h |  103 +
 .../bpf/libarena/include/libarena/buddy.h          |   92 +
 .../bpf/libarena/include/libarena/common.h         |   94 +
 .../bpf/libarena/include/libarena/userspace.h      |  132 +
 .../bpf/libarena/selftests/st_asan_buddy.bpf.c     |  258 ++
 .../bpf/libarena/selftests/st_asan_common.h        |   52 +
 .../bpf/libarena/selftests/st_buddy.bpf.c          |  209 ++
 .../bpf/libarena/selftests/test_progs_compat.h     |   15 +
 .../testing/selftests/bpf/libarena/src/asan.bpf.c  |  553 ++++
 .../testing/selftests/bpf/libarena/src/buddy.bpf.c |  903 +++++++
 .../selftests/bpf/libarena/src/common.bpf.c        |   52 +
 .../selftests/bpf/prog_tests/arena_spin_lock.c     |    7 -
 tools/testing/selftests/bpf/prog_tests/bpf_nf.c    |   22 +-
 tools/testing/selftests/bpf/prog_tests/btf.c       |    8 +-
 .../selftests/bpf/prog_tests/btf_dedup_split.c     |   51 +-
 tools/testing/selftests/bpf/prog_tests/btf_dump.c  |    4 +-
 tools/testing/selftests/bpf/prog_tests/cb_refs.c   |    2 +-
 .../selftests/bpf/prog_tests/cgrp_local_storage.c  |   15 +-
 .../testing/selftests/bpf/prog_tests/ctx_rewrite.c |   17 +-
 .../testing/selftests/bpf/prog_tests/exceptions.c  |    7 +
 .../testing/selftests/bpf/prog_tests/file_reader.c |   22 +-
 .../testing/selftests/bpf/prog_tests/kfunc_call.c  |    2 +-
 tools/testing/selftests/bpf/prog_tests/libarena.c  |   66 +
 .../selftests/bpf/prog_tests/libarena_asan.c       |   93 +
 .../testing/selftests/bpf/prog_tests/linked_list.c |    4 +-
 tools/testing/selftests/bpf/prog_tests/map_init.c  |  166 ++
 .../testing/selftests/bpf/prog_tests/reg_bounds.c  |   90 +-
 .../bpf/prog_tests/sleepable_tracepoints.c         |  142 +
 tools/testing/selftests/bpf/prog_tests/stack_arg.c |  139 +
 .../selftests/bpf/prog_tests/stack_arg_fail.c      |   10 +
 .../selftests/bpf/prog_tests/stack_arg_precision.c |   10 +
 .../selftests/bpf/prog_tests/task_local_storage.c  |    1 +
 tools/testing/selftests/bpf/prog_tests/verifier.c  |    4 +
 tools/testing/selftests/bpf/prog_tests/vmlinux.c   |   45 +-
 .../selftests/bpf/prog_tests/wakeup_source.c       |  118 +
 tools/testing/selftests/bpf/progs/arena_atomics.c  |    2 +-
 .../testing/selftests/bpf/progs/arena_spin_lock.c  |    2 +-
 .../selftests/bpf/progs/bench_bpf_timing.bpf.h     |   69 +
 tools/testing/selftests/bpf/progs/bpf_misc.h       |    1 +
 tools/testing/selftests/bpf/progs/bpf_nop_bench.c  |   14 +
 .../selftests/bpf/progs/btf__stack_arg_precision.c |   24 +
 .../bpf/progs/btf__verifier_stack_arg_order.c      |   49 +
 .../selftests/bpf/progs/cgrp_kfunc_failure.c       |   14 +-
 .../selftests/bpf/progs/cgrp_ls_sleepable.c        |   18 +
 .../selftests/bpf/progs/compute_live_registers.c   |    2 +-
 .../testing/selftests/bpf/progs/cpumask_failure.c  |   10 +-
 .../testing/selftests/bpf/progs/cpumask_success.c  |    2 +-
 tools/testing/selftests/bpf/progs/dynptr_fail.c    |   22 +-
 tools/testing/selftests/bpf/progs/dynptr_success.c |    6 +-
 tools/testing/selftests/bpf/progs/exceptions.c     |  114 +
 .../testing/selftests/bpf/progs/file_reader_fail.c |    4 +-
 tools/testing/selftests/bpf/progs/irq.c            |    4 +-
 tools/testing/selftests/bpf/progs/iters.c          |    6 +-
 .../selftests/bpf/progs/iters_state_safety.c       |   14 +-
 tools/testing/selftests/bpf/progs/iters_testmod.c  |    4 +-
 .../selftests/bpf/progs/iters_testmod_seq.c        |    4 +-
 tools/testing/selftests/bpf/progs/lpm_trie_bench.c |    2 +-
 tools/testing/selftests/bpf/progs/map_kptr_fail.c  |    2 +-
 .../selftests/bpf/progs/percpu_alloc_fail.c        |    4 +-
 tools/testing/selftests/bpf/progs/rbtree_fail.c    |    6 +-
 .../selftests/bpf/progs/refcounted_kptr_fail.c     |    2 +-
 tools/testing/selftests/bpf/progs/stack_arg.c      |  253 ++
 tools/testing/selftests/bpf/progs/stack_arg_fail.c |  114 +
 .../testing/selftests/bpf/progs/stack_arg_kfunc.c  |  164 ++
 .../selftests/bpf/progs/stack_arg_precision.c      |  135 +
 tools/testing/selftests/bpf/progs/stream.c         |    2 +-
 tools/testing/selftests/bpf/progs/stream_fail.c    |    2 +-
 .../selftests/bpf/progs/task_kfunc_failure.c       |   18 +-
 .../selftests/bpf/progs/task_local_storage.c       |   19 +
 tools/testing/selftests/bpf/progs/task_work_fail.c |    6 +-
 .../testing/selftests/bpf/progs/test_bpf_nf_fail.c |    8 +-
 .../selftests/bpf/progs/test_kfunc_dynptr_param.c  |   11 +-
 .../bpf/progs/test_kfunc_param_nullable.c          |    2 +-
 .../bpf/progs/test_sleepable_tracepoints.c         |  112 +
 .../bpf/progs/test_sleepable_tracepoints_fail.c    |   18 +
 .../testing/selftests/bpf/progs/test_tunnel_kern.c |   13 +-
 tools/testing/selftests/bpf/progs/test_vmlinux.c   |    4 +-
 .../selftests/bpf/progs/test_wakeup_source.c       |   92 +
 tools/testing/selftests/bpf/progs/verifier_arena.c |    2 +-
 .../selftests/bpf/progs/verifier_arena_globals1.c  |    2 +-
 .../selftests/bpf/progs/verifier_arena_globals2.c  |    2 +-
 .../selftests/bpf/progs/verifier_arena_large.c     |    2 +-
 .../selftests/bpf/progs/verifier_bits_iter.c       |    4 +-
 .../testing/selftests/bpf/progs/verifier_bounds.c  |  116 +-
 .../selftests/bpf/progs/verifier_bpf_fastcall.c    |   27 +-
 .../selftests/bpf/progs/verifier_global_subprogs.c |    3 +-
 .../selftests/bpf/progs/verifier_jit_inline.c      |    2 +-
 tools/testing/selftests/bpf/progs/verifier_ldsx.c  |    8 +-
 .../selftests/bpf/progs/verifier_may_goto_1.c      |   12 +-
 .../selftests/bpf/progs/verifier_private_stack.c   |   25 +-
 .../selftests/bpf/progs/verifier_ref_tracking.c    |    6 +-
 tools/testing/selftests/bpf/progs/verifier_sdiv.c  |   64 +-
 .../selftests/bpf/progs/verifier_stack_arg.c       |  447 ++++
 .../selftests/bpf/progs/verifier_stack_arg_order.c |  185 ++
 .../testing/selftests/bpf/progs/verifier_subreg.c  |    6 +-
 .../selftests/bpf/progs/verifier_vfs_reject.c      |    8 +-
 tools/testing/selftests/bpf/progs/wakeup_source.h  |   22 +
 .../selftests/bpf/progs/wakeup_source_fail.c       |   76 +
 tools/testing/selftests/bpf/progs/wq_failures.c    |    2 +-
 tools/testing/selftests/bpf/progs/xdp_flowtable.c  |    7 +-
 tools/testing/selftests/bpf/progs/xdp_lb_bench.c   |  647 +++++
 tools/testing/selftests/bpf/progs/xdping_kern.c    |  183 --
 .../testing/selftests/bpf/test_kmods/bpf_testmod.c |   72 +
 .../selftests/bpf/test_kmods/bpf_testmod_kfunc.h   |   26 +
 tools/testing/selftests/bpf/test_loader.c          |  187 +-
 tools/testing/selftests/bpf/test_progs.c           |    2 +-
 tools/testing/selftests/bpf/test_progs.h           |    2 +
 tools/testing/selftests/bpf/test_xdping.sh         |  103 -
 tools/testing/selftests/bpf/uprobe_multi.c         |    4 +-
 tools/testing/selftests/bpf/verifier/calls.c       |   14 +-
 tools/testing/selftests/bpf/verifier/sleepable.c   |   17 +-
 tools/testing/selftests/bpf/veristat.c             |   13 +-
 tools/testing/selftests/bpf/xdp_lb_bench_common.h  |  112 +
 tools/testing/selftests/bpf/xdping.c               |  254 --
 tools/testing/selftests/bpf/xdping.h               |   13 -
 192 files changed, 12094 insertions(+), 3044 deletions(-)
 create mode 100644 include/linux/cnum.h
 create mode 100644 kernel/bpf/cnum.c
 create mode 100644 kernel/bpf/cnum_defs.h
 create mode 100644 tools/testing/selftests/bpf/bench_bpf_timing.h
 create mode 100644 tools/testing/selftests/bpf/benchs/bench_bpf_nop.c
 create mode 100644 tools/testing/selftests/bpf/benchs/bench_bpf_timing.c
 create mode 100644 tools/testing/selftests/bpf/benchs/bench_xdp_lb.c
 create mode 100755 tools/testing/selftests/bpf/benchs/run_bench_xdp_lb.sh
 create mode 100644 tools/testing/selftests/bpf/default.profraw
 create mode 100644 tools/testing/selftests/bpf/libarena/Makefile
 rename tools/testing/selftests/bpf/{ => libarena/include}/bpf_arena_common.h (100%)
 rename tools/testing/selftests/bpf/{progs => libarena/include}/bpf_arena_spin_lock.h (98%)
 rename tools/testing/selftests/bpf/{ => libarena/include}/bpf_atomic.h (98%)
 create mode 100644 tools/testing/selftests/bpf/libarena/include/bpf_may_goto.h
 create mode 100644 tools/testing/selftests/bpf/libarena/include/libarena/asan.h
 create mode 100644 tools/testing/selftests/bpf/libarena/include/libarena/buddy.h
 create mode 100644 tools/testing/selftests/bpf/libarena/include/libarena/common.h
 create mode 100644 tools/testing/selftests/bpf/libarena/include/libarena/userspace.h
 create mode 100644 tools/testing/selftests/bpf/libarena/selftests/st_asan_buddy.bpf.c
 create mode 100644 tools/testing/selftests/bpf/libarena/selftests/st_asan_common.h
 create mode 100644 tools/testing/selftests/bpf/libarena/selftests/st_buddy.bpf.c
 create mode 100644 tools/testing/selftests/bpf/libarena/selftests/test_progs_compat.h
 create mode 100644 tools/testing/selftests/bpf/libarena/src/asan.bpf.c
 create mode 100644 tools/testing/selftests/bpf/libarena/src/buddy.bpf.c
 create mode 100644 tools/testing/selftests/bpf/libarena/src/common.bpf.c
 create mode 100644 tools/testing/selftests/bpf/prog_tests/libarena.c
 create mode 100644 tools/testing/selftests/bpf/prog_tests/libarena_asan.c
 create mode 100644 tools/testing/selftests/bpf/prog_tests/sleepable_tracepoints.c
 create mode 100644 tools/testing/selftests/bpf/prog_tests/stack_arg.c
 create mode 100644 tools/testing/selftests/bpf/prog_tests/stack_arg_fail.c
 create mode 100644 tools/testing/selftests/bpf/prog_tests/stack_arg_precision.c
 create mode 100644 tools/testing/selftests/bpf/prog_tests/wakeup_source.c
 create mode 100644 tools/testing/selftests/bpf/progs/bench_bpf_timing.bpf.h
 create mode 100644 tools/testing/selftests/bpf/progs/bpf_nop_bench.c
 create mode 100644 tools/testing/selftests/bpf/progs/btf__stack_arg_precision.c
 create mode 100644 tools/testing/selftests/bpf/progs/btf__verifier_stack_arg_order.c
 create mode 100644 tools/testing/selftests/bpf/progs/stack_arg.c
 create mode 100644 tools/testing/selftests/bpf/progs/stack_arg_fail.c
 create mode 100644 tools/testing/selftests/bpf/progs/stack_arg_kfunc.c
 create mode 100644 tools/testing/selftests/bpf/progs/stack_arg_precision.c
 create mode 100644 tools/testing/selftests/bpf/progs/test_sleepable_tracepoints.c
 create mode 100644 tools/testing/selftests/bpf/progs/test_sleepable_tracepoints_fail.c
 create mode 100644 tools/testing/selftests/bpf/progs/test_wakeup_source.c
 create mode 100644 tools/testing/selftests/bpf/progs/verifier_stack_arg.c
 create mode 100644 tools/testing/selftests/bpf/progs/verifier_stack_arg_order.c
 create mode 100644 tools/testing/selftests/bpf/progs/wakeup_source.h
 create mode 100644 tools/testing/selftests/bpf/progs/wakeup_source_fail.c
 create mode 100644 tools/testing/selftests/bpf/progs/xdp_lb_bench.c
 delete mode 100644 tools/testing/selftests/bpf/progs/xdping_kern.c
 delete mode 100755 tools/testing/selftests/bpf/test_xdping.sh
 create mode 100644 tools/testing/selftests/bpf/xdp_lb_bench_common.h
 delete mode 100644 tools/testing/selftests/bpf/xdping.c
 delete mode 100644 tools/testing/selftests/bpf/xdping.h
$ git am -3 ../patches/0001-perf-Fixup-for-btf_vlan-API-change.patch
Applying: perf: Fixup for btf_vlan() API change
$ git reset HEAD^
Unstaged changes after reset:
M	tools/perf/builtin-trace.c
M	tools/perf/util/btf.c
$ git add -A .
$ git commit -v -a --amend
warning: notes ref refs/notes/commits is invalid
[master bc82688d26ca6] Merge branch 'for-next' of https://git.kernel.org/pub/scm/linux/kernel/git/bpf/bpf-next.git
 Date: Mon May 18 15:40:09 2026 +0100
Merging ipsec-next/master (a77d172177f37 xfrm: cleanup error path in xfrm_add_policy())
$ git merge -m Merge branch 'master' of https://git.kernel.org/pub/scm/linux/kernel/git/klassert/ipsec-next.git ipsec-next/master
Auto-merging net/xfrm/xfrm_user.c
Merge made by the 'ort' strategy.
 net/xfrm/xfrm_user.c | 5 ++---
 1 file changed, 2 insertions(+), 3 deletions(-)
Merging mlx5-next/mlx5-next (02c54621e81cc net/mlx5: Extend query_esw_functions output for multi-function support)
$ git merge -m Merge branch 'mlx5-next' of https://git.kernel.org/pub/scm/linux/kernel/git/mellanox/linux.git mlx5-next/mlx5-next
Already up to date.
Merging netfilter-next/main (8b2feced65cd3 Merge branch 'net-dsa-microchip-remove-one-indirection-layer')
$ git merge -m Merge branch 'main' of https://git.kernel.org/pub/scm/linux/kernel/git/netfilter/nf-next.git netfilter-next/main
Already up to date.
Merging ipvs-next/main (8b2feced65cd3 Merge branch 'net-dsa-microchip-remove-one-indirection-layer')
$ git merge -m Merge branch 'main' of https://git.kernel.org/pub/scm/linux/kernel/git/horms/ipvs-next.git ipvs-next/main
Already up to date.
Merging bluetooth/master (6aba94a49bc9c Bluetooth: ISO: drop ISO_END frames received without prior ISO_START)
$ git merge -m Merge branch 'master' of https://git.kernel.org/pub/scm/linux/kernel/git/bluetooth/bluetooth-next.git bluetooth/master
Auto-merging arch/arm/configs/pxa_defconfig
Auto-merging drivers/bluetooth/btintel_pcie.c
Auto-merging drivers/bluetooth/btintel_pcie.h
Auto-merging drivers/bluetooth/btmtk.c
CONFLICT (content): Merge conflict in drivers/bluetooth/btmtk.c
Auto-merging net/bluetooth/bnep/core.c
Auto-merging net/bluetooth/iso.c
Auto-merging net/bluetooth/l2cap_core.c
Auto-merging net/bluetooth/l2cap_sock.c
Auto-merging net/bluetooth/sco.c
Resolved 'drivers/bluetooth/btmtk.c' using previous resolution.
Automatic merge failed; fix conflicts and then commit the result.
$ git commit --no-edit -v -a
[master 0a398a43d3f61] Merge branch 'master' of https://git.kernel.org/pub/scm/linux/kernel/git/bluetooth/bluetooth-next.git
$ git diff -M --stat --summary HEAD^..
 arch/arm/configs/pxa_defconfig              |   3 -
 arch/arm/configs/spitz_defconfig            |   3 -
 arch/loongarch/configs/loongson32_defconfig |   3 -
 arch/loongarch/configs/loongson64_defconfig |   3 -
 arch/mips/configs/mtx1_defconfig            |   3 -
 arch/powerpc/configs/ppc6xx_defconfig       |   3 -
 drivers/bluetooth/Kconfig                   |  42 +-
 drivers/bluetooth/Makefile                  |   3 -
 drivers/bluetooth/bluecard_cs.c             | 908 ----------------------------
 drivers/bluetooth/bt3c_cs.c                 | 749 -----------------------
 drivers/bluetooth/btintel.c                 |  10 +-
 drivers/bluetooth/btintel.h                 |   7 +
 drivers/bluetooth/btintel_pcie.c            | 223 +++++--
 drivers/bluetooth/btintel_pcie.h            |  10 +-
 drivers/bluetooth/btmtk.c                   |  27 +-
 drivers/bluetooth/btmtk.h                   |   7 +
 drivers/bluetooth/btrtl.c                   |  13 +
 drivers/bluetooth/btusb.c                   |  14 +
 drivers/bluetooth/dtl1_cs.c                 | 614 -------------------
 drivers/bluetooth/hci_qca.c                 |  33 +-
 include/net/bluetooth/bluetooth.h           |   1 +
 net/bluetooth/6lowpan.c                     |  25 +-
 net/bluetooth/Kconfig                       |   6 +-
 net/bluetooth/af_bluetooth.c                |  89 ++-
 net/bluetooth/bnep/core.c                   |   2 +-
 net/bluetooth/hci_sock.c                    |  26 +-
 net/bluetooth/hci_sync.c                    |   6 +-
 net/bluetooth/iso.c                         |  32 +-
 net/bluetooth/l2cap_core.c                  |   2 +-
 net/bluetooth/l2cap_sock.c                  |  61 +-
 net/bluetooth/rfcomm/sock.c                 |  30 +-
 net/bluetooth/sco.c                         |  59 +-
 net/bluetooth/smp.c                         | 180 ++----
 33 files changed, 553 insertions(+), 2644 deletions(-)
 delete mode 100644 drivers/bluetooth/bluecard_cs.c
 delete mode 100644 drivers/bluetooth/bt3c_cs.c
 delete mode 100644 drivers/bluetooth/dtl1_cs.c
Merging wireless-next/for-next (6a4c4656b0d2d Merge git://git.kernel.org/pub/scm/linux/kernel/git/netdev/net)
$ git merge -m Merge branch 'for-next' of https://git.kernel.org/pub/scm/linux/kernel/git/wireless/wireless-next.git wireless-next/for-next
Already up to date.
Merging ath-next/for-next (db17e958184be wifi: ath: Fix the license marking)
$ git merge -m Merge branch 'for-next' of https://git.kernel.org/pub/scm/linux/kernel/git/ath/ath.git ath-next/for-next
Auto-merging drivers/net/wireless/ath/ath12k/core.c
Auto-merging drivers/net/wireless/ath/ath12k/dp_rx.c
Auto-merging drivers/net/wireless/ath/ath12k/mac.c
Auto-merging drivers/net/wireless/ath/ath12k/wmi.c
Merge made by the 'ort' strategy.
 drivers/net/wireless/ath/ath10k/core.h             |   1 -
 drivers/net/wireless/ath/ath10k/leds.c             |   8 +-
 drivers/net/wireless/ath/ath10k/qmi.c              |   4 +-
 drivers/net/wireless/ath/ath10k/qmi_wlfw_v01.h     |   1 -
 drivers/net/wireless/ath/ath11k/Kconfig            |   2 +-
 drivers/net/wireless/ath/ath11k/mhi.c              |   4 +-
 drivers/net/wireless/ath/ath11k/pci.c              |   8 +
 drivers/net/wireless/ath/ath11k/qmi.c              |   3 +-
 drivers/net/wireless/ath/ath11k/qmi.h              |   1 -
 drivers/net/wireless/ath/ath12k/Kconfig            |   6 +-
 drivers/net/wireless/ath/ath12k/core.c             |  50 ++--
 drivers/net/wireless/ath/ath12k/core.h             |   4 +-
 drivers/net/wireless/ath/ath12k/dp_rx.c            |  68 ++++--
 drivers/net/wireless/ath/ath12k/mac.c              |  64 ++++--
 drivers/net/wireless/ath/ath12k/qmi.c              |   2 +-
 drivers/net/wireless/ath/ath12k/qmi.h              |   1 -
 drivers/net/wireless/ath/ath12k/thermal.c          | 252 ++++++++++++++++++---
 drivers/net/wireless/ath/ath12k/thermal.h          |  35 +++
 drivers/net/wireless/ath/ath12k/wmi.c              | 140 ++++++++++--
 drivers/net/wireless/ath/ath12k/wmi.h              |  53 ++++-
 drivers/net/wireless/ath/ath9k/ar9002_hw.c         |   6 +-
 .../net/wireless/ath/ath9k/ath9k_pci_owl_loader.c  |  31 +--
 drivers/net/wireless/ath/ath9k/common-init.c       |   8 +-
 drivers/net/wireless/ath/ath9k/init.c              |  11 +-
 drivers/net/wireless/ath/ath9k/recv.c              |   4 +-
 drivers/net/wireless/ath/ath9k/xmit.c              |   7 +-
 26 files changed, 581 insertions(+), 193 deletions(-)
Merging iwlwifi-next/next (ce2b645bb3099 wifi: iwlwifi: mld: disallow puncturing in US/CA for WH)
$ git merge -m Merge branch 'next' of https://git.kernel.org/pub/scm/linux/kernel/git/iwlwifi/iwlwifi-next.git iwlwifi-next/next
Auto-merging drivers/net/wireless/intel/iwlwifi/mld/d3.c
Auto-merging drivers/net/wireless/intel/iwlwifi/mld/link.c
Auto-merging drivers/net/wireless/intel/iwlwifi/mld/tx.c
Auto-merging drivers/net/wireless/intel/iwlwifi/pcie/gen1_2/trans-gen2.c
Merge made by the 'ort' strategy.
 drivers/net/wireless/intel/iwlwifi/cfg/22000.c     |  23 +-
 drivers/net/wireless/intel/iwlwifi/cfg/7000.c      |   5 +-
 drivers/net/wireless/intel/iwlwifi/cfg/8000.c      |   5 +-
 drivers/net/wireless/intel/iwlwifi/cfg/9000.c      |   5 +-
 drivers/net/wireless/intel/iwlwifi/cfg/ax210.c     |  38 +-
 drivers/net/wireless/intel/iwlwifi/cfg/bz.c        |  19 +-
 drivers/net/wireless/intel/iwlwifi/cfg/dr.c        |  19 +-
 drivers/net/wireless/intel/iwlwifi/cfg/rf-fm.c     |   6 +-
 drivers/net/wireless/intel/iwlwifi/cfg/rf-gf.c     |  17 -
 drivers/net/wireless/intel/iwlwifi/cfg/rf-hr.c     |  30 +-
 drivers/net/wireless/intel/iwlwifi/cfg/rf-pe.c     |  22 +-
 drivers/net/wireless/intel/iwlwifi/cfg/rf-wh.c     |   6 +-
 drivers/net/wireless/intel/iwlwifi/cfg/sc.c        |  22 +-
 .../net/wireless/intel/iwlwifi/fw/api/commands.h   |  13 +-
 .../net/wireless/intel/iwlwifi/fw/api/datapath.h   |   9 +-
 .../net/wireless/intel/iwlwifi/fw/api/location.h   |   7 +-
 .../net/wireless/intel/iwlwifi/fw/api/mac-cfg.h    | 184 ++++-
 drivers/net/wireless/intel/iwlwifi/fw/api/power.h  |  48 +-
 drivers/net/wireless/intel/iwlwifi/fw/api/rx.h     |  40 +-
 drivers/net/wireless/intel/iwlwifi/fw/api/sta.h    |   3 +-
 drivers/net/wireless/intel/iwlwifi/fw/api/stats.h  |  90 ++-
 drivers/net/wireless/intel/iwlwifi/fw/debugfs.c    |  15 +-
 drivers/net/wireless/intel/iwlwifi/fw/file.h       |  10 +-
 drivers/net/wireless/intel/iwlwifi/fw/img.h        |   3 +-
 drivers/net/wireless/intel/iwlwifi/fw/regulatory.c |   7 +-
 drivers/net/wireless/intel/iwlwifi/fw/rs.c         |   5 +-
 drivers/net/wireless/intel/iwlwifi/iwl-config.h    |   7 +-
 drivers/net/wireless/intel/iwlwifi/iwl-csr.h       |   3 +-
 drivers/net/wireless/intel/iwlwifi/iwl-drv.c       |  14 +-
 drivers/net/wireless/intel/iwlwifi/iwl-io.c        |  18 +-
 drivers/net/wireless/intel/iwlwifi/iwl-io.h        |   4 +-
 drivers/net/wireless/intel/iwlwifi/iwl-nvm-parse.c | 150 +++--
 drivers/net/wireless/intel/iwlwifi/iwl-nvm-parse.h |   2 +
 drivers/net/wireless/intel/iwlwifi/iwl-nvm-utils.h |   9 +-
 drivers/net/wireless/intel/iwlwifi/iwl-prph.h      |   7 +-
 drivers/net/wireless/intel/iwlwifi/iwl-trans.c     |   2 -
 drivers/net/wireless/intel/iwlwifi/mld/agg.c       |   9 +
 drivers/net/wireless/intel/iwlwifi/mld/ap.c        |  58 +-
 drivers/net/wireless/intel/iwlwifi/mld/ap.h        |   8 +-
 drivers/net/wireless/intel/iwlwifi/mld/d3.c        | 166 ++++-
 drivers/net/wireless/intel/iwlwifi/mld/d3.h        |   6 +-
 drivers/net/wireless/intel/iwlwifi/mld/debugfs.c   |  74 +-
 drivers/net/wireless/intel/iwlwifi/mld/iface.c     | 187 +++++-
 drivers/net/wireless/intel/iwlwifi/mld/iface.h     |  62 +-
 drivers/net/wireless/intel/iwlwifi/mld/key.c       | 168 +++--
 drivers/net/wireless/intel/iwlwifi/mld/link.c      | 547 +++++++++++++--
 drivers/net/wireless/intel/iwlwifi/mld/link.h      |  34 +-
 drivers/net/wireless/intel/iwlwifi/mld/mac80211.c  | 362 ++++++----
 drivers/net/wireless/intel/iwlwifi/mld/mcc.c       |  13 +-
 drivers/net/wireless/intel/iwlwifi/mld/mld.c       |  11 +-
 drivers/net/wireless/intel/iwlwifi/mld/mld.h       |  16 +-
 drivers/net/wireless/intel/iwlwifi/mld/mlo.c       |  29 +-
 drivers/net/wireless/intel/iwlwifi/mld/nan.c       | 748 ++++++++++++++++++++-
 drivers/net/wireless/intel/iwlwifi/mld/nan.h       |  41 +-
 drivers/net/wireless/intel/iwlwifi/mld/notif.c     |  31 +-
 drivers/net/wireless/intel/iwlwifi/mld/phy.c       |  24 +-
 drivers/net/wireless/intel/iwlwifi/mld/power.c     | 210 ++++--
 drivers/net/wireless/intel/iwlwifi/mld/ptp.c       |   2 +-
 drivers/net/wireless/intel/iwlwifi/mld/rx.c        |  44 +-
 drivers/net/wireless/intel/iwlwifi/mld/rx.h        |   7 +-
 drivers/net/wireless/intel/iwlwifi/mld/sta.c       | 247 +++++--
 drivers/net/wireless/intel/iwlwifi/mld/sta.h       |  32 +-
 drivers/net/wireless/intel/iwlwifi/mld/stats.c     | 108 ++-
 .../net/wireless/intel/iwlwifi/mld/tests/Makefile  |   1 +
 .../intel/iwlwifi/mld/tests/chan_load_thresh.c     | 139 ++++
 .../intel/iwlwifi/mld/tests/link-selection.c       |   6 +-
 .../net/wireless/intel/iwlwifi/mld/tests/utils.c   |   8 +-
 drivers/net/wireless/intel/iwlwifi/mld/tlc.c       | 410 +++++++----
 drivers/net/wireless/intel/iwlwifi/mld/tx.c        |  51 +-
 drivers/net/wireless/intel/iwlwifi/mvm/mvm.h       |   4 +-
 drivers/net/wireless/intel/iwlwifi/mvm/ops.c       |   4 +-
 drivers/net/wireless/intel/iwlwifi/mvm/power.c     |  14 +-
 drivers/net/wireless/intel/iwlwifi/mvm/ptp.c       |   2 +-
 drivers/net/wireless/intel/iwlwifi/mvm/rx.c        |   9 +-
 drivers/net/wireless/intel/iwlwifi/pcie/drv.c      |  10 +-
 .../intel/iwlwifi/pcie/gen1_2/trans-gen2.c         |   9 +-
 .../net/wireless/intel/iwlwifi/pcie/gen1_2/trans.c |  39 +-
 77 files changed, 3913 insertions(+), 904 deletions(-)
 create mode 100644 drivers/net/wireless/intel/iwlwifi/mld/tests/chan_load_thresh.c
Merging wpan-next/master (1dd9291eb9037 ieee802154: Remove WARN_ON() in cfg802154_pernet_exit())
$ git merge -m Merge branch 'master' of https://git.kernel.org/pub/scm/linux/kernel/git/wpan/wpan-next.git wpan-next/master
Merge made by the 'ort' strategy.
 net/ieee802154/core.c | 49 ++++++++++++++++++++++++++++---------------------
 1 file changed, 28 insertions(+), 21 deletions(-)
Merging wpan-staging/staging (1dd9291eb9037 ieee802154: Remove WARN_ON() in cfg802154_pernet_exit())
$ git merge -m Merge branch 'staging' of https://git.kernel.org/pub/scm/linux/kernel/git/wpan/wpan-next.git wpan-staging/staging
Already up to date.
Merging mtd/mtd/next (87eee18f2974c mtd: sm_ftl: allocate cis_buffer with main struct)
$ git merge -m Merge branch 'mtd/next' of https://git.kernel.org/pub/scm/linux/kernel/git/mtd/linux.git mtd/mtd/next
Merge made by the 'ort' strategy.
 drivers/mtd/mtdoops.c        |  7 +++----
 drivers/mtd/mtdsuper.c       |  8 ++++----
 drivers/mtd/nand/raw/Kconfig |  2 +-
 drivers/mtd/sm_ftl.c         | 30 +++++++++++-------------------
 drivers/mtd/sm_ftl.h         |  2 +-
 5 files changed, 20 insertions(+), 29 deletions(-)
Merging nand/nand/next (9e3997d3ab661 mtd: spinand: Prevent continuous reads on some controllers)
$ git merge -m Merge branch 'nand/next' of https://git.kernel.org/pub/scm/linux/kernel/git/mtd/linux.git nand/nand/next
Merge made by the 'ort' strategy.
 drivers/mtd/nand/spi/core.c    | 147 ++++++++++++-------
 drivers/mtd/nand/spi/winbond.c | 317 ++++++++++++++++++++++++++++++++---------
 drivers/mtd/spi-nor/core.c     |  22 +--
 drivers/spi/spi-airoha-snfi.c  |   6 +-
 drivers/spi/spi-aspeed-smc.c   |   4 +-
 drivers/spi/spi-intel.c        |   6 +-
 drivers/spi/spi-mem.c          |  32 ++++-
 drivers/spi/spi-mxic.c         |  18 +--
 drivers/spi/spi-npcm-fiu.c     |  16 +--
 drivers/spi/spi-rpc-if.c       |   8 +-
 drivers/spi/spi-stm32-ospi.c   |   6 +-
 drivers/spi/spi-stm32-qspi.c   |   6 +-
 drivers/spi/spi-wpcm-fiu.c     |   2 +-
 include/linux/mtd/spinand.h    |  16 ++-
 include/linux/spi/spi-mem.h    |  12 +-
 15 files changed, 446 insertions(+), 172 deletions(-)
Merging spi-nor/spi-nor/next (254f49634ee16 Linux 7.1-rc1)
$ git merge -m Merge branch 'spi-nor/next' of https://git.kernel.org/pub/scm/linux/kernel/git/mtd/linux.git spi-nor/spi-nor/next
Already up to date.
Merging crypto/master (6c9dddeb582fd crypto: krb5 - filter out async aead implementations at alloc)
$ git merge -m Merge branch 'master' of https://git.kernel.org/pub/scm/linux/kernel/git/herbert/cryptodev-2.6.git crypto/master
Auto-merging Documentation/devicetree/bindings/trivial-devices.yaml
Merge made by the 'ort' strategy.
 Documentation/crypto/api-samples.rst               |    2 +-
 Documentation/crypto/userspace-if.rst              |  107 +-
 .../devicetree/bindings/crypto/qcom,prng.yaml      |    2 +
 .../devicetree/bindings/crypto/qcom-qce.yaml       |    4 +
 Documentation/devicetree/bindings/rng/mtk-rng.yaml |   43 +-
 .../devicetree/bindings/trivial-devices.yaml       |    4 +-
 arch/m68k/configs/amiga_defconfig                  |    2 -
 arch/m68k/configs/apollo_defconfig                 |    2 -
 arch/m68k/configs/atari_defconfig                  |    2 -
 arch/m68k/configs/bvme6000_defconfig               |    2 -
 arch/m68k/configs/hp300_defconfig                  |    2 -
 arch/m68k/configs/mac_defconfig                    |    2 -
 arch/m68k/configs/multi_defconfig                  |    2 -
 arch/m68k/configs/mvme147_defconfig                |    2 -
 arch/m68k/configs/mvme16x_defconfig                |    2 -
 arch/m68k/configs/q40_defconfig                    |    2 -
 arch/m68k/configs/sun3_defconfig                   |    2 -
 arch/m68k/configs/sun3x_defconfig                  |    2 -
 arch/mips/configs/decstation_64_defconfig          |    2 -
 arch/mips/configs/decstation_defconfig             |    2 -
 arch/mips/configs/decstation_r4k_defconfig         |    2 -
 crypto/Kconfig                                     |  109 +-
 crypto/Makefile                                    |    5 +
 crypto/acompress.c                                 |    8 +-
 crypto/aead.c                                      |   10 +-
 crypto/af_alg.c                                    |   71 +-
 crypto/ahash.c                                     |    8 +-
 crypto/akcipher.c                                  |    8 +-
 crypto/algif_aead.c                                |    8 +-
 crypto/asymmetric_keys/Kconfig                     |    1 -
 crypto/asymmetric_keys/verify_pefile.c             |    2 +
 crypto/authencesn.c                                |   33 +-
 crypto/crypto_null.c                               |   35 +-
 crypto/crypto_user.c                               |   14 +-
 crypto/df_sp80090a.c                               |    8 +-
 crypto/drbg.c                                      | 1819 +++-----------------
 crypto/ecrdsa.c                                    |    2 +-
 crypto/jitterentropy.c                             |    6 +-
 crypto/kpp.c                                       |    8 +-
 crypto/krb5/krb5_api.c                             |    2 +-
 crypto/lskcipher.c                                 |   10 +-
 crypto/rng.c                                       |    8 +-
 crypto/scompress.c                                 |    8 +-
 crypto/shash.c                                     |    8 +-
 crypto/sig.c                                       |    6 +-
 crypto/skcipher.c                                  |   10 +-
 crypto/testmgr.c                                   |  160 +-
 crypto/testmgr.h                                   | 1080 +++---------
 drivers/char/hw_random/amd-rng.c                   |    6 +-
 drivers/char/hw_random/cavium-rng.c                |    4 +-
 drivers/char/hw_random/core.c                      |   30 +-
 drivers/char/hw_random/geode-rng.c                 |    4 +-
 drivers/char/hw_random/mtk-rng.c                   |  125 +-
 drivers/crypto/allwinner/Kconfig                   |    2 -
 drivers/crypto/allwinner/sun4i-ss/sun4i-ss-core.c  |    8 +
 drivers/crypto/allwinner/sun8i-ce/sun8i-ce-core.c  |   12 +
 drivers/crypto/allwinner/sun8i-ss/sun8i-ss-core.c  |   12 +
 drivers/crypto/amlogic/amlogic-gxl-core.c          |    2 +-
 drivers/crypto/atmel-ecc.c                         |   17 +-
 drivers/crypto/atmel-sha204a.c                     |   35 +-
 drivers/crypto/axis/artpec6_crypto.c               |   21 +-
 drivers/crypto/caam/caamalg.c                      |   12 +-
 drivers/crypto/caam/caamalg_qi.c                   |   12 +-
 drivers/crypto/caam/caamalg_qi2.c                  |   12 +-
 drivers/crypto/caam/caamhash.c                     |    4 +-
 drivers/crypto/caam/key_gen.c                      |    4 +-
 drivers/crypto/cavium/cpt/cptpf_main.c             |    2 +-
 drivers/crypto/cavium/cpt/cptvf_main.c             |    6 +-
 drivers/crypto/cavium/nitrox/nitrox_main.c         |    4 +-
 drivers/crypto/ccp/psp-dev.c                       |   12 +-
 drivers/crypto/ccp/sev-dev-tsm.c                   |   13 +-
 drivers/crypto/ccp/sev-dev.c                       |   96 +-
 drivers/crypto/ccp/sp-pci.c                        |   28 +-
 drivers/crypto/ccree/cc_aead.c                     |    9 +-
 drivers/crypto/ccree/cc_cipher.c                   |    7 +-
 drivers/crypto/ccree/cc_hash.c                     |   13 +-
 drivers/crypto/inside-secure/safexcel.c            |    4 +-
 drivers/crypto/intel/ixp4xx/ixp4xx_crypto.c        |   25 +-
 .../crypto/intel/qat/qat_common/adf_common_drv.h   |    1 -
 .../intel/qat/qat_common/adf_heartbeat_inject.c    |    6 +-
 .../crypto/intel/qat/qat_common/adf_hw_arbiter.c   |   25 -
 drivers/crypto/marvell/cesa/cesa.c                 |   11 +-
 drivers/crypto/marvell/cesa/cesa.h                 |   42 +-
 drivers/crypto/marvell/octeontx/otx_cptpf_main.c   |    2 +-
 drivers/crypto/marvell/octeontx/otx_cptvf_main.c   |    6 +-
 drivers/crypto/marvell/octeontx2/otx2_cptpf_main.c |    2 +-
 drivers/crypto/marvell/octeontx2/otx2_cptvf_main.c |    8 +-
 drivers/crypto/omap-aes.c                          |   43 +-
 drivers/crypto/omap-des.c                          |   26 +-
 drivers/crypto/omap-sham.c                         |   27 +-
 drivers/crypto/starfive/jh7110-cryp.c              |   17 +-
 drivers/crypto/talitos.c                           |  592 ++++---
 drivers/crypto/talitos.h                           |   17 +-
 drivers/crypto/xilinx/xilinx-trng.c                |    1 -
 include/crypto/df_sp80090a.h                       |   25 +
 include/crypto/drbg.h                              |  263 ---
 include/crypto/internal/drbg.h                     |   54 -
 tools/testing/crypto/chacha20-s390/test-cipher.c   |    1 -
 98 files changed, 1497 insertions(+), 3852 deletions(-)
 delete mode 100644 include/crypto/drbg.h
 delete mode 100644 include/crypto/internal/drbg.h
Merging libcrypto/libcrypto-next (cf52058dcdd96 lib/crypto: powerpc/md5: Drop powerpc optimized MD5 code)
$ git merge -m Merge branch 'libcrypto-next' of https://git.kernel.org/pub/scm/linux/kernel/git/ebiggers/linux.git libcrypto/libcrypto-next
Merge made by the 'ort' strategy.
 lib/crypto/Kconfig           |   5 -
 lib/crypto/Makefile          |   4 -
 lib/crypto/md5.c             |  20 ++--
 lib/crypto/powerpc/md5-asm.S | 235 -------------------------------------------
 lib/crypto/powerpc/md5.h     |  12 ---
 5 files changed, 7 insertions(+), 269 deletions(-)
 delete mode 100644 lib/crypto/powerpc/md5-asm.S
 delete mode 100644 lib/crypto/powerpc/md5.h
Merging drm/drm-next (1f863fe67343e Merge tag 'drm-intel-next-2026-05-14' of https://gitlab.freedesktop.org/drm/i915/kernel into drm-next)
$ git merge -m Merge branch 'drm-next' of https://gitlab.freedesktop.org/drm/kernel.git drm/drm-next
Auto-merging Documentation/devicetree/bindings/vendor-prefixes.yaml
Auto-merging Documentation/gpu/drm-uapi.rst
Auto-merging MAINTAINERS
Auto-merging drivers/accel/ivpu/ivpu_drv.c
Auto-merging drivers/accel/qaic/qaic_data.c
Auto-merging drivers/accel/qaic/qaic_ras.c
Auto-merging drivers/gpu/drm/amd/amdgpu/amdgpu_drv.c
Auto-merging drivers/gpu/drm/amd/amdgpu/gfx_v12_0.c
Auto-merging drivers/gpu/drm/amd/amdgpu/gfx_v9_0.c
Auto-merging drivers/gpu/drm/amd/amdgpu/mes_userqueue.c
Auto-merging drivers/gpu/drm/amd/amdgpu/sdma_v4_0.c
Auto-merging drivers/gpu/drm/amd/amdkfd/kfd_chardev.c
Auto-merging drivers/gpu/drm/amd/amdkfd/kfd_device.c
Auto-merging drivers/gpu/drm/amd/amdkfd/kfd_device_queue_manager.c
Auto-merging drivers/gpu/drm/amd/amdkfd/kfd_priv.h
Auto-merging drivers/gpu/drm/amd/display/dc/resource/dcn32/dcn32_resource.c
Auto-merging drivers/gpu/drm/bridge/imx/imx8qxp-pxl2dpi.c
Auto-merging drivers/gpu/drm/drm_fb_helper.c
Auto-merging drivers/gpu/drm/drm_gem.c
Auto-merging drivers/gpu/drm/etnaviv/etnaviv_sched.c
Auto-merging drivers/gpu/drm/hyperv/hyperv_drm_modeset.c
Auto-merging drivers/gpu/drm/i915/display/intel_dp.c
Auto-merging drivers/gpu/drm/i915/gt/intel_reset.c
Auto-merging drivers/gpu/drm/i915/i915_driver.c
Auto-merging drivers/gpu/drm/msm/disp/dpu1/dpu_writeback.c
Auto-merging drivers/gpu/drm/msm/disp/msm_disp_snapshot_util.c
Auto-merging drivers/gpu/drm/panel/Kconfig
Auto-merging drivers/gpu/drm/panel/panel-himax-hx83102.c
Auto-merging drivers/gpu/drm/panfrost/panfrost_drv.c
Auto-merging drivers/gpu/drm/tiny/bochs.c
Auto-merging drivers/gpu/drm/xe/xe_bo.c
Auto-merging drivers/gpu/drm/xe/xe_bo_types.h
Auto-merging drivers/gpu/drm/xe/xe_gt_types.h
Auto-merging drivers/gpu/drm/xe/xe_guc_ads.c
Auto-merging drivers/gpu/drm/xe/xe_lrc.c
Auto-merging drivers/gpu/drm/xe/xe_lrc.h
Auto-merging drivers/gpu/drm/xe/xe_migrate.c
CONFLICT (content): Merge conflict in drivers/gpu/drm/xe/xe_migrate.c
Auto-merging drivers/gpu/drm/xe/xe_pci.c
Auto-merging drivers/gpu/drm/xe/xe_vm.c
Resolved 'drivers/gpu/drm/xe/xe_migrate.c' using previous resolution.
Automatic merge failed; fix conflicts and then commit the result.
$ git commit --no-edit -v -a
[master 0998e3719dc4e] Merge branch 'drm-next' of https://gitlab.freedesktop.org/drm/kernel.git
$ git diff -M --stat --summary HEAD^..
 Documentation/ABI/obsolete/sysfs-driver-ivpu       |    30 +
 Documentation/ABI/testing/sysfs-driver-ivpu        |    65 +
 Documentation/accel/amdxdna/amdnpu.rst             |    25 +
 .../bindings/display/bridge/lontium,lt9211.yaml    |    43 +-
 .../bindings/display/bridge/lvds-codec.yaml        |     1 +
 .../bindings/display/bridge/simple-bridge.yaml     |     1 +
 .../bindings/display/bridge/waveshare,dsi2dpi.yaml |     9 +-
 .../display/panel/chipwealth,ch13726a.yaml         |    67 +
 .../bindings/display/panel/focaltech,ota7290b.yaml |    70 +
 .../bindings/display/panel/himax,hx83102.yaml      |     2 +
 .../bindings/display/panel/himax,hx8394.yaml       |     2 +
 .../bindings/display/panel/ilitek,ili9881c.yaml    |     2 +
 .../bindings/display/panel/jadard,jd9365da-h3.yaml |     6 +
 .../bindings/display/panel/novatek,nt35532.yaml    |    80 +
 .../bindings/display/panel/panel-simple-dsi.yaml   |     2 +
 .../bindings/display/panel/panel-simple.yaml       |    32 +
 .../devicetree/bindings/gpu/arm,mali-bifrost.yaml  |     2 +
 .../devicetree/bindings/vendor-prefixes.yaml       |     2 +
 Documentation/gpu/amdgpu/amdgpu-glossary.rst       |     9 +-
 Documentation/gpu/amdgpu/index.rst                 |     1 +
 Documentation/gpu/amdgpu/ptl.rst                   |    94 +
 Documentation/gpu/driver-uapi.rst                  |     2 +
 Documentation/gpu/drivers.rst                      |     1 +
 Documentation/gpu/drm-internals.rst                |     2 +
 Documentation/gpu/drm-kms-helpers.rst              |     2 +
 Documentation/gpu/drm-kms.rst                      |    19 +-
 Documentation/gpu/drm-mm.rst                       |     2 +
 Documentation/gpu/drm-ras.rst                      |    10 +
 Documentation/gpu/drm-uapi.rst                     |     8 +-
 Documentation/gpu/drm-usage-stats.rst              |     3 +
 Documentation/gpu/i915.rst                         |   202 +-
 Documentation/gpu/index.rst                        |     1 +
 Documentation/gpu/intel-display/async-flip.rst     |     8 +
 Documentation/gpu/intel-display/atomic.rst         |    11 +
 Documentation/gpu/intel-display/audio.rst          |    23 +
 Documentation/gpu/intel-display/casf.rst           |     8 +
 Documentation/gpu/intel-display/cdclk.rst          |    11 +
 Documentation/gpu/intel-display/cmtg.rst           |     8 +
 Documentation/gpu/intel-display/dmc.rst            |    26 +
 Documentation/gpu/intel-display/dpio.rst           |     8 +
 Documentation/gpu/intel-display/dpll.rst           |    14 +
 Documentation/gpu/intel-display/drrs.rst           |    11 +
 Documentation/gpu/intel-display/dsb.rst            |    11 +
 Documentation/gpu/intel-display/fbc.rst            |    11 +
 Documentation/gpu/intel-display/fifo-underrun.rst  |    11 +
 Documentation/gpu/intel-display/frontbuffer.rst    |    14 +
 Documentation/gpu/intel-display/hotplug.rst        |    11 +
 Documentation/gpu/intel-display/index.rst          |    44 +
 Documentation/gpu/intel-display/plane.rst          |    11 +
 Documentation/gpu/intel-display/psr.rst            |    11 +
 Documentation/gpu/intel-display/snps-phy.rst       |     8 +
 Documentation/gpu/intel-display/vbt.rst            |    14 +
 Documentation/gpu/introduction.rst                 |     2 +
 Documentation/gpu/komeda-kms.rst                   |     8 +-
 Documentation/gpu/rfc/index.rst                    |    26 +-
 Documentation/gpu/todo.rst                         |    23 -
 Documentation/gpu/xe/index.rst                     |     6 +
 Documentation/gpu/xe/xe_gt_stats.rst               |    11 +
 Documentation/netlink/specs/drm_ras.yaml           |    13 +-
 MAINTAINERS                                        |    13 +-
 drivers/accel/amdxdna/Makefile                     |    13 +-
 drivers/accel/amdxdna/aie.c                        |   167 +
 drivers/accel/amdxdna/aie.h                        |   120 +
 drivers/accel/amdxdna/aie2_ctx.c                   |    90 +-
 drivers/accel/amdxdna/aie2_error.c                 |    24 +-
 drivers/accel/amdxdna/aie2_message.c               |   288 +-
 drivers/accel/amdxdna/aie2_msg_priv.h              |    41 +-
 drivers/accel/amdxdna/aie2_pci.c                   |   282 +-
 drivers/accel/amdxdna/aie2_pci.h                   |   153 +-
 drivers/accel/amdxdna/aie2_pm.c                    |    22 +-
 drivers/accel/amdxdna/aie2_psp.c                   |   161 -
 drivers/accel/amdxdna/aie2_smu.c                   |   156 -
 drivers/accel/amdxdna/aie2_solver.c                |    10 +-
 drivers/accel/amdxdna/aie4_ctx.c                   |   333 +
 drivers/accel/amdxdna/aie4_host_queue.h            |    24 +
 drivers/accel/amdxdna/aie4_message.c               |    83 +
 drivers/accel/amdxdna/aie4_msg_priv.h              |   147 +
 drivers/accel/amdxdna/aie4_pci.c                   |   667 +
 drivers/accel/amdxdna/aie4_pci.h                   |    89 +
 drivers/accel/amdxdna/aie4_sriov.c                 |    88 +
 drivers/accel/amdxdna/aie_psp.c                    |   235 +
 drivers/accel/amdxdna/aie_smu.c                    |   153 +
 drivers/accel/amdxdna/amdxdna_cbuf.c               |   280 +
 drivers/accel/amdxdna/amdxdna_cbuf.h               |    18 +
 drivers/accel/amdxdna/amdxdna_ctx.c                |    43 +-
 drivers/accel/amdxdna/amdxdna_ctx.h                |     8 +-
 drivers/accel/amdxdna/amdxdna_debugfs.c            |   129 +
 drivers/accel/amdxdna/amdxdna_debugfs.h            |    18 +
 drivers/accel/amdxdna/amdxdna_gem.c                |   100 +-
 drivers/accel/amdxdna/amdxdna_iommu.c              |    76 +-
 drivers/accel/amdxdna/amdxdna_mailbox.c            |    30 +-
 drivers/accel/amdxdna/amdxdna_mailbox.h            |     8 +-
 drivers/accel/amdxdna/amdxdna_pci_drv.c            |   157 +-
 drivers/accel/amdxdna/amdxdna_pci_drv.h            |    28 +-
 drivers/accel/amdxdna/amdxdna_sysfs.c              |     5 +-
 drivers/accel/amdxdna/amdxdna_ubuf.c               |    41 +-
 drivers/accel/amdxdna/npu1_regs.c                  |    30 +-
 drivers/accel/amdxdna/npu3_regs.c                  |   100 +
 drivers/accel/amdxdna/npu4_regs.c                  |    71 +-
 drivers/accel/amdxdna/npu5_regs.c                  |    10 +-
 drivers/accel/amdxdna/npu6_regs.c                  |    10 +-
 drivers/accel/ethosu/ethosu_job.c                  |     1 -
 drivers/accel/ivpu/ivpu_drv.c                      |     8 +-
 drivers/accel/ivpu/ivpu_hw.h                       |    16 +-
 drivers/accel/ivpu/ivpu_hw_btrs.c                  |   112 +-
 drivers/accel/ivpu/ivpu_hw_btrs.h                  |    10 +-
 drivers/accel/ivpu/ivpu_hw_ip.c                    |    24 +-
 drivers/accel/ivpu/ivpu_jsm_msg.c                  |    18 +-
 drivers/accel/ivpu/ivpu_jsm_msg.h                  |     3 +-
 drivers/accel/ivpu/ivpu_sysfs.c                    |   190 +-
 drivers/accel/ivpu/vpu_jsm_api.h                   |    34 +-
 drivers/accel/qaic/mhi_controller.c                |     2 +-
 drivers/accel/qaic/mhi_controller.h                |     9 +-
 drivers/accel/qaic/qaic.h                          |    13 +-
 drivers/accel/qaic/qaic_control.c                  |     2 +-
 drivers/accel/qaic/qaic_data.c                     |     2 +-
 drivers/accel/qaic/qaic_debugfs.c                  |    30 +-
 drivers/accel/qaic/qaic_debugfs.h                  |     2 +-
 drivers/accel/qaic/qaic_drv.c                      |    10 +-
 drivers/accel/qaic/qaic_ras.c                      |     1 -
 drivers/accel/qaic/qaic_ras.h                      |     1 +
 drivers/accel/qaic/qaic_ssr.c                      |     2 +-
 drivers/accel/qaic/qaic_ssr.h                      |     9 +-
 drivers/accel/qaic/qaic_timesync.c                 |     3 +-
 drivers/accel/qaic/qaic_timesync.h                 |     7 +-
 drivers/accel/qaic/sahara.c                        |     2 +-
 drivers/accel/qaic/sahara.h                        |     2 +-
 drivers/accel/rocket/rocket_job.c                  |     1 -
 drivers/dma-buf/.kunitconfig                       |     2 +
 drivers/dma-buf/Kconfig                            |    11 +-
 drivers/dma-buf/Makefile                           |     5 +-
 drivers/dma-buf/dma-fence-array.c                  |    13 +-
 drivers/dma-buf/dma-fence-unwrap.c                 |     3 +-
 drivers/dma-buf/dma-fence.c                        |     3 +-
 drivers/dma-buf/dma-resv.c                         |     3 +-
 drivers/dma-buf/selftest.c                         |   167 -
 drivers/dma-buf/selftest.h                         |    30 -
 drivers/dma-buf/selftests.h                        |    16 -
 drivers/dma-buf/st-dma-fence-chain.c               |   217 +-
 drivers/dma-buf/st-dma-fence-unwrap.c              |   292 +-
 drivers/dma-buf/st-dma-fence.c                     |   200 +-
 drivers/dma-buf/st-dma-resv.c                      |   145 +-
 drivers/dma-buf/udmabuf.c                          |    58 +-
 drivers/gpu/buddy.c                                |    11 +
 drivers/gpu/drm/adp/adp_drv.c                      |    14 +-
 drivers/gpu/drm/amd/amdgpu/Makefile                |     5 +-
 drivers/gpu/drm/amd/amdgpu/amdgpu.h                |    45 +-
 drivers/gpu/drm/amd/amdgpu/amdgpu_amdkfd.h         |    14 +
 .../gpu/drm/amd/amdgpu/amdgpu_amdkfd_gc_9_4_3.c    |    13 +-
 drivers/gpu/drm/amd/amdgpu/amdgpu_bios.c           |     4 +-
 drivers/gpu/drm/amd/amdgpu/amdgpu_cper.c           |    12 +-
 drivers/gpu/drm/amd/amdgpu/amdgpu_cs.c             |     6 +-
 drivers/gpu/drm/amd/amdgpu/amdgpu_debugfs.c        |     2 +-
 drivers/gpu/drm/amd/amdgpu/amdgpu_device.c         |    31 +-
 drivers/gpu/drm/amd/amdgpu/amdgpu_discovery.c      |    32 +
 drivers/gpu/drm/amd/amdgpu/amdgpu_discovery.h      |     2 +
 drivers/gpu/drm/amd/amdgpu/amdgpu_drv.c            |    13 +
 drivers/gpu/drm/amd/amdgpu/amdgpu_fence.c          |    26 +-
 drivers/gpu/drm/amd/amdgpu/amdgpu_gem.c            |    25 +-
 drivers/gpu/drm/amd/amdgpu/amdgpu_gfx.c            |    51 +
 drivers/gpu/drm/amd/amdgpu/amdgpu_gfx.h            |     2 +
 drivers/gpu/drm/amd/amdgpu/amdgpu_gmc.c            |    16 +-
 drivers/gpu/drm/amd/amdgpu/amdgpu_gmc.h            |     4 +
 drivers/gpu/drm/amd/amdgpu/amdgpu_ih.h             |     6 +
 drivers/gpu/drm/amd/amdgpu/amdgpu_imu.h            |     1 -
 drivers/gpu/drm/amd/amdgpu/amdgpu_job.c            |    27 +-
 drivers/gpu/drm/amd/amdgpu/amdgpu_job.h            |     5 +-
 drivers/gpu/drm/amd/amdgpu/amdgpu_mes.c            |    84 +-
 drivers/gpu/drm/amd/amdgpu/amdgpu_mes.h            |    23 +-
 drivers/gpu/drm/amd/amdgpu/amdgpu_mode.h           |     4 -
 drivers/gpu/drm/amd/amdgpu/amdgpu_nbio.c           |    10 +
 drivers/gpu/drm/amd/amdgpu/amdgpu_nbio.h           |     2 +
 drivers/gpu/drm/amd/amdgpu/amdgpu_object.c         |    18 +-
 drivers/gpu/drm/amd/amdgpu/amdgpu_psp.c            |   410 +-
 drivers/gpu/drm/amd/amdgpu/amdgpu_psp.h            |    27 +-
 drivers/gpu/drm/amd/amdgpu/amdgpu_reg_access.c     |    18 +
 drivers/gpu/drm/amd/amdgpu/amdgpu_reg_access.h     |     3 +
 drivers/gpu/drm/amd/amdgpu/amdgpu_reset.c          |     1 +
 drivers/gpu/drm/amd/amdgpu/amdgpu_reset.h          |    69 +-
 drivers/gpu/drm/amd/amdgpu/amdgpu_ring.h           |     3 +-
 drivers/gpu/drm/amd/amdgpu/amdgpu_sdma.c           |     4 +-
 drivers/gpu/drm/amd/amdgpu/amdgpu_trace.h          |     8 +-
 drivers/gpu/drm/amd/amdgpu/amdgpu_ttm.c            |   328 +-
 drivers/gpu/drm/amd/amdgpu/amdgpu_ttm.h            |    20 +-
 drivers/gpu/drm/amd/amdgpu/amdgpu_uvd.c            |     2 +-
 drivers/gpu/drm/amd/amdgpu/amdgpu_vcn.c            |    52 +-
 drivers/gpu/drm/amd/amdgpu/amdgpu_virt.h           |     4 +
 drivers/gpu/drm/amd/amdgpu/amdgpu_vkms.c           |   127 +-
 drivers/gpu/drm/amd/amdgpu/amdgpu_vm.c             |     2 +-
 drivers/gpu/drm/amd/amdgpu/amdgpu_vm.h             |     6 +-
 drivers/gpu/drm/amd/amdgpu/amdgpu_vm_cpu.c         |    11 +-
 drivers/gpu/drm/amd/amdgpu/amdgpu_vm_pt.c          |     9 -
 drivers/gpu/drm/amd/amdgpu/amdgpu_vm_sdma.c        |    19 +-
 drivers/gpu/drm/amd/amdgpu/amdgpu_vpe.c            |    25 +
 drivers/gpu/drm/amd/amdgpu/amdgpu_vpe.h            |     1 +
 drivers/gpu/drm/amd/amdgpu/amdgpu_xcp.c            |     8 +-
 drivers/gpu/drm/amd/amdgpu/amdgv_sriovmsg.h        |    13 +-
 drivers/gpu/drm/amd/amdgpu/cik_sdma.c              |    13 +-
 drivers/gpu/drm/amd/amdgpu/gfx_v10_0.c             |     5 +
 drivers/gpu/drm/amd/amdgpu/gfx_v11_0.c             |    59 +-
 drivers/gpu/drm/amd/amdgpu/gfx_v12_0.c             |    57 +-
 drivers/gpu/drm/amd/amdgpu/gfx_v12_1.c             |    99 +-
 drivers/gpu/drm/amd/amdgpu/gfx_v12_1_pkt.h         |   415 +-
 drivers/gpu/drm/amd/amdgpu/gfx_v7_0.c              |     7 +-
 drivers/gpu/drm/amd/amdgpu/gfx_v8_0.c              |     6 +-
 drivers/gpu/drm/amd/amdgpu/gfx_v9_0.c              |     6 +-
 drivers/gpu/drm/amd/amdgpu/gfx_v9_4_3.c            |    90 +-
 drivers/gpu/drm/amd/amdgpu/gmc_v10_0.c             |    24 +-
 drivers/gpu/drm/amd/amdgpu/gmc_v11_0.c             |     5 +-
 drivers/gpu/drm/amd/amdgpu/gmc_v12_0.c             |    11 +-
 drivers/gpu/drm/amd/amdgpu/gmc_v12_1.c             |    13 +
 drivers/gpu/drm/amd/amdgpu/gmc_v6_0.c              |    28 +-
 drivers/gpu/drm/amd/amdgpu/gmc_v7_0.c              |    30 +-
 drivers/gpu/drm/amd/amdgpu/gmc_v8_0.c              |    34 +-
 drivers/gpu/drm/amd/amdgpu/gmc_v9_0.c              |    75 +-
 drivers/gpu/drm/amd/amdgpu/ih_v7_0.c               |    40 +-
 drivers/gpu/drm/amd/amdgpu/imu_v12_1.c             |    12 +-
 drivers/gpu/drm/amd/amdgpu/jpeg_v2_5.c             |     2 +-
 drivers/gpu/drm/amd/amdgpu/mes_userqueue.c         |     2 +-
 drivers/gpu/drm/amd/amdgpu/mes_v12_1.c             |   149 +-
 drivers/gpu/drm/amd/amdgpu/nbif_v6_3_1.c           |    58 +-
 drivers/gpu/drm/amd/amdgpu/nbio_v6_3_2.c           |   369 +
 drivers/gpu/drm/amd/amdgpu/nbio_v6_3_2.h           |    31 +
 drivers/gpu/drm/amd/amdgpu/nv.c                    |    31 +-
 drivers/gpu/drm/amd/amdgpu/psp_gfx_if.h            |    17 +
 drivers/gpu/drm/amd/amdgpu/psp_v15_0_8.c           |     1 +
 drivers/gpu/drm/amd/amdgpu/sdma_v2_4.c             |     8 +-
 drivers/gpu/drm/amd/amdgpu/sdma_v3_0.c             |     8 +-
 drivers/gpu/drm/amd/amdgpu/sdma_v4_0.c             |    17 +-
 drivers/gpu/drm/amd/amdgpu/sdma_v4_4_2.c           |    12 +-
 drivers/gpu/drm/amd/amdgpu/sdma_v5_0.c             |    11 +-
 drivers/gpu/drm/amd/amdgpu/sdma_v5_2.c             |    14 +-
 drivers/gpu/drm/amd/amdgpu/sdma_v6_0.c             |     5 +-
 drivers/gpu/drm/amd/amdgpu/sdma_v7_0.c             |     5 +-
 drivers/gpu/drm/amd/amdgpu/sdma_v7_1.c             |    12 +-
 drivers/gpu/drm/amd/amdgpu/si_dma.c                |    12 +-
 drivers/gpu/drm/amd/amdgpu/soc15.c                 |    30 +-
 drivers/gpu/drm/amd/amdgpu/soc21.c                 |    30 +-
 drivers/gpu/drm/amd/amdgpu/soc24.c                 |    21 +-
 drivers/gpu/drm/amd/amdgpu/soc_v1_0.c              |    33 +-
 drivers/gpu/drm/amd/amdgpu/vcn_v4_0_3.c            |     2 +-
 drivers/gpu/drm/amd/amdgpu/vcn_v5_0_1.c            |     2 +-
 drivers/gpu/drm/amd/amdgpu/vpe_v2_0.c              |   350 +
 drivers/gpu/drm/amd/amdgpu/vpe_v2_0.h              |    29 +
 drivers/gpu/drm/amd/amdkfd/kfd_chardev.c           |   221 +-
 drivers/gpu/drm/amd/amdkfd/kfd_device.c            |    20 +
 .../gpu/drm/amd/amdkfd/kfd_device_queue_manager.c  |   179 +-
 .../gpu/drm/amd/amdkfd/kfd_device_queue_manager.h  |     6 +-
 .../amd/amdkfd/kfd_device_queue_manager_v12_1.c    |    19 +-
 drivers/gpu/drm/amd/amdkfd/kfd_events.c            |     5 +
 drivers/gpu/drm/amd/amdkfd/kfd_migrate.c           |     3 +-
 drivers/gpu/drm/amd/amdkfd/kfd_mqd_manager_v10.c   |    16 +-
 drivers/gpu/drm/amd/amdkfd/kfd_mqd_manager_v11.c   |    14 +-
 drivers/gpu/drm/amd/amdkfd/kfd_mqd_manager_v12.c   |     8 +-
 drivers/gpu/drm/amd/amdkfd/kfd_mqd_manager_v12_1.c |     6 +-
 drivers/gpu/drm/amd/amdkfd/kfd_mqd_manager_v9.c    |    15 +-
 drivers/gpu/drm/amd/amdkfd/kfd_mqd_manager_vi.c    |    11 +
 drivers/gpu/drm/amd/amdkfd/kfd_priv.h              |    27 +-
 drivers/gpu/drm/amd/amdkfd/kfd_process.c           |    91 +-
 drivers/gpu/drm/amd/amdkfd/kfd_topology.c          |     1 +
 drivers/gpu/drm/amd/display/amdgpu_dm/amdgpu_dm.c  |   428 +-
 drivers/gpu/drm/amd/display/amdgpu_dm/amdgpu_dm.h  |    16 +-
 .../drm/amd/display/amdgpu_dm/amdgpu_dm_color.c    |    12 +-
 .../gpu/drm/amd/display/amdgpu_dm/amdgpu_dm_crc.c  |    43 +-
 .../gpu/drm/amd/display/amdgpu_dm/amdgpu_dm_crtc.c |    74 +-
 .../gpu/drm/amd/display/amdgpu_dm/amdgpu_dm_crtc.h |     5 +-
 .../drm/amd/display/amdgpu_dm/amdgpu_dm_debugfs.c  |   137 +-
 .../gpu/drm/amd/display/amdgpu_dm/amdgpu_dm_ism.c  |    26 +-
 .../amd/display/amdgpu_dm/amdgpu_dm_mst_types.c    |    22 +-
 .../amd/display/amdgpu_dm/amdgpu_dm_mst_types.h    |     4 +-
 .../drm/amd/display/amdgpu_dm/amdgpu_dm_plane.c    |     6 +-
 .../gpu/drm/amd/display/amdgpu_dm/amdgpu_dm_psr.c  |   244 +-
 .../gpu/drm/amd/display/amdgpu_dm/amdgpu_dm_psr.h  |    13 +-
 .../drm/amd/display/amdgpu_dm/amdgpu_dm_replay.c   |   143 +-
 .../drm/amd/display/amdgpu_dm/amdgpu_dm_replay.h   |    28 +-
 .../drm/amd/display/amdgpu_dm/amdgpu_dm_services.c |    27 +
 .../drm/amd/display/amdgpu_dm/amdgpu_dm_trace.h    |    20 +-
 drivers/gpu/drm/amd/display/dc/basics/conversion.c |     2 +-
 .../gpu/drm/amd/display/dc/basics/custom_float.c   |     2 +-
 drivers/gpu/drm/amd/display/dc/basics/dce_calcs.c  |     6 +-
 drivers/gpu/drm/amd/display/dc/bios/bios_parser.c  |     6 +-
 drivers/gpu/drm/amd/display/dc/bios/bios_parser2.c |    21 +-
 .../gpu/drm/amd/display/dc/bios/command_table.c    |    12 +-
 .../gpu/drm/amd/display/dc/bios/command_table2.c   |     4 +-
 .../amd/display/dc/clk_mgr/dce100/dce_clk_mgr.c    |     6 +-
 .../amd/display/dc/clk_mgr/dce100/dce_clk_mgr.h    |     2 +-
 .../amd/display/dc/clk_mgr/dce110/dce110_clk_mgr.c |    12 +-
 .../drm/amd/display/dc/clk_mgr/dcn10/rv1_clk_mgr.c |     2 +-
 .../amd/display/dc/clk_mgr/dcn20/dcn20_clk_mgr.c   |    19 +-
 .../drm/amd/display/dc/clk_mgr/dcn21/rn_clk_mgr.c  |    42 +-
 .../amd/display/dc/clk_mgr/dcn30/dcn30_clk_mgr.c   |    56 +-
 .../dc/clk_mgr/dcn30/dcn30_clk_mgr_smu_msg.c       |     4 +-
 .../dc/clk_mgr/dcn30/dcn30_clk_mgr_smu_msg.h       |     2 +-
 .../drm/amd/display/dc/clk_mgr/dcn301/vg_clk_mgr.c |    43 +-
 .../amd/display/dc/clk_mgr/dcn31/dcn31_clk_mgr.c   |    55 +-
 .../amd/display/dc/clk_mgr/dcn314/dcn314_clk_mgr.c |    69 +-
 .../amd/display/dc/clk_mgr/dcn315/dcn315_clk_mgr.c |    68 +-
 .../amd/display/dc/clk_mgr/dcn316/dcn316_clk_mgr.c |    58 +-
 .../amd/display/dc/clk_mgr/dcn32/dcn32_clk_mgr.c   |    66 +-
 .../amd/display/dc/clk_mgr/dcn35/dcn35_clk_mgr.c   |   127 +-
 .../amd/display/dc/clk_mgr/dcn401/dcn401_clk_mgr.c |    61 +-
 .../amd/display/dc/clk_mgr/dcn401/dcn401_clk_mgr.h |     4 +-
 .../dc/clk_mgr/dcn401/dcn401_clk_mgr_smu_msg.c     |     4 +-
 .../dc/clk_mgr/dcn401/dcn401_clk_mgr_smu_msg.h     |     2 +-
 .../amd/display/dc/clk_mgr/dcn42/dcn42_clk_mgr.c   |    59 +-
 .../drm/amd/display/dc/clk_mgr/dcn42/dcn42_smu.c   |     1 -
 drivers/gpu/drm/amd/display/dc/core/dc.c           |   881 +-
 .../gpu/drm/amd/display/dc/core/dc_hw_sequencer.c  |  1090 +-
 .../gpu/drm/amd/display/dc/core/dc_link_enc_cfg.c  |    11 +-
 .../gpu/drm/amd/display/dc/core/dc_link_exports.c  |     2 +-
 drivers/gpu/drm/amd/display/dc/core/dc_resource.c  |   151 +-
 drivers/gpu/drm/amd/display/dc/core/dc_state.c     |    10 +-
 drivers/gpu/drm/amd/display/dc/core/dc_stream.c    |    44 +-
 drivers/gpu/drm/amd/display/dc/core/dc_surface.c   |     8 +-
 drivers/gpu/drm/amd/display/dc/core/dc_vm_helper.c |     4 +-
 drivers/gpu/drm/amd/display/dc/dc.h                |   160 +-
 drivers/gpu/drm/amd/display/dc/dc_dmub_srv.c       |   151 +-
 drivers/gpu/drm/amd/display/dc/dc_dmub_srv.h       |     9 +-
 drivers/gpu/drm/amd/display/dc/dc_dsc.h            |     2 +-
 drivers/gpu/drm/amd/display/dc/dc_fused_io.c       |     6 +-
 drivers/gpu/drm/amd/display/dc/dc_helper.c         |    16 +-
 drivers/gpu/drm/amd/display/dc/dc_stream.h         |    43 +-
 drivers/gpu/drm/amd/display/dc/dc_types.h          |    56 +-
 .../gpu/drm/amd/display/dc/dccg/dcn31/dcn31_dccg.c |     4 +-
 .../drm/amd/display/dc/dccg/dcn401/dcn401_dccg.c   |    20 +-
 .../gpu/drm/amd/display/dc/dccg/dcn42/dcn42_dccg.c |     2 +
 drivers/gpu/drm/amd/display/dc/dce/dce_aux.c       |    24 +-
 drivers/gpu/drm/amd/display/dc/dce/dce_aux.h       |     4 +
 .../gpu/drm/amd/display/dc/dce/dce_clock_source.c  |    24 +-
 drivers/gpu/drm/amd/display/dc/dce/dce_i2c_hw.c    |     2 +-
 drivers/gpu/drm/amd/display/dc/dce/dce_i2c_sw.c    |    16 +-
 drivers/gpu/drm/amd/display/dc/dce/dce_ipp.c       |     2 +-
 .../gpu/drm/amd/display/dc/dce/dce_link_encoder.c  |     3 +-
 .../gpu/drm/amd/display/dc/dce/dce_panel_cntl.c    |     4 +-
 drivers/gpu/drm/amd/display/dc/dce/dce_transform.c |    12 +-
 drivers/gpu/drm/amd/display/dc/dce/dmub_abm_lcd.c  |    16 +-
 drivers/gpu/drm/amd/display/dc/dce/dmub_psr.c      |    12 +-
 drivers/gpu/drm/amd/display/dc/dce/dmub_replay.c   |    23 +-
 .../amd/display/dc/dce80/dce80_timing_generator.c  |     2 +-
 .../gpu/drm/amd/display/dc/dcn10/dcn10_cm_common.c |    16 +-
 .../display/dc/dcn10/dcn10_hw_sequencer_debug.c    |    22 +-
 .../gpu/drm/amd/display/dc/dcn20/dcn20_dwb_scl.c   |     2 +-
 .../drm/amd/display/dc/dcn21/dcn21_link_encoder.c  |     2 +-
 .../gpu/drm/amd/display/dc/dcn30/dcn30_cm_common.c |     8 +-
 .../amd/display/dc/dio/dcn10/dcn10_link_encoder.c  |    13 +-
 .../dc/dio/dcn30/dcn30_dio_stream_encoder.c        |     6 +-
 .../dc/dio/dcn401/dcn401_dio_stream_encoder.c      |     2 +-
 .../display/dc/dio/dcn42/dcn42_dio_link_encoder.h  |     2 -
 .../dc/dio/dcn42/dcn42_dio_stream_encoder.c        |     4 +-
 drivers/gpu/drm/amd/display/dc/dm_helpers.h        |     1 +
 .../drm/amd/display/dc/dml/calcs/dcn_calc_auto.c   |  1824 +-
 .../drm/amd/display/dc/dml/calcs/dcn_calc_math.c   |     6 +-
 .../gpu/drm/amd/display/dc/dml/calcs/dcn_calcs.c   |   294 +-
 .../gpu/drm/amd/display/dc/dml/dcn20/dcn20_fpu.c   |   159 +-
 .../amd/display/dc/dml/dcn20/display_mode_vba_20.c |   328 +-
 .../display/dc/dml/dcn20/display_mode_vba_20v2.c   |   326 +-
 .../display/dc/dml/dcn20/display_rq_dlg_calc_20.c  |   164 +-
 .../dc/dml/dcn20/display_rq_dlg_calc_20v2.c        |   164 +-
 .../amd/display/dc/dml/dcn21/display_mode_vba_21.c |   368 +-
 .../display/dc/dml/dcn21/display_rq_dlg_calc_21.c  |    80 +-
 .../gpu/drm/amd/display/dc/dml/dcn30/dcn30_fpu.c   |    94 +-
 .../amd/display/dc/dml/dcn30/display_mode_vba_30.c |   753 +-
 .../display/dc/dml/dcn30/display_rq_dlg_calc_30.c  |    82 +-
 .../gpu/drm/amd/display/dc/dml/dcn301/dcn301_fpu.c |    27 +-
 .../gpu/drm/amd/display/dc/dml/dcn302/dcn302_fpu.c |    18 +-
 .../gpu/drm/amd/display/dc/dml/dcn303/dcn303_fpu.c |    18 +-
 .../gpu/drm/amd/display/dc/dml/dcn31/dcn31_fpu.c   |    41 +-
 .../amd/display/dc/dml/dcn31/display_mode_vba_31.c |   881 +-
 .../display/dc/dml/dcn31/display_rq_dlg_calc_31.c  |    76 +-
 .../gpu/drm/amd/display/dc/dml/dcn314/dcn314_fpu.c |    23 +-
 .../display/dc/dml/dcn314/display_mode_vba_314.c   |   885 +-
 .../dc/dml/dcn314/display_rq_dlg_calc_314.c        |    80 +-
 .../gpu/drm/amd/display/dc/dml/dcn32/dcn32_fpu.c   |   416 +-
 .../amd/display/dc/dml/dcn32/display_mode_vba_32.c |   195 +-
 .../dc/dml/dcn32/display_mode_vba_util_32.c        |   334 +-
 .../dc/dml/dcn32/display_mode_vba_util_32.h        |     8 +-
 .../display/dc/dml/dcn32/display_rq_dlg_calc_32.c  |   138 +-
 .../gpu/drm/amd/display/dc/dml/dcn321/dcn321_fpu.c |    95 +-
 .../gpu/drm/amd/display/dc/dml/dcn35/dcn35_fpu.c   |    37 +-
 .../gpu/drm/amd/display/dc/dml/dcn351/dcn351_fpu.c |    37 +-
 .../gpu/drm/amd/display/dc/dml/display_mode_vba.c  |     8 +-
 .../gpu/drm/amd/display/dc/dml/display_mode_vba.h  |    12 +-
 .../amd/display/dc/dml/dml1_display_rq_dlg_calc.c  |    32 +-
 .../gpu/drm/amd/display/dc/dml/dml_inline_defs.h   |    18 +-
 .../gpu/drm/amd/display/dc/dml/dsc/rc_calc_fpu.c   |    82 +-
 drivers/gpu/drm/amd/display/dc/dml2_0/README.md    |    31 +
 .../drm/amd/display/dc/dml2_0/display_mode_core.c  |    20 +-
 .../drm/amd/display/dc/dml2_0/display_mode_util.c  |    20 +-
 .../dc/dml2_0/dml21/dml21_translation_helper.c     |    48 +-
 .../drm/amd/display/dc/dml2_0/dml21/dml21_utils.c  |     2 +-
 .../display/dc/dml2_0/dml21/inc/dml_top_types.h    |     1 -
 .../dml2_0/dml21/src/dml2_core/dml2_core_factory.c |     1 -
 .../dml2_0/dml21/src/dml2_dpmm/dml2_dpmm_factory.c |     1 -
 .../dc/dml2_0/dml21/src/dml2_mcg/dml2_mcg_dcn42.c  |     2 +-
 .../dml2_0/dml21/src/dml2_mcg/dml2_mcg_factory.c   |     1 -
 .../dml2_0/dml21/src/dml2_pmo/dml2_pmo_factory.c   |     3 +-
 .../dml21/src/dml2_top/dml2_top_interfaces.c       |     1 -
 .../dc/dml2_0/dml21/src/dml2_top/dml2_top_legacy.h |     9 -
 .../drm/amd/display/dc/dml2_0/dml2_mall_phantom.c  |   105 +-
 .../gpu/drm/amd/display/dc/dml2_0/dml2_policy.c    |     6 +-
 .../display/dc/dml2_0/dml2_translation_helper.c    |     4 +-
 drivers/gpu/drm/amd/display/dc/dml2_0/dml2_utils.c |    42 +-
 .../drm/amd/display/dc/dpp/dcn10/dcn10_dpp_cm.c    |     4 +-
 .../drm/amd/display/dc/dpp/dcn10/dcn10_dpp_dscl.c  |     2 +-
 .../gpu/drm/amd/display/dc/dpp/dcn30/dcn30_dpp.c   |    15 +-
 .../drm/amd/display/dc/dpp/dcn30/dcn30_dpp_cm.c    |     4 +-
 .../drm/amd/display/dc/dpp/dcn401/dcn401_dpp_cm.c  |     2 +-
 .../amd/display/dc/dpp/dcn401/dcn401_dpp_dscl.c    |     2 +-
 .../gpu/drm/amd/display/dc/dpp/dcn42/dcn42_dpp.c   |    15 +-
 drivers/gpu/drm/amd/display/dc/dsc/dc_dsc.c        |    15 +-
 .../gpu/drm/amd/display/dc/dsc/dcn20/dcn20_dsc.c   |    27 +-
 .../gpu/drm/amd/display/dc/dsc/dcn35/dcn35_dsc.c   |     8 +-
 .../gpu/drm/amd/display/dc/dsc/dcn401/dcn401_dsc.c |    13 +-
 drivers/gpu/drm/amd/display/dc/dsc/rc_calc_dpi.c   |    33 +-
 drivers/gpu/drm/amd/display/dc/gpio/hw_ddc.c       |     2 +-
 drivers/gpu/drm/amd/display/dc/gpio/hw_generic.c   |     2 +-
 drivers/gpu/drm/amd/display/dc/gpio/hw_gpio.c      |     2 +-
 drivers/gpu/drm/amd/display/dc/gpio/hw_gpio.h      |     9 +
 drivers/gpu/drm/amd/display/dc/gpio/hw_hpd.c       |     2 +-
 .../dc/hpo/dcn31/dcn31_hpo_dp_stream_encoder.c     |     2 +-
 .../drm/amd/display/dc/hubbub/dcn10/dcn10_hubbub.c |    16 +-
 .../drm/amd/display/dc/hubbub/dcn20/dcn20_hubbub.c |    28 +-
 .../drm/amd/display/dc/hubbub/dcn20/dcn20_hubbub.h |     3 +
 .../drm/amd/display/dc/hubbub/dcn21/dcn21_hubbub.c |    12 +-
 .../drm/amd/display/dc/hubbub/dcn30/dcn30_hubbub.c |    12 +-
 .../drm/amd/display/dc/hubbub/dcn31/dcn31_hubbub.c |    12 +-
 .../amd/display/dc/hubbub/dcn401/dcn401_hubbub.c   |     7 +-
 .../drm/amd/display/dc/hubbub/dcn42/dcn42_hubbub.c |     5 +-
 .../gpu/drm/amd/display/dc/hubp/dcn20/dcn20_hubp.c |     6 +-
 .../gpu/drm/amd/display/dc/hubp/dcn21/dcn21_hubp.c |     4 +-
 .../gpu/drm/amd/display/dc/hubp/dcn30/dcn30_hubp.c |     4 +-
 .../drm/amd/display/dc/hubp/dcn401/dcn401_hubp.c   |   233 +-
 .../drm/amd/display/dc/hubp/dcn401/dcn401_hubp.h   |    25 +-
 .../gpu/drm/amd/display/dc/hubp/dcn42/dcn42_hubp.c |    78 +-
 .../gpu/drm/amd/display/dc/hubp/dcn42/dcn42_hubp.h |    10 +-
 .../drm/amd/display/dc/hwss/dce110/dce110_hwseq.c  |    71 +-
 .../drm/amd/display/dc/hwss/dce120/dce120_hwseq.c  |    12 +-
 .../drm/amd/display/dc/hwss/dcn10/dcn10_hwseq.c    |    77 +-
 .../drm/amd/display/dc/hwss/dcn20/dcn20_hwseq.c    |    47 +-
 .../drm/amd/display/dc/hwss/dcn21/dcn21_hwseq.c    |    10 +-
 .../drm/amd/display/dc/hwss/dcn30/dcn30_hwseq.c    |    39 +-
 .../drm/amd/display/dc/hwss/dcn31/dcn31_hwseq.c    |    12 +-
 .../drm/amd/display/dc/hwss/dcn314/dcn314_hwseq.c  |    88 +-
 .../drm/amd/display/dc/hwss/dcn32/dcn32_hwseq.c    |    38 +-
 .../drm/amd/display/dc/hwss/dcn35/dcn35_hwseq.c    |    83 +-
 .../drm/amd/display/dc/hwss/dcn351/dcn351_hwseq.c  |     2 +-
 .../drm/amd/display/dc/hwss/dcn401/dcn401_hwseq.c  |   493 +-
 .../drm/amd/display/dc/hwss/dcn42/dcn42_hwseq.c    |   517 +-
 .../drm/amd/display/dc/hwss/dcn42/dcn42_hwseq.h    |     9 +-
 drivers/gpu/drm/amd/display/dc/hwss/hw_sequencer.h |   393 +-
 drivers/gpu/drm/amd/display/dc/inc/bw_fixed.h      |     4 +-
 drivers/gpu/drm/amd/display/dc/inc/core_types.h    |    10 +-
 drivers/gpu/drm/amd/display/dc/inc/hw/clk_mgr.h    |    22 +
 drivers/gpu/drm/amd/display/dc/inc/hw/hubp.h       |    39 +-
 drivers/gpu/drm/amd/display/dc/inc/hw/mpc.h        |    79 +-
 drivers/gpu/drm/amd/display/dc/inc/hw/opp.h        |     4 +-
 .../gpu/drm/amd/display/dc/inc/hw/stream_encoder.h |     1 +
 .../drm/amd/display/dc/inc/hw/timing_generator.h   |     8 +-
 drivers/gpu/drm/amd/display/dc/inc/link_service.h  |     2 +-
 drivers/gpu/drm/amd/display/dc/inc/reg_helper.h    |    72 +-
 .../drm/amd/display/dc/inc/soc_and_ip_translator.h |    19 +-
 .../amd/display/dc/irq/dce110/irq_service_dce110.c |     2 +-
 .../amd/display/dc/link/accessories/link_dp_cts.c  |    37 +-
 .../amd/display/dc/link/hwss/link_hwss_hpo_dp.c    |     4 +-
 .../gpu/drm/amd/display/dc/link/link_detection.c   |    12 +-
 .../gpu/drm/amd/display/dc/link/link_detection.h   |     2 +-
 drivers/gpu/drm/amd/display/dc/link/link_dpms.c    |    26 +-
 drivers/gpu/drm/amd/display/dc/link/link_factory.c |     8 +-
 .../gpu/drm/amd/display/dc/link/link_validation.c  |     4 +-
 .../drm/amd/display/dc/link/protocols/link_ddc.c   |    12 +-
 .../display/dc/link/protocols/link_dp_capability.c |     6 +-
 .../amd/display/dc/link/protocols/link_dp_dpia.c   |     2 +-
 .../display/dc/link/protocols/link_dp_dpia_bw.c    |    12 +-
 .../dc/link/protocols/link_dp_irq_handler.c        |    53 +-
 .../dc/link/protocols/link_dp_panel_replay.c       |    27 +-
 .../display/dc/link/protocols/link_dp_training.c   |     4 +-
 .../dc/link/protocols/link_dp_training_8b_10b.c    |    10 +-
 .../dc/link/protocols/link_edp_panel_control.c     |    49 +-
 .../amd/display/dc/mmhubbub/dcn20/dcn20_mmhubbub.c |     4 +-
 .../amd/display/dc/mmhubbub/dcn32/dcn32_mmhubbub.c |     4 +-
 .../gpu/drm/amd/display/dc/mpc/dcn10/dcn10_mpc.c   |     4 +-
 .../gpu/drm/amd/display/dc/mpc/dcn30/dcn30_mpc.c   |     6 +-
 .../gpu/drm/amd/display/dc/mpc/dcn401/dcn401_mpc.c |   177 +-
 .../gpu/drm/amd/display/dc/mpc/dcn401/dcn401_mpc.h |    25 +-
 .../gpu/drm/amd/display/dc/mpc/dcn42/dcn42_mpc.c   |   392 +-
 .../gpu/drm/amd/display/dc/mpc/dcn42/dcn42_mpc.h   |    49 +-
 .../gpu/drm/amd/display/dc/opp/dcn20/dcn20_opp.c   |     2 +-
 .../gpu/drm/amd/display/dc/opp/dcn20/dcn20_opp.h   |     2 +-
 .../gpu/drm/amd/display/dc/optc/dcn10/dcn10_optc.c |     2 +-
 .../gpu/drm/amd/display/dc/optc/dcn20/dcn20_optc.c |     4 +-
 .../gpu/drm/amd/display/dc/optc/dcn32/dcn32_optc.c |     2 +-
 .../gpu/drm/amd/display/dc/optc/dcn42/dcn42_optc.h |     1 -
 .../drm/amd/display/dc/pg/dcn35/dcn35_pg_cntl.c    |     6 +-
 .../drm/amd/display/dc/pg/dcn42/dcn42_pg_cntl.c    |     4 +-
 .../display/dc/resource/dce100/dce100_resource.c   |    10 +-
 .../display/dc/resource/dce110/dce110_resource.c   |    12 +-
 .../display/dc/resource/dce112/dce112_resource.c   |     4 +-
 .../display/dc/resource/dce120/dce120_resource.c   |     6 +-
 .../amd/display/dc/resource/dce80/dce80_resource.c |     8 +-
 .../amd/display/dc/resource/dcn10/dcn10_resource.c |    19 +-
 .../amd/display/dc/resource/dcn20/dcn20_resource.c |    80 +-
 .../amd/display/dc/resource/dcn21/dcn21_resource.c |    28 +-
 .../amd/display/dc/resource/dcn30/dcn30_resource.c |    77 +-
 .../display/dc/resource/dcn301/dcn301_resource.c   |    39 +-
 .../display/dc/resource/dcn302/dcn302_resource.c   |    26 +-
 .../display/dc/resource/dcn303/dcn303_resource.c   |    26 +-
 .../amd/display/dc/resource/dcn31/dcn31_resource.c |    34 +-
 .../display/dc/resource/dcn314/dcn314_resource.c   |    30 +-
 .../display/dc/resource/dcn315/dcn315_resource.c   |    41 +-
 .../display/dc/resource/dcn316/dcn316_resource.c   |    33 +-
 .../amd/display/dc/resource/dcn32/dcn32_resource.c |    45 +-
 .../dc/resource/dcn32/dcn32_resource_helpers.c     |     8 +-
 .../display/dc/resource/dcn321/dcn321_resource.c   |    26 +-
 .../amd/display/dc/resource/dcn35/dcn35_resource.c |    30 +-
 .../display/dc/resource/dcn351/dcn351_resource.c   |    30 +-
 .../amd/display/dc/resource/dcn36/dcn36_resource.c |    30 +-
 .../display/dc/resource/dcn401/dcn401_resource.c   |    36 +-
 .../amd/display/dc/resource/dcn42/dcn42_resource.c |    96 +-
 .../display/dc/resource/dcn42/dcn42_resource_fpu.c |    22 +
 .../display/dc/resource/dcn42/dcn42_resource_fpu.h |     2 +-
 .../dcn401/dcn401_soc_and_ip_translator.c          |    42 +-
 .../dcn42/dcn42_soc_and_ip_translator.c            |    20 +-
 drivers/gpu/drm/amd/display/dmub/inc/dmub_cmd.h    |   296 +-
 drivers/gpu/drm/amd/display/dmub/src/dmub_dcn401.c |     2 +-
 drivers/gpu/drm/amd/display/dmub/src/dmub_dcn42.c  |     2 +-
 drivers/gpu/drm/amd/display/include/fixed31_32.h   |     6 +-
 .../drm/amd/display/modules/color/color_gamma.c    |    40 +-
 .../gpu/drm/amd/display/modules/hdcp/hdcp_log.c    |     2 +-
 .../drm/amd/display/modules/inc/mod_color_types.h  |    47 +
 .../drm/amd/display/modules/inc/mod_info_packet.h  |     9 +-
 .../display/modules/inc/mod_info_packet_types.h    |    37 +
 .../gpu/drm/amd/display/modules/inc/mod_power.h    |   440 +
 .../amd/display/modules/info_packet/info_packet.c  |     2 +-
 drivers/gpu/drm/amd/display/modules/power/Makefile |     2 +-
 drivers/gpu/drm/amd/display/modules/power/power.c  |  1829 +
 .../gpu/drm/amd/display/modules/power/power_abm.c  |  2160 +
 .../drm/amd/display/modules/power/power_helpers.c  |   831 +-
 .../drm/amd/display/modules/power/power_helpers.h  |     1 +
 drivers/gpu/drm/amd/display/modules/vmid/vmid.c    |     6 +-
 drivers/gpu/drm/amd/include/amd_cper.h             |     2 +-
 drivers/gpu/drm/amd/include/amdgpu_ptl.h           |    64 +
 .../amd/include/asic_reg/dcn/dcn_3_0_0_offset.h    |   129 +
 .../amd/include/asic_reg/dcn/dcn_3_0_0_sh_mask.h   |   600 +
 .../amd/include/asic_reg/dcn/dcn_3_0_2_offset.h    |   112 +
 .../amd/include/asic_reg/dcn/dcn_3_0_2_sh_mask.h   |  1907 +
 .../amd/include/asic_reg/dcn/dcn_3_0_3_offset.h    |   111 +
 .../amd/include/asic_reg/dcn/dcn_3_0_3_sh_mask.h   |   941 +
 .../amd/include/asic_reg/dcn/dcn_3_1_2_offset.h    |   109 +
 .../amd/include/asic_reg/dcn/dcn_3_1_2_sh_mask.h   |   548 +
 .../amd/include/asic_reg/dcn/dcn_3_1_4_offset.h    |   108 +
 .../amd/include/asic_reg/dcn/dcn_3_1_4_sh_mask.h   |   544 +
 .../amd/include/asic_reg/dcn/dcn_3_1_5_offset.h    |   111 +
 .../amd/include/asic_reg/dcn/dcn_3_1_5_sh_mask.h   |   548 +
 .../amd/include/asic_reg/dcn/dcn_3_1_6_offset.h    |   111 +
 .../amd/include/asic_reg/dcn/dcn_3_1_6_sh_mask.h   |   546 +
 .../amd/include/asic_reg/dcn/dcn_3_2_0_offset.h    |   109 +
 .../amd/include/asic_reg/dcn/dcn_3_2_0_sh_mask.h   |   544 +
 .../amd/include/asic_reg/dcn/dcn_3_2_1_offset.h    |   124 +-
 .../amd/include/asic_reg/dcn/dcn_3_2_1_sh_mask.h   |   548 +
 .../drm/amd/include/asic_reg/gc/gc_12_1_0_offset.h |   110 +
 .../amd/include/asic_reg/gc/gc_12_1_0_sh_mask.h    |   455 +
 .../drm/amd/include/asic_reg/gc/gc_12_1_1_offset.h |   149 +
 .../amd/include/asic_reg/gc/gc_12_1_1_sh_mask.h    |   377 +
 .../amd/include/asic_reg/nbio/nbio_6_3_2_offset.h  | 13149 +++++
 .../amd/include/asic_reg/nbio/nbio_6_3_2_sh_mask.h | 49475 +++++++++++++++++++
 .../amd/include/asic_reg/vpe/vpe_2_0_0_offset.h    |  1041 +
 .../amd/include/asic_reg/vpe/vpe_2_0_0_sh_mask.h   |  3162 ++
 drivers/gpu/drm/amd/include/kgd_kfd_interface.h    |     6 +
 drivers/gpu/drm/amd/pm/amdgpu_pm.c                 |    25 +-
 .../gpu/drm/amd/pm/swsmu/smu13/smu_v13_0_6_ppt.c   |     8 +-
 drivers/gpu/drm/amd/pm/swsmu/smu15/smu_v15_0.c     |    45 +-
 .../gpu/drm/amd/pm/swsmu/smu15/smu_v15_0_0_ppt.c   |    38 +-
 .../gpu/drm/amd/pm/swsmu/smu15/smu_v15_0_8_ppt.c   |   229 +-
 .../gpu/drm/amd/pm/swsmu/smu15/smu_v15_0_8_ppt.h   |    34 +
 drivers/gpu/drm/amd/pm/swsmu/smu_cmn.c             |    96 +-
 drivers/gpu/drm/amd/pm/swsmu/smu_cmn.h             |    22 +
 drivers/gpu/drm/arm/display/komeda/komeda_crtc.c   |     8 +-
 drivers/gpu/drm/arm/display/komeda/komeda_kms.c    |    10 +-
 .../gpu/drm/arm/display/komeda/komeda_pipeline.h   |    14 +-
 .../drm/arm/display/komeda/komeda_pipeline_state.c |    28 +-
 drivers/gpu/drm/arm/display/komeda/komeda_plane.c  |     4 +-
 drivers/gpu/drm/arm/hdlcd_crtc.c                   |    10 +-
 drivers/gpu/drm/arm/malidp_crtc.c                  |     6 +-
 drivers/gpu/drm/arm/malidp_drv.c                   |     4 +-
 drivers/gpu/drm/arm/malidp_mw.c                    |     2 +-
 drivers/gpu/drm/arm/malidp_mw.h                    |     2 +-
 drivers/gpu/drm/arm/malidp_planes.c                |     6 +-
 drivers/gpu/drm/armada/armada_crtc.c               |    10 +-
 drivers/gpu/drm/armada/armada_overlay.c            |    10 +-
 drivers/gpu/drm/armada/armada_plane.c              |     6 +-
 drivers/gpu/drm/armada/armada_plane.h              |     2 +-
 drivers/gpu/drm/ast/ast_2000.c                     |    61 +-
 drivers/gpu/drm/ast/ast_2100.c                     |   292 +-
 drivers/gpu/drm/ast/ast_2300.c                     |   392 +-
 drivers/gpu/drm/ast/ast_2500.c                     |   327 +-
 drivers/gpu/drm/ast/ast_cursor.c                   |     6 +-
 drivers/gpu/drm/ast/ast_dp.c                       |     4 +-
 drivers/gpu/drm/ast/ast_dp501.c                    |   134 +-
 drivers/gpu/drm/ast/ast_drv.c                      |    84 +-
 drivers/gpu/drm/ast/ast_drv.h                      |    60 +-
 drivers/gpu/drm/ast/ast_mode.c                     |   104 +-
 drivers/gpu/drm/ast/ast_post.c                     |    48 +-
 drivers/gpu/drm/ast/ast_post.h                     |    20 +-
 drivers/gpu/drm/ast/ast_reg.h                      |   211 +-
 drivers/gpu/drm/atmel-hlcdc/atmel_hlcdc_crtc.c     |    10 +-
 drivers/gpu/drm/atmel-hlcdc/atmel_hlcdc_dc.c       |     2 +-
 drivers/gpu/drm/atmel-hlcdc/atmel_hlcdc_dc.h       |     2 +-
 drivers/gpu/drm/atmel-hlcdc/atmel_hlcdc_plane.c    |     6 +-
 drivers/gpu/drm/bridge/Kconfig                     |    10 +
 drivers/gpu/drm/bridge/Makefile                    |     1 +
 drivers/gpu/drm/bridge/adv7511/adv7511_drv.c       |     6 +-
 drivers/gpu/drm/bridge/analogix/Kconfig            |     3 +
 drivers/gpu/drm/bridge/analogix/analogix_dp_core.c |   247 +-
 drivers/gpu/drm/bridge/analogix/analogix_dp_core.h |     1 -
 drivers/gpu/drm/bridge/analogix/anx7625.c          |     4 +-
 drivers/gpu/drm/bridge/cadence/cdns-dsi-core.c     |    15 +-
 .../gpu/drm/bridge/cadence/cdns-mhdp8546-core.c    |     6 +-
 drivers/gpu/drm/bridge/chipone-icn6211.c           |     6 +-
 drivers/gpu/drm/bridge/fsl-ldb.c                   |     4 +-
 drivers/gpu/drm/bridge/imx/Kconfig                 |    28 +-
 drivers/gpu/drm/bridge/imx/Makefile                |     3 +-
 drivers/gpu/drm/bridge/imx/imx-legacy-bridge.c     |    91 -
 drivers/gpu/drm/bridge/imx/imx8mp-hdmi-pvi.c       |     4 +-
 .../bridge/imx/imx8mp-hdmi-tx-connector-fixup.c    |    75 +
 .../bridge/imx/imx8mp-hdmi-tx-connector-fixup.dtso |    30 +
 drivers/gpu/drm/bridge/imx/imx8mp-hdmi-tx.c        |     1 +
 drivers/gpu/drm/bridge/imx/imx8qm-ldb.c            |     4 +-
 drivers/gpu/drm/bridge/imx/imx8qxp-ldb.c           |     6 +-
 .../gpu/drm/bridge/imx/imx8qxp-pixel-combiner.c    |     2 +-
 drivers/gpu/drm/bridge/imx/imx8qxp-pixel-link.c    |     4 +-
 drivers/gpu/drm/bridge/imx/imx8qxp-pxl2dpi.c       |     2 +-
 drivers/gpu/drm/bridge/inno-hdmi.c                 |     6 +-
 drivers/gpu/drm/bridge/ite-it6263.c                |    33 +-
 drivers/gpu/drm/bridge/ite-it6505.c                |    10 +-
 drivers/gpu/drm/bridge/ite-it66121.c               |     4 +-
 drivers/gpu/drm/bridge/lontium-lt8912b.c           |     1 +
 drivers/gpu/drm/bridge/lontium-lt9211.c            |     4 +-
 drivers/gpu/drm/bridge/lontium-lt9611.c            |     8 +-
 drivers/gpu/drm/bridge/microchip-lvds.c            |    63 +-
 drivers/gpu/drm/bridge/nwl-dsi.c                   |     4 +-
 drivers/gpu/drm/bridge/of-display-mode-bridge.c    |    93 +
 drivers/gpu/drm/bridge/panel.c                     |     8 +-
 drivers/gpu/drm/bridge/parade-ps8640.c             |     4 +-
 drivers/gpu/drm/bridge/samsung-dsim.c              |     8 +-
 drivers/gpu/drm/bridge/sii902x.c                   |     4 +-
 drivers/gpu/drm/bridge/simple-bridge.c             |     5 +
 drivers/gpu/drm/bridge/ssd2825.c                   |     6 +-
 drivers/gpu/drm/bridge/synopsys/dw-dp.c            |     8 +-
 drivers/gpu/drm/bridge/synopsys/dw-hdmi-qp.c       |     4 +-
 drivers/gpu/drm/bridge/synopsys/dw-hdmi.c          |    55 +-
 drivers/gpu/drm/bridge/synopsys/dw-mipi-dsi.c      |     6 +-
 drivers/gpu/drm/bridge/synopsys/dw-mipi-dsi2.c     |     6 +-
 drivers/gpu/drm/bridge/tc358762.c                  |     6 +-
 drivers/gpu/drm/bridge/tc358767.c                  |     8 +-
 drivers/gpu/drm/bridge/tc358768.c                  |   210 +-
 drivers/gpu/drm/bridge/tc358775.c                  |     6 +-
 drivers/gpu/drm/bridge/ti-dlpc3433.c               |     6 +-
 drivers/gpu/drm/bridge/ti-sn65dsi83.c              |    20 +-
 drivers/gpu/drm/bridge/ti-sn65dsi86.c              |    24 +-
 drivers/gpu/drm/bridge/ti-tdp158.c                 |     4 +-
 drivers/gpu/drm/bridge/ti-tfp410.c                 |     2 +-
 drivers/gpu/drm/bridge/waveshare-dsi.c             |     5 +-
 drivers/gpu/drm/ci/xfails/vkms-none-skips.txt      |    20 +-
 drivers/gpu/drm/display/drm_bridge_connector.c     |    13 +-
 drivers/gpu/drm/display/drm_dp_helper.c            |    71 +-
 drivers/gpu/drm/display/drm_dp_mst_topology.c      |    35 +-
 drivers/gpu/drm/display/drm_dp_tunnel.c            |    31 +-
 drivers/gpu/drm/display/drm_hdmi_state_helper.c    |     6 +-
 drivers/gpu/drm/drm_atomic.c                       |   238 +-
 drivers/gpu/drm/drm_atomic_helper.c                |   172 +-
 drivers/gpu/drm/drm_atomic_state_helper.c          |     2 +-
 drivers/gpu/drm/drm_atomic_uapi.c                  |    28 +-
 drivers/gpu/drm/drm_auth.c                         |     2 +-
 drivers/gpu/drm/drm_blend.c                        |     8 +-
 drivers/gpu/drm/drm_bridge.c                       |   110 +-
 drivers/gpu/drm/drm_buddy.c                        |     1 +
 drivers/gpu/drm/drm_client_modeset.c               |     8 +-
 drivers/gpu/drm/drm_color_mgmt.c                   |     6 +-
 drivers/gpu/drm/drm_colorop.c                      |     8 +-
 drivers/gpu/drm/drm_connector.c                    |     9 +-
 drivers/gpu/drm/drm_crtc_helper.c                  |     2 +-
 drivers/gpu/drm/drm_crtc_internal.h                |    10 +-
 drivers/gpu/drm/drm_damage_helper.c                |    10 +-
 drivers/gpu/drm/drm_encoder.c                      |    18 +-
 drivers/gpu/drm/drm_fb_helper.c                    |     8 +-
 drivers/gpu/drm/drm_fourcc.c                       |    25 +-
 drivers/gpu/drm/drm_framebuffer.c                  |     8 +-
 drivers/gpu/drm/drm_gem.c                          |    10 +
 drivers/gpu/drm/drm_gpusvm.c                       |    55 +-
 drivers/gpu/drm/drm_gpuvm.c                        |     3 +
 drivers/gpu/drm/drm_mipi_dbi.c                     |     8 +-
 drivers/gpu/drm/drm_mipi_dsi.c                     |    28 +
 drivers/gpu/drm/drm_mode_object.c                  |     8 +-
 drivers/gpu/drm/drm_modeset_helper.c               |     2 +-
 drivers/gpu/drm/drm_of.c                           |    34 +
 drivers/gpu/drm/drm_pagemap.c                      |   226 +-
 drivers/gpu/drm/drm_panel.c                        |    30 +-
 drivers/gpu/drm/drm_ras.c                          |    43 +-
 drivers/gpu/drm/drm_ras_nl.c                       |    13 +
 drivers/gpu/drm/drm_ras_nl.h                       |     2 +
 drivers/gpu/drm/drm_self_refresh_helper.c          |    12 +-
 drivers/gpu/drm/drm_simple_kms_helper.c            |    10 +-
 drivers/gpu/drm/drm_vblank.c                       |    36 +-
 drivers/gpu/drm/drm_vblank_helper.c                |     6 +-
 drivers/gpu/drm/etnaviv/etnaviv_drv.h              |    12 -
 drivers/gpu/drm/etnaviv/etnaviv_gem_submit.c       |     3 +-
 drivers/gpu/drm/etnaviv/etnaviv_sched.c            |     1 -
 drivers/gpu/drm/exynos/Kconfig                     |     3 +
 drivers/gpu/drm/exynos/exynos_dp.c                 |   110 +-
 drivers/gpu/drm/exynos/exynos_drm_crtc.c           |    10 +-
 drivers/gpu/drm/exynos/exynos_drm_plane.c          |     6 +-
 drivers/gpu/drm/fsl-dcu/fsl_dcu_drm_crtc.c         |     6 +-
 drivers/gpu/drm/fsl-dcu/fsl_dcu_drm_plane.c        |     6 +-
 drivers/gpu/drm/gma500/psb_drv.c                   |     1 -
 drivers/gpu/drm/gud/gud_connector.c                |    10 +-
 drivers/gpu/drm/gud/gud_drv.c                      |     1 +
 drivers/gpu/drm/gud/gud_internal.h                 |     8 +-
 drivers/gpu/drm/gud/gud_pipe.c                     |     8 +-
 drivers/gpu/drm/hisilicon/hibmc/dp/dp_comm.h       |     1 +
 drivers/gpu/drm/hisilicon/hibmc/dp/dp_hw.h         |     1 +
 drivers/gpu/drm/hisilicon/hibmc/dp/dp_link.c       |     2 +-
 drivers/gpu/drm/hisilicon/hibmc/hibmc_drm_de.c     |    90 +-
 drivers/gpu/drm/hisilicon/hibmc/hibmc_drm_dp.c     |    39 +-
 drivers/gpu/drm/hisilicon/hibmc/hibmc_drm_drv.c    |    14 +
 drivers/gpu/drm/hisilicon/hibmc/hibmc_drm_drv.h    |     1 +
 drivers/gpu/drm/hisilicon/hibmc/hibmc_drm_vdac.c   |    75 +-
 drivers/gpu/drm/hisilicon/kirin/kirin_drm_ade.c    |    14 +-
 drivers/gpu/drm/hyperv/hyperv_drm_modeset.c        |     6 +-
 drivers/gpu/drm/hyperv/hyperv_drm_proto.c          |     2 +-
 drivers/gpu/drm/i915/Kconfig.debug                 |     2 +-
 drivers/gpu/drm/i915/Makefile                      |     7 +-
 drivers/gpu/drm/i915/display/g4x_dp.c              |     4 +-
 drivers/gpu/drm/i915/display/g4x_dp.h              |    10 +-
 drivers/gpu/drm/i915/display/g4x_hdmi.c            |     4 +-
 drivers/gpu/drm/i915/display/g4x_hdmi.h            |    12 +-
 drivers/gpu/drm/i915/display/i9xx_display_sr.c     |     2 +-
 drivers/gpu/drm/i915/display/i9xx_plane.c          |     2 +-
 drivers/gpu/drm/i915/display/i9xx_wm.c             |    75 +-
 drivers/gpu/drm/i915/display/icl_dsi.c             |     2 +-
 drivers/gpu/drm/i915/display/intel_atomic.c        |    16 +-
 drivers/gpu/drm/i915/display/intel_atomic.h        |    12 +-
 drivers/gpu/drm/i915/display/intel_audio.c         |    32 +-
 drivers/gpu/drm/i915/display/intel_backlight.c     |     2 +-
 drivers/gpu/drm/i915/display/intel_bo.c            |    27 +
 drivers/gpu/drm/i915/display/intel_bo.h            |     8 +
 drivers/gpu/drm/i915/display/intel_bw.c            |    58 +-
 drivers/gpu/drm/i915/display/intel_casf.c          |   102 +-
 drivers/gpu/drm/i915/display/intel_casf.h          |     6 +-
 drivers/gpu/drm/i915/display/intel_cdclk.c         |   142 +-
 drivers/gpu/drm/i915/display/intel_color.c         |    62 +-
 drivers/gpu/drm/i915/display/intel_combo_phy.c     |     2 +-
 drivers/gpu/drm/i915/display/intel_crt.c           |     8 +-
 drivers/gpu/drm/i915/display/intel_crt.h           |     6 +-
 .../gpu/drm/i915/display/intel_crtc_state_dump.c   |    26 +-
 drivers/gpu/drm/i915/display/intel_cursor.c        |     1 -
 drivers/gpu/drm/i915/display/intel_cx0_phy.c       |     4 +-
 drivers/gpu/drm/i915/display/intel_ddi.c           |    69 +-
 drivers/gpu/drm/i915/display/intel_ddi.h           |     6 +-
 drivers/gpu/drm/i915/display/intel_ddi_buf_trans.c |    11 +-
 drivers/gpu/drm/i915/display/intel_ddi_buf_trans.h |     3 +
 drivers/gpu/drm/i915/display/intel_de.c            |    36 +-
 drivers/gpu/drm/i915/display/intel_de.h            |    57 +-
 drivers/gpu/drm/i915/display/intel_display.c       |   108 +-
 drivers/gpu/drm/i915/display/intel_display.h       |    16 +-
 .../drm/i915/display/intel_display_clock_gating.c  |   270 +
 .../drm/i915/display/intel_display_clock_gating.h  |    27 +
 drivers/gpu/drm/i915/display/intel_display_core.h  |    64 +-
 .../gpu/drm/i915/display/intel_display_debugfs.c   |     7 +-
 .../gpu/drm/i915/display/intel_display_device.c    |     4 +-
 .../gpu/drm/i915/display/intel_display_device.h    |     1 +
 .../gpu/drm/i915/display/intel_display_driver.c    |     8 +-
 .../gpu/drm/i915/display/intel_display_driver.h    |     4 +-
 drivers/gpu/drm/i915/display/intel_display_irq.c   |    24 +-
 drivers/gpu/drm/i915/display/intel_display_power.c |    18 +-
 .../gpu/drm/i915/display/intel_display_power_map.c |     2 +-
 .../drm/i915/display/intel_display_power_well.c    |    73 +-
 .../gpu/drm/i915/display/intel_display_reg_defs.h  |    35 +
 drivers/gpu/drm/i915/display/intel_display_regs.h  |    82 +-
 drivers/gpu/drm/i915/display/intel_display_reset.c |    50 +-
 drivers/gpu/drm/i915/display/intel_display_reset.h |     8 +-
 drivers/gpu/drm/i915/display/intel_display_types.h |    28 +-
 drivers/gpu/drm/i915/display/intel_display_wa.c    |     2 +-
 drivers/gpu/drm/i915/display/intel_dmc.c           |    62 +-
 drivers/gpu/drm/i915/display/intel_dmc_wl.c        |    16 +-
 drivers/gpu/drm/i915/display/intel_dmc_wl.h        |     6 +-
 drivers/gpu/drm/i915/display/intel_dp.c            |   312 +-
 drivers/gpu/drm/i915/display/intel_dp.h            |     3 +
 drivers/gpu/drm/i915/display/intel_dp_aux.c        |    28 +-
 .../gpu/drm/i915/display/intel_dp_link_training.c  |   124 +-
 .../gpu/drm/i915/display/intel_dp_link_training.h  |     2 +-
 drivers/gpu/drm/i915/display/intel_dp_mst.c        |    15 +-
 drivers/gpu/drm/i915/display/intel_dp_tunnel.c     |    18 +
 drivers/gpu/drm/i915/display/intel_dp_tunnel.h     |     6 +
 drivers/gpu/drm/i915/display/intel_dpio_phy.c      |   184 +-
 drivers/gpu/drm/i915/display/intel_dpll.c          |   144 +-
 drivers/gpu/drm/i915/display/intel_dpll_mgr.c      |    36 +-
 drivers/gpu/drm/i915/display/intel_dram.c          |    48 +-
 drivers/gpu/drm/i915/display/intel_dsb.c           |    22 +-
 drivers/gpu/drm/i915/display/intel_dsb.h           |    10 +-
 drivers/gpu/drm/i915/display/intel_dsi.c           |     7 +-
 drivers/gpu/drm/i915/display/intel_dvo.c           |    29 +-
 drivers/gpu/drm/i915/display/intel_dvo_dev.h       |     2 +-
 drivers/gpu/drm/i915/display/intel_fb.c            |    49 +-
 drivers/gpu/drm/i915/display/intel_fb.h            |     3 +-
 drivers/gpu/drm/i915/display/intel_fb_pin.c        |   357 -
 drivers/gpu/drm/i915/display/intel_fb_pin.h        |    33 -
 drivers/gpu/drm/i915/display/intel_fbc.c           |    13 +-
 drivers/gpu/drm/i915/display/intel_fbdev.c         |    59 +-
 drivers/gpu/drm/i915/display/intel_fbdev.h         |    11 +-
 drivers/gpu/drm/i915/display/intel_fbdev_fb.c      |   118 -
 drivers/gpu/drm/i915/display/intel_fbdev_fb.h      |    24 -
 drivers/gpu/drm/i915/display/intel_fdi.c           |    25 +-
 drivers/gpu/drm/i915/display/intel_fifo_underrun.c |     4 +-
 drivers/gpu/drm/i915/display/intel_flipq.c         |     2 +-
 drivers/gpu/drm/i915/display/intel_gmbus.c         |     4 +-
 drivers/gpu/drm/i915/display/intel_hdcp.c          |    27 +-
 drivers/gpu/drm/i915/display/intel_hdmi.c          |   195 +-
 drivers/gpu/drm/i915/display/intel_hotplug_irq.c   |    30 +-
 drivers/gpu/drm/i915/display/intel_initial_plane.c |    83 +-
 drivers/gpu/drm/i915/display/intel_load_detect.c   |    20 +-
 drivers/gpu/drm/i915/display/intel_load_detect.h   |     6 +-
 drivers/gpu/drm/i915/display/intel_lpe_audio.c     |     2 +-
 drivers/gpu/drm/i915/display/intel_lt_phy.c        |     8 +-
 drivers/gpu/drm/i915/display/intel_lvds.c          |    13 +-
 drivers/gpu/drm/i915/display/intel_lvds.h          |     6 +-
 drivers/gpu/drm/i915/display/intel_mchbar.c        |    78 +
 drivers/gpu/drm/i915/display/intel_mchbar.h        |    21 +
 drivers/gpu/drm/i915/display/intel_modeset_lock.c  |     2 +-
 drivers/gpu/drm/i915/display/intel_modeset_setup.c |     9 +-
 drivers/gpu/drm/i915/display/intel_opregion.c      |     2 +-
 drivers/gpu/drm/i915/display/intel_overlay.c       |    10 +-
 drivers/gpu/drm/i915/display/intel_panel.c         |     9 +-
 drivers/gpu/drm/i915/display/intel_panel.h         |     3 +-
 drivers/gpu/drm/i915/display/intel_parent.c        |    95 +-
 drivers/gpu/drm/i915/display/intel_parent.h        |    42 +-
 drivers/gpu/drm/i915/display/intel_pch_display.c   |    14 +-
 drivers/gpu/drm/i915/display/intel_pfit.c          |    24 +-
 drivers/gpu/drm/i915/display/intel_pipe_crc.c      |     8 +-
 drivers/gpu/drm/i915/display/intel_plane.c         |   151 +-
 drivers/gpu/drm/i915/display/intel_plane.h         |     6 +
 drivers/gpu/drm/i915/display/intel_pmdemand.c      |     2 +-
 drivers/gpu/drm/i915/display/intel_pps.c           |    38 +-
 drivers/gpu/drm/i915/display/intel_psr.c           |    74 +-
 drivers/gpu/drm/i915/display/intel_quirks.c        |    17 +
 drivers/gpu/drm/i915/display/intel_quirks.h        |     1 +
 drivers/gpu/drm/i915/display/intel_rom.c           |    19 +-
 drivers/gpu/drm/i915/display/intel_sdvo.c          |    25 +-
 drivers/gpu/drm/i915/display/intel_sdvo.h          |    10 +-
 drivers/gpu/drm/i915/display/intel_snps_phy.c      |     6 +-
 drivers/gpu/drm/i915/display/intel_sprite_uapi.c   |     8 +-
 drivers/gpu/drm/i915/display/intel_tc.c            |    16 +-
 drivers/gpu/drm/i915/display/intel_tv.c            |     4 +-
 drivers/gpu/drm/i915/display/intel_vblank.c        |     6 +-
 drivers/gpu/drm/i915/display/intel_vdsc.c          |    10 +-
 drivers/gpu/drm/i915/display/intel_vga.c           |     4 +-
 drivers/gpu/drm/i915/display/intel_vrr.c           |    16 +-
 drivers/gpu/drm/i915/display/intel_wm.c            |    32 +-
 drivers/gpu/drm/i915/display/skl_scaler.c          |   110 +-
 drivers/gpu/drm/i915/display/skl_scaler.h          |     2 -
 drivers/gpu/drm/i915/display/skl_universal_plane.c |    37 +-
 drivers/gpu/drm/i915/display/skl_watermark.c       |   296 +-
 drivers/gpu/drm/i915/display/vlv_clock.c           |    13 +-
 drivers/gpu/drm/i915/display/vlv_dsi.c             |    36 +-
 drivers/gpu/drm/i915/display/vlv_dsi_pll.c         |    38 +-
 drivers/gpu/drm/i915/display/vlv_sideband.c        |   136 +-
 drivers/gpu/drm/i915/display/vlv_sideband.h        |   166 +-
 drivers/gpu/drm/i915/gem/i915_gem_execbuffer.c     |     3 +-
 drivers/gpu/drm/i915/gem/i915_gem_stolen.c         |     4 +-
 drivers/gpu/drm/i915/gt/intel_ggtt.c               |     2 +-
 drivers/gpu/drm/i915/gt/intel_ggtt_fencing.c       |     2 +-
 drivers/gpu/drm/i915/gt/intel_gt.c                 |     2 +-
 drivers/gpu/drm/i915/gt/intel_gt_pm_debugfs.c      |     1 -
 drivers/gpu/drm/i915/gt/intel_llc.c                |     2 +-
 drivers/gpu/drm/i915/gt/intel_region_lmem.c        |     2 +-
 drivers/gpu/drm/i915/gt/intel_reset.c              |    40 +-
 drivers/gpu/drm/i915/gt/intel_rps.c                |     4 +-
 drivers/gpu/drm/i915/gt/uc/intel_guc_slpc.c        |     1 -
 drivers/gpu/drm/i915/gvt/cfg_space.c               |     2 +-
 drivers/gpu/drm/i915/gvt/handlers.c                |     1 -
 drivers/gpu/drm/i915/i915_bo.c                     |   114 +
 drivers/gpu/drm/i915/i915_bo.h                     |     6 +
 drivers/gpu/drm/i915/i915_debugfs.c                |     2 +-
 drivers/gpu/drm/i915/i915_dpt.c                    |     5 +-
 drivers/gpu/drm/i915/i915_driver.c                 |     6 +-
 drivers/gpu/drm/i915/i915_drv.h                    |     2 +
 drivers/gpu/drm/i915/i915_fb_pin.c                 |   311 +
 drivers/gpu/drm/i915/i915_fb_pin.h                 |     9 +
 drivers/gpu/drm/i915/i915_freq.c                   |     2 +-
 drivers/gpu/drm/i915/i915_gmch.c                   |     2 +-
 drivers/gpu/drm/i915/i915_gtt_view_types.h         |    15 +
 drivers/gpu/drm/i915/i915_hwmon.c                  |     2 +-
 drivers/gpu/drm/i915/i915_initial_plane.c          |    33 +-
 drivers/gpu/drm/i915/i915_irq.h                    |     7 -
 drivers/gpu/drm/i915/i915_overlay.c                |     8 +-
 drivers/gpu/drm/i915/i915_pci.c                    |     2 +-
 drivers/gpu/drm/i915/i915_reg.h                    |    31 -
 drivers/gpu/drm/i915/i915_vma.c                    |    10 -
 drivers/gpu/drm/i915/i915_vma.h                    |     2 -
 drivers/gpu/drm/i915/intel_clock_gating.c          |   230 +-
 drivers/gpu/drm/i915/intel_gvt_mmio_table.c        |     2 +-
 drivers/gpu/drm/i915/selftests/mock_gem_device.c   |     1 +
 drivers/gpu/drm/i915/vlv_iosf_sb.c                 |     8 +
 drivers/gpu/drm/i915/vlv_iosf_sb.h                 |    16 +-
 drivers/gpu/drm/imagination/pvr_fw_trace.c         |     2 +-
 drivers/gpu/drm/imagination/pvr_job.c              |     8 +-
 drivers/gpu/drm/imagination/pvr_queue.c            |   155 +-
 drivers/gpu/drm/imagination/pvr_queue.h            |     2 +-
 .../gpu/drm/imagination/pvr_rogue_fwif_shared.h    |    10 +-
 drivers/gpu/drm/imagination/pvr_sync.c             |     8 +-
 drivers/gpu/drm/imagination/pvr_sync.h             |     2 +-
 drivers/gpu/drm/imx/dc/dc-crtc.c                   |    10 +-
 drivers/gpu/drm/imx/dc/dc-kms.c                    |     8 +-
 drivers/gpu/drm/imx/dc/dc-plane.c                  |     6 +-
 drivers/gpu/drm/imx/dcss/dcss-crtc.c               |     8 +-
 drivers/gpu/drm/imx/dcss/dcss-kms.c                |     2 -
 drivers/gpu/drm/imx/dcss/dcss-plane.c              |     6 +-
 drivers/gpu/drm/imx/ipuv3/Kconfig                  |     6 +-
 drivers/gpu/drm/imx/ipuv3/imx-drm-core.c           |     4 +-
 drivers/gpu/drm/imx/ipuv3/imx-drm.h                |     2 +-
 drivers/gpu/drm/imx/ipuv3/imx-ldb.c                |     8 +-
 drivers/gpu/drm/imx/ipuv3/ipuv3-crtc.c             |    10 +-
 drivers/gpu/drm/imx/ipuv3/ipuv3-plane.c            |     8 +-
 drivers/gpu/drm/imx/ipuv3/parallel-display.c       |     7 +-
 drivers/gpu/drm/imx/lcdc/imx-lcdc.c                |     2 -
 drivers/gpu/drm/ingenic/ingenic-drm-drv.c          |    26 +-
 drivers/gpu/drm/ingenic/ingenic-ipu.c              |    10 +-
 drivers/gpu/drm/kmb/kmb_crtc.c                     |    10 +-
 drivers/gpu/drm/kmb/kmb_drv.h                      |     2 +-
 drivers/gpu/drm/kmb/kmb_dsi.c                      |     8 +-
 drivers/gpu/drm/kmb/kmb_dsi.h                      |     2 +-
 drivers/gpu/drm/kmb/kmb_plane.c                    |     6 +-
 drivers/gpu/drm/lima/lima_sched.c                  |     1 -
 drivers/gpu/drm/logicvc/logicvc_crtc.c             |     6 +-
 drivers/gpu/drm/logicvc/logicvc_layer.c            |     6 +-
 drivers/gpu/drm/loongson/lsdc_crtc.c               |     8 +-
 drivers/gpu/drm/loongson/lsdc_output_7a1000.c      |     2 +-
 drivers/gpu/drm/loongson/lsdc_output_7a2000.c      |     6 +-
 drivers/gpu/drm/loongson/lsdc_plane.c              |    22 +-
 drivers/gpu/drm/mediatek/mtk_crtc.c                |    12 +-
 drivers/gpu/drm/mediatek/mtk_crtc.h                |     2 +-
 drivers/gpu/drm/mediatek/mtk_dp.c                  |     4 +-
 drivers/gpu/drm/mediatek/mtk_dpi.c                 |     1 -
 drivers/gpu/drm/mediatek/mtk_drm_drv.h             |     2 +-
 drivers/gpu/drm/mediatek/mtk_dsi.c                 |     9 +-
 drivers/gpu/drm/mediatek/mtk_hdmi.c                |     8 +-
 drivers/gpu/drm/mediatek/mtk_hdmi_v2.c             |     8 +-
 drivers/gpu/drm/mediatek/mtk_plane.c               |    10 +-
 drivers/gpu/drm/meson/meson_crtc.c                 |    12 +-
 drivers/gpu/drm/meson/meson_encoder_cvbs.c         |     6 +-
 drivers/gpu/drm/meson/meson_encoder_dsi.c          |     4 +-
 drivers/gpu/drm/meson/meson_encoder_hdmi.c         |     6 +-
 drivers/gpu/drm/meson/meson_overlay.c              |     6 +-
 drivers/gpu/drm/meson/meson_plane.c                |     6 +-
 drivers/gpu/drm/mgag200/mgag200_drv.c              |     1 -
 drivers/gpu/drm/mgag200/mgag200_drv.h              |    26 +-
 drivers/gpu/drm/mgag200/mgag200_g200.c             |     4 +-
 drivers/gpu/drm/mgag200/mgag200_g200eh.c           |     4 +-
 drivers/gpu/drm/mgag200/mgag200_g200eh3.c          |     2 +-
 drivers/gpu/drm/mgag200/mgag200_g200eh5.c          |     2 +-
 drivers/gpu/drm/mgag200/mgag200_g200er.c           |     6 +-
 drivers/gpu/drm/mgag200/mgag200_g200ev.c           |     6 +-
 drivers/gpu/drm/mgag200/mgag200_g200ew3.c          |     2 +-
 drivers/gpu/drm/mgag200/mgag200_g200se.c           |    23 +-
 drivers/gpu/drm/mgag200/mgag200_g200wb.c           |     4 +-
 drivers/gpu/drm/mgag200/mgag200_mode.c             |   127 +-
 drivers/gpu/drm/mgag200/mgag200_reg.h              |     1 +
 drivers/gpu/drm/mgag200/mgag200_vga_bmc.c          |     4 +-
 drivers/gpu/drm/msm/disp/dpu1/dpu_crtc.c           |    12 +-
 drivers/gpu/drm/msm/disp/dpu1/dpu_encoder.c        |     8 +-
 drivers/gpu/drm/msm/disp/dpu1/dpu_encoder.h        |     4 +-
 drivers/gpu/drm/msm/disp/dpu1/dpu_kms.c            |     4 +-
 drivers/gpu/drm/msm/disp/dpu1/dpu_kms.h            |     2 +-
 drivers/gpu/drm/msm/disp/dpu1/dpu_plane.c          |    12 +-
 drivers/gpu/drm/msm/disp/dpu1/dpu_plane.h          |     2 +-
 drivers/gpu/drm/msm/disp/dpu1/dpu_writeback.c      |     2 +-
 drivers/gpu/drm/msm/disp/mdp4/mdp4_crtc.c          |    10 +-
 drivers/gpu/drm/msm/disp/mdp4/mdp4_kms.c           |     7 -
 drivers/gpu/drm/msm/disp/mdp4/mdp4_plane.c         |     4 +-
 drivers/gpu/drm/msm/disp/mdp5/mdp5_crtc.c          |    10 +-
 drivers/gpu/drm/msm/disp/mdp5/mdp5_kms.c           |     4 +-
 drivers/gpu/drm/msm/disp/mdp5/mdp5_kms.h           |     4 +-
 drivers/gpu/drm/msm/disp/mdp5/mdp5_mixer.c         |     4 +-
 drivers/gpu/drm/msm/disp/mdp5/mdp5_mixer.h         |     4 +-
 drivers/gpu/drm/msm/disp/mdp5/mdp5_pipe.c          |     4 +-
 drivers/gpu/drm/msm/disp/mdp5/mdp5_pipe.h          |     4 +-
 drivers/gpu/drm/msm/disp/mdp5/mdp5_plane.c         |     8 +-
 drivers/gpu/drm/msm/disp/msm_disp_snapshot.h       |     2 +-
 drivers/gpu/drm/msm/disp/msm_disp_snapshot_util.c  |     2 +-
 drivers/gpu/drm/msm/dp/dp_display.c                |     6 +-
 drivers/gpu/drm/msm/dp/dp_drm.c                    |     8 +-
 drivers/gpu/drm/msm/dp/dp_drm.h                    |     6 +-
 drivers/gpu/drm/msm/dsi/dsi_manager.c              |     4 -
 drivers/gpu/drm/msm/hdmi/hdmi.c                    |     2 -
 drivers/gpu/drm/msm/hdmi/hdmi_bridge.c             |     4 +-
 drivers/gpu/drm/msm/msm_atomic.c                   |     8 +-
 drivers/gpu/drm/msm/msm_drv.h                      |     6 +-
 drivers/gpu/drm/msm/msm_gem_vma.c                  |     1 -
 drivers/gpu/drm/msm/msm_kms.h                      |     4 +-
 drivers/gpu/drm/msm/msm_ringbuffer.c               |     1 -
 drivers/gpu/drm/mxsfb/Kconfig                      |     2 +
 drivers/gpu/drm/mxsfb/lcdif_drv.c                  |    61 +-
 drivers/gpu/drm/mxsfb/lcdif_kms.c                  |    12 +-
 drivers/gpu/drm/mxsfb/mxsfb_kms.c                  |    16 +-
 drivers/gpu/drm/nouveau/dispnv50/atom.h            |     6 +-
 drivers/gpu/drm/nouveau/dispnv50/crc.c             |    17 +-
 drivers/gpu/drm/nouveau/dispnv50/crc.h             |    16 +-
 drivers/gpu/drm/nouveau/dispnv50/disp.c            |    70 +-
 drivers/gpu/drm/nouveau/dispnv50/head.c            |     2 +-
 drivers/gpu/drm/nouveau/dispnv50/wndw.c            |     2 +-
 drivers/gpu/drm/nouveau/nouveau_abi16.c            |     2 +-
 drivers/gpu/drm/nouveau/nouveau_bios.c             |    21 +-
 drivers/gpu/drm/nouveau/nouveau_connector.c        |     2 +-
 drivers/gpu/drm/nouveau/nouveau_display.h          |     2 +-
 drivers/gpu/drm/nouveau/nouveau_drm.c              |     2 +-
 drivers/gpu/drm/nouveau/nouveau_encoder.h          |     4 +-
 drivers/gpu/drm/nouveau/nouveau_sched.c            |     4 +-
 .../gpu/drm/nouveau/nvkm/subdev/gsp/rm/r535/disp.c |     3 +-
 drivers/gpu/drm/nouveau/nvkm/subdev/mmu/vmm.c      |     3 +-
 drivers/gpu/drm/omapdrm/dss/hdmi4.c                |     4 +-
 drivers/gpu/drm/omapdrm/dss/hdmi5.c                |     4 +-
 drivers/gpu/drm/omapdrm/dss/output.c               |    11 +-
 drivers/gpu/drm/omapdrm/omap_crtc.c                |    10 +-
 drivers/gpu/drm/omapdrm/omap_drv.c                 |    16 +-
 drivers/gpu/drm/omapdrm/omap_drv.h                 |     2 +-
 drivers/gpu/drm/omapdrm/omap_overlay.c             |     4 +-
 drivers/gpu/drm/omapdrm/omap_overlay.h             |     4 +-
 drivers/gpu/drm/omapdrm/omap_plane.c               |     6 +-
 drivers/gpu/drm/panel/Kconfig                      |    58 +-
 drivers/gpu/drm/panel/Makefile                     |     3 +
 drivers/gpu/drm/panel/panel-chipwealth-ch13726a.c  |   333 +
 drivers/gpu/drm/panel/panel-edp.c                  |    18 +-
 drivers/gpu/drm/panel/panel-focaltech-ota7290b.c   |   225 +
 drivers/gpu/drm/panel/panel-himax-hx83102.c        |   144 +-
 drivers/gpu/drm/panel/panel-himax-hx8394.c         |   279 +-
 drivers/gpu/drm/panel/panel-ilitek-ili9806e-core.c |    10 +-
 drivers/gpu/drm/panel/panel-ilitek-ili9881c.c      |   251 +-
 drivers/gpu/drm/panel/panel-jadard-jd9365da-h3.c   |  1423 +-
 drivers/gpu/drm/panel/panel-lxd-m9189a.c           |    11 +-
 drivers/gpu/drm/panel/panel-novatek-nt35532.c      |   796 +
 drivers/gpu/drm/panel/panel-novatek-nt37700f.c     |    11 +-
 .../gpu/drm/panel/panel-panasonic-vvx10f034n00.c   |    24 +-
 drivers/gpu/drm/panel/panel-samsung-s6e63m0.c      |    14 +-
 drivers/gpu/drm/panel/panel-sharp-ls043t1le01.c    |    11 +-
 drivers/gpu/drm/panel/panel-simple.c               |   482 +
 .../gpu/drm/panel/panel-startek-kd070fhfid015.c    |    12 +-
 drivers/gpu/drm/panel/panel-tdo-tl070wsh30.c       |    14 +-
 drivers/gpu/drm/panel/panel-truly-nt35597.c        |    10 +-
 drivers/gpu/drm/panel/panel-visionox-g2647fb105.c  |    13 +-
 drivers/gpu/drm/panfrost/panfrost_device.c         |    34 +-
 drivers/gpu/drm/panfrost/panfrost_device.h         |     1 +
 drivers/gpu/drm/panfrost/panfrost_drv.c            |     1 +
 drivers/gpu/drm/panfrost/panfrost_job.c            |     1 -
 drivers/gpu/drm/panthor/Kconfig                    |     1 -
 drivers/gpu/drm/panthor/panthor_device.c           |    39 +-
 drivers/gpu/drm/panthor/panthor_device.h           |   165 +-
 drivers/gpu/drm/panthor/panthor_drv.c              |    41 +-
 drivers/gpu/drm/panthor/panthor_drv.h              |     2 +
 drivers/gpu/drm/panthor/panthor_fw.c               |    56 +-
 drivers/gpu/drm/panthor/panthor_fw.h               |     1 +
 drivers/gpu/drm/panthor/panthor_fw_regs.h          |    29 +
 drivers/gpu/drm/panthor/panthor_gem.c              |  1453 +-
 drivers/gpu/drm/panthor/panthor_gem.h              |   136 +-
 drivers/gpu/drm/panthor/panthor_gpu.c              |   101 +-
 drivers/gpu/drm/panthor/panthor_gpu.h              |     6 +
 drivers/gpu/drm/panthor/panthor_gpu_regs.h         |   119 +
 drivers/gpu/drm/panthor/panthor_heap.c             |     2 +-
 drivers/gpu/drm/panthor/panthor_hw.c               |    56 +-
 drivers/gpu/drm/panthor/panthor_hw.h               |     2 +-
 drivers/gpu/drm/panthor/panthor_mmu.c              |   565 +-
 drivers/gpu/drm/panthor/panthor_mmu.h              |     8 +
 drivers/gpu/drm/panthor/panthor_mmu_regs.h         |    69 +
 drivers/gpu/drm/panthor/panthor_pwr.c              |    95 +-
 drivers/gpu/drm/panthor/panthor_pwr_regs.h         |    79 +
 drivers/gpu/drm/panthor/panthor_regs.h             |   291 -
 drivers/gpu/drm/panthor/panthor_sched.c            |    90 +-
 drivers/gpu/drm/qxl/qxl_display.c                  |    16 +-
 drivers/gpu/drm/radeon/cik.c                       |     2 +-
 drivers/gpu/drm/radeon/radeon_gem.c                |    13 +-
 drivers/gpu/drm/radeon/radeon_ring.c               |     4 +-
 drivers/gpu/drm/radeon/si.c                        |     2 +-
 drivers/gpu/drm/renesas/rcar-du/rcar_du_crtc.c     |    18 +-
 drivers/gpu/drm/renesas/rcar-du/rcar_du_encoder.c  |    31 +-
 drivers/gpu/drm/renesas/rcar-du/rcar_du_encoder.h  |     1 +
 drivers/gpu/drm/renesas/rcar-du/rcar_du_kms.c      |     6 +-
 drivers/gpu/drm/renesas/rcar-du/rcar_du_plane.c    |     6 +-
 drivers/gpu/drm/renesas/rcar-du/rcar_du_plane.h    |     2 +-
 drivers/gpu/drm/renesas/rcar-du/rcar_du_vsp.c      |     4 +-
 drivers/gpu/drm/renesas/rcar-du/rcar_lvds.c        |     6 +-
 drivers/gpu/drm/renesas/rcar-du/rcar_mipi_dsi.c    |     6 +-
 drivers/gpu/drm/renesas/rcar-du/rcar_mipi_dsi.h    |     6 +-
 drivers/gpu/drm/renesas/rz-du/rzg2l_du_crtc.c      |     6 +-
 drivers/gpu/drm/renesas/rz-du/rzg2l_du_encoder.c   |    15 +-
 drivers/gpu/drm/renesas/rz-du/rzg2l_du_vsp.c       |    20 +-
 drivers/gpu/drm/renesas/rz-du/rzg2l_du_vsp.h       |     2 +
 drivers/gpu/drm/renesas/rz-du/rzg2l_mipi_dsi.c     |    70 +-
 drivers/gpu/drm/renesas/shmobile/shmob_drm_crtc.c  |    22 +-
 drivers/gpu/drm/renesas/shmobile/shmob_drm_plane.c |     6 +-
 drivers/gpu/drm/rockchip/Kconfig                   |     1 +
 drivers/gpu/drm/rockchip/analogix_dp-rockchip.c    |    73 +-
 drivers/gpu/drm/rockchip/cdn-dp-core.c             |     6 +-
 drivers/gpu/drm/rockchip/cdn-dp-reg.c              |     2 +
 drivers/gpu/drm/rockchip/dw-mipi-dsi2-rockchip.c   |     2 +-
 drivers/gpu/drm/rockchip/dw_dp-rockchip.c          |    35 +-
 drivers/gpu/drm/rockchip/dw_hdmi_qp-rockchip.c     |    15 +-
 drivers/gpu/drm/rockchip/inno_hdmi-rockchip.c      |     5 +-
 drivers/gpu/drm/rockchip/rk3066_hdmi.c             |     8 +-
 drivers/gpu/drm/rockchip/rockchip_drm_gem.c        |     2 +-
 drivers/gpu/drm/rockchip/rockchip_drm_vop.c        |    22 +-
 drivers/gpu/drm/rockchip/rockchip_drm_vop2.c       |    18 +-
 drivers/gpu/drm/rockchip/rockchip_lvds.c           |     6 -
 drivers/gpu/drm/rockchip/rockchip_rgb.c            |     9 -
 drivers/gpu/drm/scheduler/Makefile                 |     2 +-
 drivers/gpu/drm/scheduler/sched_entity.c           |   175 +-
 drivers/gpu/drm/scheduler/sched_fence.c            |     2 +-
 drivers/gpu/drm/scheduler/sched_internal.h         |    70 +-
 drivers/gpu/drm/scheduler/sched_main.c             |   351 +-
 drivers/gpu/drm/scheduler/sched_rq.c               |   383 +
 drivers/gpu/drm/scheduler/tests/Makefile           |     3 +-
 drivers/gpu/drm/scheduler/tests/mock_scheduler.c   |     1 -
 drivers/gpu/drm/scheduler/tests/tests_scheduler.c  |   882 +
 drivers/gpu/drm/sitronix/st7571.c                  |    10 +-
 drivers/gpu/drm/sitronix/st7586.c                  |     6 +-
 drivers/gpu/drm/sitronix/st7735r.c                 |     2 +-
 drivers/gpu/drm/sitronix/st7920.c                  |    12 +-
 drivers/gpu/drm/solomon/ssd130x.c                  |    32 +-
 drivers/gpu/drm/sprd/sprd_dpu.c                    |    12 +-
 drivers/gpu/drm/sti/sti_crtc.c                     |     6 +-
 drivers/gpu/drm/sti/sti_cursor.c                   |     6 +-
 drivers/gpu/drm/sti/sti_gdp.c                      |     6 +-
 drivers/gpu/drm/sti/sti_hqvdp.c                    |     6 +-
 drivers/gpu/drm/stm/drv.c                          |     2 +-
 drivers/gpu/drm/stm/ltdc.c                         |    12 +-
 drivers/gpu/drm/stm/ltdc.h                         |     2 +-
 drivers/gpu/drm/stm/lvds.c                         |     6 +-
 drivers/gpu/drm/sun4i/sun4i_backend.c              |     4 +-
 drivers/gpu/drm/sun4i/sun4i_crtc.c                 |    10 +-
 drivers/gpu/drm/sun4i/sun4i_framebuffer.c          |     2 +-
 drivers/gpu/drm/sun4i/sun4i_hdmi_enc.c             |     4 +-
 drivers/gpu/drm/sun4i/sun4i_layer.c                |     4 +-
 drivers/gpu/drm/sun4i/sun4i_tv.c                   |     4 +-
 drivers/gpu/drm/sun4i/sun8i_mixer.c                |     2 +-
 drivers/gpu/drm/sun4i/sun8i_ui_layer.c             |     4 +-
 drivers/gpu/drm/sun4i/sun8i_vi_layer.c             |     4 +-
 drivers/gpu/drm/sun4i/sunxi_engine.h               |     4 +-
 drivers/gpu/drm/sysfb/corebootdrm.c                |    21 +
 drivers/gpu/drm/sysfb/drm_sysfb_helper.h           |     8 +-
 drivers/gpu/drm/sysfb/drm_sysfb_modeset.c          |     8 +-
 drivers/gpu/drm/sysfb/efidrm.c                     |    19 +
 drivers/gpu/drm/sysfb/ofdrm.c                      |    21 +-
 drivers/gpu/drm/sysfb/simpledrm.c                  |    21 +
 drivers/gpu/drm/sysfb/vesadrm.c                    |    23 +-
 drivers/gpu/drm/tegra/dc.c                         |    32 +-
 drivers/gpu/drm/tegra/dc.h                         |     2 +-
 drivers/gpu/drm/tegra/drm.c                        |     6 +-
 drivers/gpu/drm/tegra/hdmi.c                       |     2 -
 drivers/gpu/drm/tegra/hub.c                        |    12 +-
 drivers/gpu/drm/tegra/hub.h                        |     4 +-
 drivers/gpu/drm/tegra/rgb.c                        |     2 -
 drivers/gpu/drm/tests/Makefile                     |     2 +-
 ...tomic_state_test.c => drm_atomic_commit_test.c} |    12 +-
 drivers/gpu/drm/tests/drm_bridge_test.c            |    10 +-
 drivers/gpu/drm/tests/drm_hdmi_state_helper_test.c |    88 +-
 drivers/gpu/drm/tests/drm_kunit_helpers.c          |    18 +-
 drivers/gpu/drm/tidss/tidss_crtc.c                 |    10 +-
 drivers/gpu/drm/tidss/tidss_encoder.c              |     8 +-
 drivers/gpu/drm/tidss/tidss_kms.c                  |     6 +-
 drivers/gpu/drm/tidss/tidss_oldi.c                 |     4 +-
 drivers/gpu/drm/tidss/tidss_plane.c                |     8 +-
 drivers/gpu/drm/tilcdc/tilcdc_crtc.c               |    10 +-
 drivers/gpu/drm/tilcdc/tilcdc_drv.c                |     2 +-
 drivers/gpu/drm/tilcdc/tilcdc_encoder.c            |     6 -
 drivers/gpu/drm/tilcdc/tilcdc_plane.c              |     4 +-
 drivers/gpu/drm/tiny/appletbdrm.c                  |     6 +-
 drivers/gpu/drm/tiny/bochs.c                       |    10 +-
 drivers/gpu/drm/tiny/cirrus-qemu.c                 |     8 +-
 drivers/gpu/drm/tiny/hx8357d.c                     |     2 +-
 drivers/gpu/drm/tiny/ili9163.c                     |     2 +-
 drivers/gpu/drm/tiny/ili9225.c                     |     6 +-
 drivers/gpu/drm/tiny/ili9341.c                     |     2 +-
 drivers/gpu/drm/tiny/ili9486.c                     |     2 +-
 drivers/gpu/drm/tiny/mi0283qt.c                    |     2 +-
 drivers/gpu/drm/tiny/panel-mipi-dbi.c              |     2 +-
 drivers/gpu/drm/tiny/pixpaper.c                    |    10 +-
 drivers/gpu/drm/tiny/sharp-memory.c                |    10 +-
 drivers/gpu/drm/tve200/tve200_drv.c                |     6 +-
 drivers/gpu/drm/udl/udl_modeset.c                  |     8 +-
 drivers/gpu/drm/v3d/Makefile                       |     1 +
 drivers/gpu/drm/v3d/v3d_debugfs.c                  |    23 +-
 drivers/gpu/drm/v3d/v3d_drv.c                      |   160 +-
 drivers/gpu/drm/v3d/v3d_drv.h                      |    18 +
 drivers/gpu/drm/v3d/v3d_gem.c                      |    17 +-
 drivers/gpu/drm/v3d/v3d_irq.c                      |    15 +-
 drivers/gpu/drm/v3d/v3d_mmu.c                      |    10 +-
 drivers/gpu/drm/v3d/v3d_perfmon.c                  |    18 +-
 drivers/gpu/drm/v3d/v3d_power.c                    |    87 +
 drivers/gpu/drm/v3d/v3d_sched.c                    |     1 -
 drivers/gpu/drm/v3d/v3d_submit.c                   |    19 +-
 drivers/gpu/drm/vboxvideo/vbox_mode.c              |    18 +-
 drivers/gpu/drm/vc4/tests/vc4_mock.h               |     4 +-
 drivers/gpu/drm/vc4/tests/vc4_mock_output.c        |     4 +-
 drivers/gpu/drm/vc4/tests/vc4_test_pv_muxing.c     |    50 +-
 drivers/gpu/drm/vc4/vc4_bo.c                       |     1 -
 drivers/gpu/drm/vc4/vc4_crtc.c                     |    10 +-
 drivers/gpu/drm/vc4/vc4_drv.c                      |     2 -
 drivers/gpu/drm/vc4/vc4_drv.h                      |    28 +-
 drivers/gpu/drm/vc4/vc4_dsi.c                      |     8 +-
 drivers/gpu/drm/vc4/vc4_gem.c                      |     1 -
 drivers/gpu/drm/vc4/vc4_hdmi.c                     |    12 +-
 drivers/gpu/drm/vc4/vc4_hvs.c                      |    10 +-
 drivers/gpu/drm/vc4/vc4_irq.c                      |    33 +-
 drivers/gpu/drm/vc4/vc4_kms.c                      |    30 +-
 drivers/gpu/drm/vc4/vc4_plane.c                    |    10 +-
 drivers/gpu/drm/vc4/vc4_render_cl.c                |     1 -
 drivers/gpu/drm/vc4/vc4_txp.c                      |    10 +-
 drivers/gpu/drm/vc4/vc4_validate.c                 |     1 -
 drivers/gpu/drm/vc4/vc4_vec.c                      |     4 +-
 drivers/gpu/drm/verisilicon/vs_bridge.c            |     7 +-
 drivers/gpu/drm/verisilicon/vs_crtc.c              |     4 +-
 drivers/gpu/drm/verisilicon/vs_plane.c             |    54 +-
 drivers/gpu/drm/verisilicon/vs_plane.h             |    18 +-
 drivers/gpu/drm/verisilicon/vs_primary_plane.c     |    56 +-
 drivers/gpu/drm/virtio/virtgpu_display.c           |     8 +-
 drivers/gpu/drm/virtio/virtgpu_drv.h               |     2 +
 drivers/gpu/drm/virtio/virtgpu_ioctl.c             |     1 +
 drivers/gpu/drm/virtio/virtgpu_plane.c             |     6 +-
 drivers/gpu/drm/virtio/virtgpu_vram.c              |    30 +-
 drivers/gpu/drm/vkms/vkms_crtc.c                   |     6 +-
 drivers/gpu/drm/vkms/vkms_drv.c                    |     4 +-
 drivers/gpu/drm/vkms/vkms_plane.c                  |     4 +-
 drivers/gpu/drm/vkms/vkms_writeback.c              |     4 +-
 drivers/gpu/drm/vmwgfx/vmwgfx_cursor_plane.c       |     4 +-
 drivers/gpu/drm/vmwgfx/vmwgfx_cursor_plane.h       |     4 +-
 drivers/gpu/drm/vmwgfx/vmwgfx_drv.h                |     2 +-
 drivers/gpu/drm/vmwgfx/vmwgfx_kms.c                |    18 +-
 drivers/gpu/drm/vmwgfx/vmwgfx_kms.h                |     8 +-
 drivers/gpu/drm/vmwgfx/vmwgfx_ldu.c                |     3 +-
 drivers/gpu/drm/vmwgfx/vmwgfx_scrn.c               |     5 +-
 drivers/gpu/drm/vmwgfx/vmwgfx_stdu.c               |     9 +-
 drivers/gpu/drm/vmwgfx/vmwgfx_vkms.c               |    78 +-
 drivers/gpu/drm/vmwgfx/vmwgfx_vkms.h               |    12 +-
 drivers/gpu/drm/xe/Makefile                        |    10 +-
 drivers/gpu/drm/xe/abi/guc_klvs_abi.h              |     8 +
 drivers/gpu/drm/xe/abi/xe_sysctrl_abi.h            |    65 +
 .../xe/compat-i915-headers/intel_clock_gating.h    |    10 +-
 .../drm/xe/compat-i915-headers/intel_mchbar_regs.h |     6 -
 .../drm/xe/compat-i915-headers/intel_pci_config.h  |     6 -
 .../gpu/drm/xe/compat-i915-headers/intel_step.h    |    13 -
 .../gpu/drm/xe/compat-i915-headers/vlv_iosf_sb.h   |    42 -
 .../drm/xe/compat-i915-headers/vlv_iosf_sb_reg.h   |     6 -
 drivers/gpu/drm/xe/display/intel_fbdev_fb.c        |   120 -
 drivers/gpu/drm/xe/display/xe_display.c            |    13 +-
 drivers/gpu/drm/xe/display/xe_display_bo.c         |   120 +
 drivers/gpu/drm/xe/display/xe_display_bo.h         |     6 +
 drivers/gpu/drm/xe/display/xe_fb_pin.c             |   233 +-
 drivers/gpu/drm/xe/display/xe_fb_pin.h             |    21 +
 drivers/gpu/drm/xe/display/xe_initial_plane.c      |    48 +-
 drivers/gpu/drm/xe/instructions/xe_gpu_commands.h  |     4 +-
 drivers/gpu/drm/xe/regs/xe_engine_regs.h           |     9 +-
 drivers/gpu/drm/xe/regs/xe_gt_regs.h               |     5 +
 drivers/gpu/drm/xe/regs/xe_irq_regs.h              |     1 +
 drivers/gpu/drm/xe/regs/xe_lrc_layout.h            |     3 +
 drivers/gpu/drm/xe/regs/xe_oa_regs.h               |     3 +
 drivers/gpu/drm/xe/regs/xe_pcode_regs.h            |     3 +
 drivers/gpu/drm/xe/regs/xe_sysctrl_regs.h          |    36 +
 .../gpu/drm/xe/tests/xe_gt_sriov_pf_config_kunit.c |    21 +-
 drivers/gpu/drm/xe/tests/xe_migrate.c              |     5 +-
 drivers/gpu/drm/xe/tests/xe_pci.c                  |     4 +-
 drivers/gpu/drm/xe/xe_bo.c                         |    37 +-
 drivers/gpu/drm/xe/xe_bo_types.h                   |     2 +-
 drivers/gpu/drm/xe/xe_debugfs.c                    |    43 +-
 drivers/gpu/drm/xe/xe_dep_scheduler.c              |     1 -
 drivers/gpu/drm/xe/xe_dep_scheduler.h              |     5 +
 drivers/gpu/drm/xe/xe_devcoredump.c                |    10 +-
 drivers/gpu/drm/xe/xe_device.c                     |    64 +-
 drivers/gpu/drm/xe/xe_device.h                     |    23 +-
 drivers/gpu/drm/xe/xe_device_types.h               |    25 +-
 drivers/gpu/drm/xe/xe_device_wa_oob.rules          |     3 +
 drivers/gpu/drm/xe/xe_drm_ras.c                    |    35 +-
 drivers/gpu/drm/xe/xe_drm_ras.h                    |     4 +-
 drivers/gpu/drm/xe/xe_eu_stall.c                   |    40 +-
 drivers/gpu/drm/xe/xe_eu_stall.h                   |     4 +-
 drivers/gpu/drm/xe/xe_exec_queue.c                 |    14 +-
 drivers/gpu/drm/xe/xe_exec_queue_types.h           |     2 +-
 drivers/gpu/drm/xe/xe_execlist.c                   |    10 -
 drivers/gpu/drm/xe/xe_ggtt.c                       |     8 +-
 drivers/gpu/drm/xe/xe_gpu_scheduler.c              |     1 -
 drivers/gpu/drm/xe/xe_gt.c                         |     1 -
 drivers/gpu/drm/xe/xe_gt.h                         |    15 +
 drivers/gpu/drm/xe/xe_gt_mcr.c                     |    23 +-
 drivers/gpu/drm/xe/xe_gt_mcr.h                     |     1 -
 drivers/gpu/drm/xe/xe_gt_sriov_pf.c                |     1 +
 drivers/gpu/drm/xe/xe_gt_sriov_pf_config.c         |   262 +-
 drivers/gpu/drm/xe/xe_gt_sriov_pf_config.h         |     2 +
 drivers/gpu/drm/xe/xe_gt_sriov_pf_policy.c         |   124 +-
 drivers/gpu/drm/xe/xe_gt_sriov_pf_policy.h         |     4 +-
 drivers/gpu/drm/xe/xe_gt_sriov_pf_types.h          |     1 -
 drivers/gpu/drm/xe/xe_gt_stats.c                   |    41 +
 drivers/gpu/drm/xe/xe_gt_stats_types.h             |   118 +
 drivers/gpu/drm/xe/xe_gt_types.h                   |     4 +-
 drivers/gpu/drm/xe/xe_guc.c                        |    17 +-
 drivers/gpu/drm/xe/xe_guc_ads.c                    |     5 +-
 drivers/gpu/drm/xe/xe_guc_capture.c                |     8 +-
 drivers/gpu/drm/xe/xe_guc_capture.h                |     4 +-
 drivers/gpu/drm/xe/xe_guc_capture_types.h          |     6 +-
 drivers/gpu/drm/xe/xe_guc_ct.c                     |    38 +-
 drivers/gpu/drm/xe/xe_guc_ct_types.h               |     8 +-
 drivers/gpu/drm/xe/xe_guc_fwif.h                   |     4 +-
 drivers/gpu/drm/xe/xe_guc_pc.c                     |    42 +-
 drivers/gpu/drm/xe/xe_guc_pc.h                     |     2 +-
 drivers/gpu/drm/xe/xe_guc_relay_types.h            |     2 +-
 drivers/gpu/drm/xe/xe_guc_submit.c                 |    76 +-
 drivers/gpu/drm/xe/xe_guc_submit_types.h           |     2 +-
 drivers/gpu/drm/xe/xe_hw_engine.c                  |    86 +-
 drivers/gpu/drm/xe/xe_hw_engine.h                  |     1 -
 drivers/gpu/drm/xe/xe_hw_engine_types.h            |     2 +-
 drivers/gpu/drm/xe/xe_hw_error.c                   |    32 +-
 drivers/gpu/drm/xe/xe_hw_error.h                   |     4 +-
 drivers/gpu/drm/xe/xe_hwmon.c                      |    28 +-
 drivers/gpu/drm/xe/xe_irq.c                        |     2 +
 drivers/gpu/drm/xe/xe_lrc.c                        |   262 +-
 drivers/gpu/drm/xe/xe_lrc.h                        |    10 +-
 drivers/gpu/drm/xe/xe_lrc_types.h                  |    11 +
 drivers/gpu/drm/xe/xe_memirq.c                     |    32 +-
 drivers/gpu/drm/xe/xe_migrate.c                    |    72 +-
 drivers/gpu/drm/xe/xe_migrate.h                    |     4 +-
 drivers/gpu/drm/xe/xe_nvm.h                        |     4 +-
 drivers/gpu/drm/xe/xe_oa.c                         |   176 +-
 drivers/gpu/drm/xe/xe_oa_types.h                   |    12 +-
 drivers/gpu/drm/xe/xe_pagefault_types.h            |     4 +-
 drivers/gpu/drm/xe/xe_pat.c                        |     9 +
 drivers/gpu/drm/xe/xe_pat.h                        |     8 +
 drivers/gpu/drm/xe/xe_pci.c                        |    12 +-
 drivers/gpu/drm/xe/xe_pci_sriov.c                  |     2 +
 drivers/gpu/drm/xe/xe_pci_types.h                  |     2 +-
 drivers/gpu/drm/xe/xe_pcode_api.h                  |     8 +-
 drivers/gpu/drm/xe/xe_pm.c                         |     6 +
 drivers/gpu/drm/xe/xe_pt.c                         |     3 +-
 drivers/gpu/drm/xe/xe_pt_types.h                   |     2 +-
 drivers/gpu/drm/xe/xe_pt_walk.h                    |    14 +-
 drivers/gpu/drm/xe/xe_pxp.c                        |     6 +
 drivers/gpu/drm/xe/xe_pxp.h                        |     6 +-
 drivers/gpu/drm/xe/xe_pxp_debugfs.h                |     6 +-
 drivers/gpu/drm/xe/xe_pxp_submit.h                 |     6 +-
 drivers/gpu/drm/xe/xe_pxp_types.h                  |     6 +-
 drivers/gpu/drm/xe/xe_query.c                      |     7 +
 drivers/gpu/drm/xe/xe_ras.c                        |    93 +
 drivers/gpu/drm/xe/xe_ras.h                        |    15 +
 drivers/gpu/drm/xe/xe_ras_types.h                  |    73 +
 drivers/gpu/drm/xe/xe_reg_sr.h                     |     4 +-
 drivers/gpu/drm/xe/xe_reg_sr_types.h               |     4 +-
 drivers/gpu/drm/xe/xe_reg_whitelist.c              |    14 +
 drivers/gpu/drm/xe/xe_reg_whitelist.h              |     4 +-
 drivers/gpu/drm/xe/xe_res_cursor.h                 |    14 +-
 drivers/gpu/drm/xe/xe_ring_ops.c                   |     8 +-
 drivers/gpu/drm/xe/xe_rtp.c                        |    15 +
 drivers/gpu/drm/xe/xe_rtp.h                        |    28 +-
 drivers/gpu/drm/xe/xe_rtp_helpers.h                |     6 +-
 drivers/gpu/drm/xe/xe_rtp_types.h                  |     4 +-
 drivers/gpu/drm/xe/xe_sriov_pf.c                   |     6 -
 drivers/gpu/drm/xe/xe_sriov_pf_helpers.h           |     3 +-
 drivers/gpu/drm/xe/xe_sriov_pf_provision.c         |    41 +
 drivers/gpu/drm/xe/xe_sriov_pf_provision.h         |     1 +
 drivers/gpu/drm/xe/xe_sriov_pf_types.h             |     3 -
 drivers/gpu/drm/xe/xe_step.c                       |     2 +-
 drivers/gpu/drm/xe/xe_step.h                       |     4 +-
 drivers/gpu/drm/xe/xe_step_types.h                 |    61 +-
 drivers/gpu/drm/xe/xe_survivability_mode.c         |    14 +-
 drivers/gpu/drm/xe/xe_survivability_mode.h         |     2 +-
 drivers/gpu/drm/xe/xe_svm.c                        |    11 +-
 drivers/gpu/drm/xe/xe_sync.c                       |     2 +-
 drivers/gpu/drm/xe/xe_sysctrl.c                    |   132 +
 drivers/gpu/drm/xe/xe_sysctrl.h                    |    24 +
 drivers/gpu/drm/xe/xe_sysctrl_event.c              |    88 +
 drivers/gpu/drm/xe/xe_sysctrl_event_types.h        |    57 +
 drivers/gpu/drm/xe/xe_sysctrl_mailbox.c            |   371 +
 drivers/gpu/drm/xe/xe_sysctrl_mailbox.h            |    31 +
 drivers/gpu/drm/xe/xe_sysctrl_mailbox_types.h      |    58 +
 drivers/gpu/drm/xe/xe_sysctrl_types.h              |    39 +
 drivers/gpu/drm/xe/xe_tlb_inval.c                  |     2 +-
 drivers/gpu/drm/xe/xe_trace_lrc.h                  |    27 +
 drivers/gpu/drm/xe/xe_ttm_stolen_mgr.c             |    64 +-
 drivers/gpu/drm/xe/xe_ttm_stolen_mgr.h             |    12 +
 drivers/gpu/drm/xe/xe_ttm_vram_mgr.c               |    18 +-
 drivers/gpu/drm/xe/xe_tuning.c                     |     7 +-
 drivers/gpu/drm/xe/xe_tuning.h                     |     4 +-
 drivers/gpu/drm/xe/xe_uc_fw.c                      |    11 +
 drivers/gpu/drm/xe/xe_uc_fw.h                      |     4 +
 drivers/gpu/drm/xe/xe_uc_fw_abi.h                  |     4 +-
 drivers/gpu/drm/xe/xe_vm.c                         |    14 +-
 drivers/gpu/drm/xe/xe_vm_types.h                   |     3 +-
 drivers/gpu/drm/xe/xe_vram.c                       |    22 +
 drivers/gpu/drm/xe/xe_vram.h                       |     2 +
 drivers/gpu/drm/xe/xe_wa.c                         |    13 +
 drivers/gpu/drm/xe/xe_wa.h                         |     4 +-
 drivers/gpu/drm/xe/xe_wa_oob.rules                 |     7 +
 drivers/gpu/drm/xlnx/Kconfig                       |     4 +-
 drivers/gpu/drm/xlnx/zynqmp_disp.c                 |    56 +-
 drivers/gpu/drm/xlnx/zynqmp_dp.c                   |     6 +-
 drivers/gpu/drm/xlnx/zynqmp_kms.c                  |    22 +-
 include/drm/bridge/analogix_dp.h                   |     8 +-
 include/drm/bridge/dw_hdmi.h                       |     6 +
 include/drm/bridge/imx.h                           |    17 -
 include/drm/bridge/of-display-mode-bridge.h        |    17 +
 include/drm/display/drm_dp.h                       |    20 +-
 include/drm/display/drm_dp_helper.h                |     1 +
 include/drm/display/drm_dp_mst_helper.h            |    32 +-
 include/drm/display/drm_dp_tunnel.h                |    30 +-
 include/drm/display/drm_hdmi_state_helper.h        |     6 +-
 include/drm/drm_atomic.h                           |   158 +-
 include/drm/drm_atomic_helper.h                    |    78 +-
 include/drm/drm_atomic_state_helper.h              |     4 +-
 include/drm/drm_blend.h                            |     4 +-
 include/drm/drm_bridge.h                           |    89 +-
 include/drm/drm_colorop.h                          |     4 +-
 include/drm/drm_connector.h                        |     8 +-
 include/drm/drm_crtc.h                             |    10 +-
 include/drm/drm_crtc_helper.h                      |     4 +-
 include/drm/drm_damage_helper.h                    |     2 +-
 include/drm/drm_debugfs_crc.h                      |     2 +-
 include/drm/drm_encoder.h                          |     4 +
 include/drm/drm_gpusvm.h                           |    12 +-
 include/drm/drm_kunit_helpers.h                    |     2 +-
 include/drm/drm_mipi_dbi.h                         |     8 +-
 include/drm/drm_mipi_dsi.h                         |     1 +
 include/drm/drm_mode_config.h                      |    38 +-
 include/drm/drm_modeset_helper_vtables.h           |    44 +-
 include/drm/drm_of.h                               |    13 +
 include/drm/drm_pagemap.h                          |     9 +-
 include/drm/drm_panel.h                            |     5 +-
 include/drm/drm_plane.h                            |     6 +-
 include/drm/drm_ras.h                              |    11 +
 include/drm/drm_self_refresh_helper.h              |     6 +-
 include/drm/drm_vblank_helper.h                    |     8 +-
 include/drm/gpu_scheduler.h                        |    45 +-
 include/drm/intel/display_parent_interface.h       |    65 +-
 .../drm/intel/mchbar_regs.h                        |     7 +-
 .../drm/intel/pci_config.h                         |     0
 include/drm/intel/pciids.h                         |     6 +-
 .../drm/intel/vlv_iosf_sb_regs.h                   |    18 +-
 include/drm/ttm/ttm_placement.h                    |     4 +-
 include/linux/dma-fence-array.h                    |     6 +-
 include/linux/gpu_buddy.h                          |    41 +
 include/trace/events/amdxdna.h                     |    42 +-
 include/trace/events/dma_fence.h                   |    40 +-
 include/uapi/drm/amdxdna_accel.h                   |    27 +-
 include/uapi/drm/drm.h                             |    27 +-
 include/uapi/drm/drm_fourcc.h                      |    54 +-
 include/uapi/drm/drm_mode.h                        |    19 +-
 include/uapi/drm/drm_ras.h                         |     1 +
 include/uapi/drm/drm_sarea.h                       |    20 +-
 include/uapi/drm/virtgpu_drm.h                     |     4 +
 include/uapi/drm/xe_drm.h                          |   206 +-
 include/uapi/linux/kfd_ioctl.h                     |    38 +-
 1453 files changed, 120164 insertions(+), 21197 deletions(-)
 create mode 100644 Documentation/ABI/obsolete/sysfs-driver-ivpu
 create mode 100644 Documentation/ABI/testing/sysfs-driver-ivpu
 create mode 100644 Documentation/devicetree/bindings/display/panel/chipwealth,ch13726a.yaml
 create mode 100644 Documentation/devicetree/bindings/display/panel/focaltech,ota7290b.yaml
 create mode 100644 Documentation/devicetree/bindings/display/panel/novatek,nt35532.yaml
 create mode 100644 Documentation/gpu/amdgpu/ptl.rst
 create mode 100644 Documentation/gpu/intel-display/async-flip.rst
 create mode 100644 Documentation/gpu/intel-display/atomic.rst
 create mode 100644 Documentation/gpu/intel-display/audio.rst
 create mode 100644 Documentation/gpu/intel-display/casf.rst
 create mode 100644 Documentation/gpu/intel-display/cdclk.rst
 create mode 100644 Documentation/gpu/intel-display/cmtg.rst
 create mode 100644 Documentation/gpu/intel-display/dmc.rst
 create mode 100644 Documentation/gpu/intel-display/dpio.rst
 create mode 100644 Documentation/gpu/intel-display/dpll.rst
 create mode 100644 Documentation/gpu/intel-display/drrs.rst
 create mode 100644 Documentation/gpu/intel-display/dsb.rst
 create mode 100644 Documentation/gpu/intel-display/fbc.rst
 create mode 100644 Documentation/gpu/intel-display/fifo-underrun.rst
 create mode 100644 Documentation/gpu/intel-display/frontbuffer.rst
 create mode 100644 Documentation/gpu/intel-display/hotplug.rst
 create mode 100644 Documentation/gpu/intel-display/index.rst
 create mode 100644 Documentation/gpu/intel-display/plane.rst
 create mode 100644 Documentation/gpu/intel-display/psr.rst
 create mode 100644 Documentation/gpu/intel-display/snps-phy.rst
 create mode 100644 Documentation/gpu/intel-display/vbt.rst
 create mode 100644 Documentation/gpu/xe/xe_gt_stats.rst
 create mode 100644 drivers/accel/amdxdna/aie.c
 create mode 100644 drivers/accel/amdxdna/aie.h
 delete mode 100644 drivers/accel/amdxdna/aie2_psp.c
 delete mode 100644 drivers/accel/amdxdna/aie2_smu.c
 create mode 100644 drivers/accel/amdxdna/aie4_ctx.c
 create mode 100644 drivers/accel/amdxdna/aie4_host_queue.h
 create mode 100644 drivers/accel/amdxdna/aie4_message.c
 create mode 100644 drivers/accel/amdxdna/aie4_msg_priv.h
 create mode 100644 drivers/accel/amdxdna/aie4_pci.c
 create mode 100644 drivers/accel/amdxdna/aie4_pci.h
 create mode 100644 drivers/accel/amdxdna/aie4_sriov.c
 create mode 100644 drivers/accel/amdxdna/aie_psp.c
 create mode 100644 drivers/accel/amdxdna/aie_smu.c
 create mode 100644 drivers/accel/amdxdna/amdxdna_cbuf.c
 create mode 100644 drivers/accel/amdxdna/amdxdna_cbuf.h
 create mode 100644 drivers/accel/amdxdna/amdxdna_debugfs.c
 create mode 100644 drivers/accel/amdxdna/amdxdna_debugfs.h
 create mode 100644 drivers/accel/amdxdna/npu3_regs.c
 create mode 100644 drivers/dma-buf/.kunitconfig
 delete mode 100644 drivers/dma-buf/selftest.c
 delete mode 100644 drivers/dma-buf/selftest.h
 delete mode 100644 drivers/dma-buf/selftests.h
 create mode 100644 drivers/gpu/drm/amd/amdgpu/nbio_v6_3_2.c
 create mode 100644 drivers/gpu/drm/amd/amdgpu/nbio_v6_3_2.h
 create mode 100644 drivers/gpu/drm/amd/amdgpu/vpe_v2_0.c
 create mode 100644 drivers/gpu/drm/amd/amdgpu/vpe_v2_0.h
 create mode 100644 drivers/gpu/drm/amd/display/dc/dml2_0/README.md
 delete mode 100644 drivers/gpu/drm/amd/display/dc/dml2_0/dml21/src/dml2_top/dml2_top_legacy.h
 create mode 100644 drivers/gpu/drm/amd/display/modules/inc/mod_color_types.h
 create mode 100644 drivers/gpu/drm/amd/display/modules/inc/mod_info_packet_types.h
 create mode 100644 drivers/gpu/drm/amd/display/modules/inc/mod_power.h
 create mode 100644 drivers/gpu/drm/amd/display/modules/power/power.c
 create mode 100644 drivers/gpu/drm/amd/display/modules/power/power_abm.c
 create mode 100644 drivers/gpu/drm/amd/include/amdgpu_ptl.h
 create mode 100755 drivers/gpu/drm/amd/include/asic_reg/gc/gc_12_1_1_offset.h
 create mode 100755 drivers/gpu/drm/amd/include/asic_reg/gc/gc_12_1_1_sh_mask.h
 create mode 100644 drivers/gpu/drm/amd/include/asic_reg/nbio/nbio_6_3_2_offset.h
 create mode 100644 drivers/gpu/drm/amd/include/asic_reg/nbio/nbio_6_3_2_sh_mask.h
 create mode 100644 drivers/gpu/drm/amd/include/asic_reg/vpe/vpe_2_0_0_offset.h
 create mode 100644 drivers/gpu/drm/amd/include/asic_reg/vpe/vpe_2_0_0_sh_mask.h
 delete mode 100644 drivers/gpu/drm/bridge/imx/imx-legacy-bridge.c
 create mode 100644 drivers/gpu/drm/bridge/imx/imx8mp-hdmi-tx-connector-fixup.c
 create mode 100644 drivers/gpu/drm/bridge/imx/imx8mp-hdmi-tx-connector-fixup.dtso
 create mode 100644 drivers/gpu/drm/bridge/of-display-mode-bridge.c
 create mode 100644 drivers/gpu/drm/i915/display/intel_display_clock_gating.c
 create mode 100644 drivers/gpu/drm/i915/display/intel_display_clock_gating.h
 delete mode 100644 drivers/gpu/drm/i915/display/intel_fb_pin.c
 delete mode 100644 drivers/gpu/drm/i915/display/intel_fb_pin.h
 delete mode 100644 drivers/gpu/drm/i915/display/intel_fbdev_fb.c
 delete mode 100644 drivers/gpu/drm/i915/display/intel_fbdev_fb.h
 create mode 100644 drivers/gpu/drm/i915/display/intel_mchbar.c
 create mode 100644 drivers/gpu/drm/i915/display/intel_mchbar.h
 create mode 100644 drivers/gpu/drm/i915/i915_fb_pin.c
 create mode 100644 drivers/gpu/drm/i915/i915_fb_pin.h
 create mode 100644 drivers/gpu/drm/panel/panel-chipwealth-ch13726a.c
 create mode 100644 drivers/gpu/drm/panel/panel-focaltech-ota7290b.c
 create mode 100644 drivers/gpu/drm/panel/panel-novatek-nt35532.c
 create mode 100644 drivers/gpu/drm/panthor/panthor_fw_regs.h
 create mode 100644 drivers/gpu/drm/panthor/panthor_gpu_regs.h
 create mode 100644 drivers/gpu/drm/panthor/panthor_mmu_regs.h
 create mode 100644 drivers/gpu/drm/panthor/panthor_pwr_regs.h
 delete mode 100644 drivers/gpu/drm/panthor/panthor_regs.h
 create mode 100644 drivers/gpu/drm/scheduler/sched_rq.c
 create mode 100644 drivers/gpu/drm/scheduler/tests/tests_scheduler.c
 rename drivers/gpu/drm/tests/{drm_atomic_state_test.c => drm_atomic_commit_test.c} (98%)
 create mode 100644 drivers/gpu/drm/v3d/v3d_power.c
 create mode 100644 drivers/gpu/drm/xe/abi/xe_sysctrl_abi.h
 delete mode 100644 drivers/gpu/drm/xe/compat-i915-headers/intel_mchbar_regs.h
 delete mode 100644 drivers/gpu/drm/xe/compat-i915-headers/intel_pci_config.h
 delete mode 100644 drivers/gpu/drm/xe/compat-i915-headers/intel_step.h
 delete mode 100644 drivers/gpu/drm/xe/compat-i915-headers/vlv_iosf_sb.h
 delete mode 100644 drivers/gpu/drm/xe/compat-i915-headers/vlv_iosf_sb_reg.h
 delete mode 100644 drivers/gpu/drm/xe/display/intel_fbdev_fb.c
 create mode 100644 drivers/gpu/drm/xe/display/xe_fb_pin.h
 create mode 100644 drivers/gpu/drm/xe/regs/xe_sysctrl_regs.h
 create mode 100644 drivers/gpu/drm/xe/xe_ras.c
 create mode 100644 drivers/gpu/drm/xe/xe_ras.h
 create mode 100644 drivers/gpu/drm/xe/xe_ras_types.h
 create mode 100644 drivers/gpu/drm/xe/xe_sysctrl.c
 create mode 100644 drivers/gpu/drm/xe/xe_sysctrl.h
 create mode 100644 drivers/gpu/drm/xe/xe_sysctrl_event.c
 create mode 100644 drivers/gpu/drm/xe/xe_sysctrl_event_types.h
 create mode 100644 drivers/gpu/drm/xe/xe_sysctrl_mailbox.c
 create mode 100644 drivers/gpu/drm/xe/xe_sysctrl_mailbox.h
 create mode 100644 drivers/gpu/drm/xe/xe_sysctrl_mailbox_types.h
 create mode 100644 drivers/gpu/drm/xe/xe_sysctrl_types.h
 delete mode 100644 include/drm/bridge/imx.h
 create mode 100644 include/drm/bridge/of-display-mode-bridge.h
 rename drivers/gpu/drm/i915/intel_mchbar_regs.h => include/drm/intel/mchbar_regs.h (98%)
 rename drivers/gpu/drm/i915/intel_pci_config.h => include/drm/intel/pci_config.h (100%)
 rename drivers/gpu/drm/i915/vlv_iosf_sb_reg.h => include/drm/intel/vlv_iosf_sb_regs.h (95%)
$ git am -3 ../patches/0001-drm-rdma-Fix-up-merge.patch
Applying: drm/rdma: Fix up merge
Using index info to reconstruct a base tree...
M	drivers/infiniband/core/umem_dmabuf.c
Falling back to patching base and 3-way merge...
No changes -- Patch already applied.
Merging drm-exynos/for-linux-next (3a8660878839f Linux 6.18-rc1)
$ git merge -m Merge branch 'for-linux-next' of https://git.kernel.org/pub/scm/linux/kernel/git/daeinki/drm-exynos.git drm-exynos/for-linux-next
Already up to date.
Merging drm-misc/for-linux-next (4c26e162947f9 drm/virtio: Extend blob UAPI with deferred-mapping hinting)
$ git merge -m Merge branch 'for-linux-next' of https://gitlab.freedesktop.org/drm/misc/kernel.git drm-misc/for-linux-next
Already up to date.
$ git am -3 ../patches/0001-drm-bridge-microchip-lvds-Rename-drm_atomic_state-to.patch
Applying: drm/bridge: microchip-lvds: Rename drm_atomic_state to drm_atomic_commit
Using index info to reconstruct a base tree...
M	drivers/gpu/drm/bridge/microchip-lvds.c
Falling back to patching base and 3-way merge...
No changes -- Patch already applied.
Merging amdgpu/drm-next (d00df38937134 drm/amd/pm: update dpm clock pm attributes for aldebaran (gc 9.4.2))
$ git merge -m Merge branch 'drm-next' of https://gitlab.freedesktop.org/agd5f/linux.git amdgpu/drm-next
Already up to date.
$ git am -3 ../patches/0001-amdgpu-Fix-up-drm_atomic_commit-rename.patch
Applying: amdgpu: Fix up drm_atomic_commit rename
Using index info to reconstruct a base tree...
M	drivers/gpu/drm/amd/display/amdgpu_dm/amdgpu_dm.c
Falling back to patching base and 3-way merge...
Auto-merging drivers/gpu/drm/amd/display/amdgpu_dm/amdgpu_dm.c
No changes -- Patch already applied.
Merging drm-intel/for-linux-next (fed4921503a8a drm/i915/psr: Apply SDP on prior scanline workaround for Xe3p)
$ git merge -m Merge branch 'for-linux-next' of https://gitlab.freedesktop.org/drm/i915/kernel.git drm-intel/for-linux-next
Merge made by the 'ort' strategy.
 drivers/gpu/drm/i915/display/intel_display.c       |   6 +-
 drivers/gpu/drm/i915/display/intel_display_core.h  |   3 +
 drivers/gpu/drm/i915/display/intel_display_irq.c   | 244 +++++++++++++++++----
 drivers/gpu/drm/i915/display/intel_display_irq.h   |  37 ++--
 drivers/gpu/drm/i915/display/intel_display_types.h |   1 +
 drivers/gpu/drm/i915/display/intel_display_wa.c    |   2 +
 drivers/gpu/drm/i915/display/intel_display_wa.h    |   1 +
 drivers/gpu/drm/i915/display/intel_dp.c            |  10 +-
 drivers/gpu/drm/i915/display/intel_dpcd.h          |  15 ++
 drivers/gpu/drm/i915/display/intel_psr.c           |  49 ++++-
 drivers/gpu/drm/i915/i915_irq.c                    | 182 ++++++---------
 drivers/gpu/drm/xe/display/xe_display.c            |  17 +-
 12 files changed, 362 insertions(+), 205 deletions(-)
 create mode 100644 drivers/gpu/drm/i915/display/intel_dpcd.h
Merging drm-msm/msm-next (db339b6bc9f23 dt-bindings: display/msm: Fix typo in clock-names property)
$ git merge -m Merge branch 'msm-next' of https://gitlab.freedesktop.org/drm/msm.git drm-msm/msm-next
Already up to date.
Merging drm-msm-lumag/msm-next-lumag (a972d1b864e8e drm/msm: Use of_get_available_child_by_name())
$ git merge -m Merge branch 'msm-next-lumag' of https://gitlab.freedesktop.org/lumag/msm.git drm-msm-lumag/msm-next-lumag
Already up to date.
Merging drm-xe/drm-xe-next (058da4a2b164e drm/xe/reg_sr: Do sanity check for MCR vs non-MCR)
$ git merge -m Merge branch 'drm-xe-next' of https://gitlab.freedesktop.org/drm/xe/kernel.git drm-xe/drm-xe-next
Auto-merging drivers/gpu/drm/xe/display/xe_display.c
Merge made by the 'ort' strategy.
 drivers/gpu/drm/xe/display/xe_display.c     | 33 ++++----------
 drivers/gpu/drm/xe/display/xe_display.h     | 21 +++++++--
 drivers/gpu/drm/xe/regs/xe_gt_regs.h        |  4 +-
 drivers/gpu/drm/xe/tests/xe_rtp_test.c      | 71 ++++++++++++++++++++++++++---
 drivers/gpu/drm/xe/tests/xe_wa_test.c       | 14 +++++-
 drivers/gpu/drm/xe/xe_device.c              | 13 +++---
 drivers/gpu/drm/xe/xe_gsc.c                 |  5 +-
 drivers/gpu/drm/xe/xe_gt.c                  |  8 ++--
 drivers/gpu/drm/xe/xe_gt_idle.c             |  4 +-
 drivers/gpu/drm/xe/xe_gt_mcr.c              | 65 ++++++++++++++++++--------
 drivers/gpu/drm/xe/xe_gt_mcr.h              |  1 +
 drivers/gpu/drm/xe/xe_gt_sriov_pf_monitor.c |  6 ++-
 drivers/gpu/drm/xe/xe_gt_sriov_pf_monitor.h |  2 +-
 drivers/gpu/drm/xe/xe_gt_sriov_vf.c         | 24 +++++++---
 drivers/gpu/drm/xe/xe_gt_sriov_vf.h         |  6 +--
 drivers/gpu/drm/xe/xe_hw_engine.c           | 15 +++++-
 drivers/gpu/drm/xe/xe_hw_engine.h           |  2 +-
 drivers/gpu/drm/xe/xe_pci.c                 |  2 +
 drivers/gpu/drm/xe/xe_reg_sr.c              | 36 +++++++++++++++
 drivers/gpu/drm/xe/xe_tuning.c              |  2 +-
 drivers/gpu/drm/xe/xe_wa.c                  |  6 +--
 21 files changed, 252 insertions(+), 88 deletions(-)
$ git am -3 ../patches/0001-drm-xe-Fix-up-merge-issue.patch
Applying: drm: xe: Fix up merge issue
Using index info to reconstruct a base tree...
M	drivers/gpu/drm/xe/xe_ttm_vram_mgr.c
Falling back to patching base and 3-way merge...
Auto-merging drivers/gpu/drm/xe/xe_ttm_vram_mgr.c
No changes -- Patch already applied.
Merging drm-rust/for-linux-next (8bfe9d72cf206 gpu: nova: Use module names consistently)
$ git merge -m Merge branch 'for-linux-next' of https://gitlab.freedesktop.org/drm/rust/kernel.git drm-rust/for-linux-next
Auto-merging MAINTAINERS
Auto-merging drivers/gpu/drm/drm_gpuvm.c
Merge made by the 'ort' strategy.
 Documentation/gpu/nova/core/vbios.rst     |   63 +-
 MAINTAINERS                               |    2 +
 drivers/gpu/drm/Kconfig                   |    7 +
 drivers/gpu/drm/drm_gpuvm.c               |    6 +-
 drivers/gpu/drm/nova/Kconfig              |    3 +-
 drivers/gpu/drm/nova/Makefile             |    3 +-
 drivers/gpu/drm/nova/driver.rs            |    6 +-
 drivers/gpu/drm/nova/nova.rs              |    2 +-
 drivers/gpu/drm/tyr/Kconfig               |    1 +
 drivers/gpu/drm/tyr/driver.rs             |   58 +-
 drivers/gpu/drm/tyr/gem.rs                |   24 +-
 drivers/gpu/drm/tyr/gpu.rs                |  175 ++-
 drivers/gpu/drm/tyr/regs.rs               | 1725 +++++++++++++++++++++++++++--
 drivers/gpu/nova-core/Kconfig             |    3 +-
 drivers/gpu/nova-core/Makefile            |    3 +-
 drivers/gpu/nova-core/falcon.rs           |    4 +-
 drivers/gpu/nova-core/falcon/hal.rs       |   24 +-
 drivers/gpu/nova-core/falcon/hal/ga102.rs |    8 +-
 drivers/gpu/nova-core/falcon/hal/tu102.rs |    4 +-
 drivers/gpu/nova-core/fb.rs               |   27 +-
 drivers/gpu/nova-core/fb/hal.rs           |   24 +-
 drivers/gpu/nova-core/fb/hal/ga100.rs     |    6 +
 drivers/gpu/nova-core/fb/hal/ga102.rs     |    4 +
 drivers/gpu/nova-core/fb/hal/tu102.rs     |   11 +-
 drivers/gpu/nova-core/firmware.rs         |    8 +-
 drivers/gpu/nova-core/firmware/gsp.rs     |   28 +-
 drivers/gpu/nova-core/gfw.rs              |   76 --
 drivers/gpu/nova-core/gpu.rs              |   26 +-
 drivers/gpu/nova-core/gpu/hal.rs          |   28 +
 drivers/gpu/nova-core/gpu/hal/gh100.rs    |   18 +
 drivers/gpu/nova-core/gpu/hal/tu102.rs    |   86 ++
 drivers/gpu/nova-core/gsp/boot.rs         |   18 +-
 drivers/gpu/nova-core/gsp/fw.rs           |   31 +-
 drivers/gpu/nova-core/nova_core.rs        |    5 +-
 drivers/gpu/nova-core/regs.rs             |    7 +-
 drivers/gpu/nova-core/vbios.rs            |   87 +-
 rust/bindings/bindings_helper.h           |    1 +
 rust/helpers/drm_gpuvm.c                  |   26 +
 rust/helpers/helpers.c                    |    1 +
 rust/kernel/drm/gpuvm/mod.rs              |  328 ++++++
 rust/kernel/drm/gpuvm/sm_ops.rs           |  429 +++++++
 rust/kernel/drm/gpuvm/va.rs               |  168 +++
 rust/kernel/drm/gpuvm/vm_bo.rs            |  249 +++++
 rust/kernel/drm/mod.rs                    |    1 +
 44 files changed, 3410 insertions(+), 404 deletions(-)
 delete mode 100644 drivers/gpu/nova-core/gfw.rs
 create mode 100644 drivers/gpu/nova-core/gpu/hal.rs
 create mode 100644 drivers/gpu/nova-core/gpu/hal/gh100.rs
 create mode 100644 drivers/gpu/nova-core/gpu/hal/tu102.rs
 create mode 100644 rust/helpers/drm_gpuvm.c
 create mode 100644 rust/kernel/drm/gpuvm/mod.rs
 create mode 100644 rust/kernel/drm/gpuvm/sm_ops.rs
 create mode 100644 rust/kernel/drm/gpuvm/va.rs
 create mode 100644 rust/kernel/drm/gpuvm/vm_bo.rs
$ git am -3 ../patches/0001-drm-nova-Fix-up-merge-issue.patch
Applying: drm: nova: Fix up merge issue
Using index info to reconstruct a base tree...
M	drivers/gpu/nova-core/gsp/cmdq.rs
Falling back to patching base and 3-way merge...
Auto-merging drivers/gpu/nova-core/gsp/cmdq.rs
No changes -- Patch already applied.
Merging drm-nova/nova-next (93296e9d9528f gpu: nova-core: vbios: store reference to Device where relevant)
$ git merge -m Merge branch 'nova-next' of https://gitlab.freedesktop.org/drm/nova.git drm-nova/nova-next
Already up to date.
Merging etnaviv/etnaviv/next (6bde14ba5f7ef drm/etnaviv: add optional reset support)
$ git merge -m Merge branch 'etnaviv/next' of https://git.pengutronix.de/git/lst/linux etnaviv/etnaviv/next
Already up to date.
Merging fbdev/for-next (98992e6ba333f fbdev: remove Hercules monochrome ISA graphics adapter driver)
$ git merge -m Merge branch 'for-next' of https://git.kernel.org/pub/scm/linux/kernel/git/deller/linux-fbdev.git fbdev/for-next
Auto-merging MAINTAINERS
Merge made by the 'ort' strategy.
 CREDITS                                      |   3 +
 MAINTAINERS                                  |   7 -
 drivers/video/fbdev/Kconfig                  |  13 -
 drivers/video/fbdev/Makefile                 |   1 -
 drivers/video/fbdev/arkfb.c                  |   4 +-
 drivers/video/fbdev/aty/aty128fb.c           | 143 ++----
 drivers/video/fbdev/aty/radeon_base.c        |   2 +-
 drivers/video/fbdev/carminefb.c              |   5 +-
 drivers/video/fbdev/cirrusfb.c               |   2 +-
 drivers/video/fbdev/cyber2000fb.c            |  24 +-
 drivers/video/fbdev/geode/gx1fb_core.c       |  10 +-
 drivers/video/fbdev/hgafb.c                  | 685 ---------------------------
 drivers/video/fbdev/kyro/fbdev.c             |   5 +-
 drivers/video/fbdev/matrox/matroxfb_base.c   |  38 +-
 drivers/video/fbdev/neofb.c                  |  29 +-
 drivers/video/fbdev/nvidia/nvidia.c          |   9 +-
 drivers/video/fbdev/pm2fb.c                  |  11 +-
 drivers/video/fbdev/pm3fb.c                  |   5 +-
 drivers/video/fbdev/pvr2fb.c                 |   5 +-
 drivers/video/fbdev/riva/fbdev.c             | 128 ++---
 drivers/video/fbdev/s3fb.c                   |  32 +-
 drivers/video/fbdev/savage/savagefb_driver.c | 140 +++---
 drivers/video/fbdev/sis/sis_main.h           |  26 +-
 drivers/video/fbdev/tdfxfb.c                 |  21 +-
 drivers/video/fbdev/tridentfb.c              |  44 +-
 drivers/video/fbdev/vt8623fb.c               |   4 +-
 26 files changed, 295 insertions(+), 1101 deletions(-)
 delete mode 100644 drivers/video/fbdev/hgafb.c
$ git am -3 ../patches/0001-fix-up-for-drm-hyperv-Remove-reference-to-hyperv_fb-.patch
Applying: fix up for "drm/hyperv: Remove reference to hyperv_fb driver"
$ git reset HEAD^
Unstaged changes after reset:
M	drivers/gpu/drm/hyperv/Kconfig
$ git add -A .
$ git commit -v -a --amend
warning: notes ref refs/notes/commits is invalid
[master 9a9620984c348] Merge branch 'for-next' of https://git.kernel.org/pub/scm/linux/kernel/git/deller/linux-fbdev.git
 Date: Mon May 18 15:55:05 2026 +0100
Merging regmap/for-next (4b7774eeab8d6 regmap: sdw-mbq: Fix spelling mistake "undeferable" -> "undeferrable")
$ git merge -m Merge branch 'for-next' of https://git.kernel.org/pub/scm/linux/kernel/git/broonie/regmap.git regmap/for-next
Already up to date.
Merging sound/for-next (83fbbcb7935ec ALSA: virtio: Add missing 384 kHz PCM rate mapping)
$ git merge -m Merge branch 'for-next' of https://git.kernel.org/pub/scm/linux/kernel/git/tiwai/sound.git sound/for-next
Auto-merging sound/hda/codecs/realtek/alc269.c
Auto-merging sound/pci/asihpi/hpicmn.c
Merge made by the 'ort' strategy.
 drivers/base/firmware_loader/main.c            |  68 +++-
 include/linux/firmware.h                       |  10 +
 include/sound/emux_synth.h                     |   2 +-
 include/sound/seq_midi_emul.h                  |   6 +-
 include/sound/snd_wavefront.h                  |   7 +
 sound/ac97_bus.c                               |   4 +-
 sound/core/jack.c                              |  13 +-
 sound/core/pcm_native.c                        |  14 +-
 sound/core/seq/oss/seq_oss_readq.c             |  13 +-
 sound/core/seq/oss/seq_oss_readq.h             |   3 +-
 sound/core/seq/seq_midi_emul.c                 |  38 +-
 sound/hda/codecs/realtek/alc269.c              |  23 +-
 sound/hda/codecs/side-codecs/cs35l41_hda.c     |  77 ++--
 sound/hda/codecs/side-codecs/cs35l41_hda.h     |   5 +
 sound/hda/codecs/side-codecs/tas2781_hda_i2c.c |   3 +
 sound/hda/codecs/side-codecs/tas2781_hda_spi.c |   3 +
 sound/hda/core/i915.c                          |  30 +-
 sound/isa/opti9xx/miro.c                       | 268 ++++++++++++-
 sound/isa/wavefront/wavefront.c                |  61 ++-
 sound/isa/wavefront/wavefront_midi.c           |  47 ++-
 sound/isa/wavefront/wavefront_synth.c          |  96 +++++
 sound/oss/dmasound/dmasound_core.c             |  10 +-
 sound/pci/ali5451/ali5451.c                    |   4 +-
 sound/pci/als300.c                             |   6 +-
 sound/pci/als4000.c                            |   4 +-
 sound/pci/asihpi/asihpi.c                      |  17 +-
 sound/pci/asihpi/hpicmn.c                      |  16 +-
 sound/pci/asihpi/hpicmn.h                      |   4 +-
 sound/pci/asihpi/hpipcida.h                    |  18 +-
 sound/pci/atiixp.c                             |  10 +-
 sound/pci/atiixp_modem.c                       |   6 +-
 sound/pci/au88x0/au8810.c                      |   4 +-
 sound/pci/au88x0/au8820.c                      |   4 +-
 sound/pci/au88x0/au8830.c                      |   4 +-
 sound/pci/aw2/aw2-alsa.c                       |   5 +-
 sound/pci/azt3328.c                            |   6 +-
 sound/pci/ca0106/ca0106_main.c                 |   4 +-
 sound/pci/cmipci.c                             |  12 +-
 sound/pci/cs4281.c                             |   4 +-
 sound/pci/cs46xx/cs46xx.c                      |   8 +-
 sound/pci/ctxfi/ctmixer.c                      |  27 +-
 sound/pci/ctxfi/ctmixer.h                      |   4 +-
 sound/pci/ctxfi/ctsrc.c                        |  15 +-
 sound/pci/ctxfi/ctsrc.h                        |   2 +-
 sound/pci/echoaudio/darla20.c                  |   4 +-
 sound/pci/echoaudio/darla24.c                  |   6 +-
 sound/pci/echoaudio/echo3g.c                   |   4 +-
 sound/pci/echoaudio/gina20.c                   |   4 +-
 sound/pci/echoaudio/gina24.c                   |  10 +-
 sound/pci/echoaudio/indigo.c                   |   4 +-
 sound/pci/echoaudio/indigodj.c                 |   4 +-
 sound/pci/echoaudio/indigodjx.c                |   4 +-
 sound/pci/echoaudio/indigoio.c                 |   4 +-
 sound/pci/echoaudio/indigoiox.c                |   4 +-
 sound/pci/echoaudio/layla20.c                  |   6 +-
 sound/pci/echoaudio/layla24.c                  |   4 +-
 sound/pci/echoaudio/mia.c                      |   6 +-
 sound/pci/echoaudio/mona.c                     |  20 +-
 sound/pci/emu10k1/emu10k1.c                    |   8 +-
 sound/pci/emu10k1/emu10k1x.c                   |   4 +-
 sound/pci/ens1370.c                            |  10 +-
 sound/pci/es1938.c                             |   4 +-
 sound/pci/es1968.c                             |  27 +-
 sound/pci/fm801.c                              |  15 +-
 sound/pci/ice1712/ice1712.c                    |   4 +-
 sound/pci/ice1712/ice1724.c                    |   4 +-
 sound/pci/intel8x0.c                           | 118 ++++--
 sound/pci/intel8x0m.c                          |  88 ++++-
 sound/pci/maestro3.c                           |  51 ++-
 sound/pci/mixart/mixart.c                      |   4 +-
 sound/pci/nm256/nm256.c                        |   8 +-
 sound/pci/pcxhr/pcxhr.c                        |  70 ++--
 sound/pci/rme32.c                              |   8 +-
 sound/pci/rme96.c                              |  10 +-
 sound/pci/sonicvibes.c                         |   4 +-
 sound/pci/trident/trident.c                    |  16 +-
 sound/pci/via82xx.c                            |   6 +-
 sound/pci/via82xx_modem.c                      |   4 +-
 sound/pci/vx222/vx222.c                        |   6 +-
 sound/pci/ymfpci/ymfpci.c                      |  14 +-
 sound/synth/emux/emux_seq.c                    |  11 +-
 sound/usb/mixer.c                              |  58 +--
 sound/usb/mixer_quirks.c                       | 107 ++++-
 sound/usb/mixer_scarlett.c                     |   4 +-
 sound/usb/mixer_scarlett2.c                    | 515 +++++++++++++++++++++++--
 sound/usb/mixer_us16x08.c                      | 127 +++---
 sound/virtio/virtio_kctl.c                     |  50 +++
 sound/virtio/virtio_pcm.c                      |   3 +-
 sound/virtio/virtio_pcm_ops.c                  |   3 +-
 89 files changed, 1858 insertions(+), 572 deletions(-)
Merging ieee1394/for-next (8208d94f149a5 ALSA: firewire: Make use of ieee1394's .driver_data_ptr)
$ git merge -m Merge branch 'for-next' of https://git.kernel.org/pub/scm/linux/kernel/git/ieee1394/linux1394.git ieee1394/for-next
Merge made by the 'ort' strategy.
 drivers/firewire/core-cdev.c    | 376 ++++++++++++++++++++++++----------------
 include/linux/mod_devicetable.h |   5 +-
 sound/firewire/dice/dice.c      |  34 ++--
 sound/firewire/fireface/ff.c    |  12 +-
 sound/firewire/motu/motu.c      |   6 +-
 sound/firewire/oxfw/oxfw.c      |   4 +-
 6 files changed, 260 insertions(+), 177 deletions(-)
Merging sound-asoc/for-next (2be19ed953504 Merge remote-tracking branch 'asoc/for-7.2' into asoc-next)
$ git merge -m Merge branch 'for-next' of https://git.kernel.org/pub/scm/linux/kernel/git/broonie/sound.git sound-asoc/for-next
Auto-merging MAINTAINERS
Merge made by the 'ort' strategy.
 .../devicetree/bindings/sound/fsl,sai.yaml         |     7 +
 .../bindings/sound/mediatek,mt2701-audio.yaml      |    23 +
 .../bindings/sound/mediatek,mt2701-hdmi-audio.yaml |    48 +
 .../bindings/sound/mediatek,mt6351-sound.yaml      |    37 +
 .../bindings/sound/mediatek,mt8196-afe.yaml        |   113 +
 .../bindings/sound/mediatek,mt8196-nau8825.yaml    |   100 +
 Documentation/devicetree/bindings/sound/mt6351.txt |    16 -
 .../devicetree/bindings/sound/ti,tas67524.yaml     |   280 +
 Documentation/sound/alsa-configuration.rst         |     4 +-
 Documentation/sound/codecs/index.rst               |     1 +
 Documentation/sound/codecs/tas675x.rst             |   820 ++
 Documentation/sound/soc/index.rst                  |     2 +-
 Documentation/sound/soc/platform.rst               |     2 +-
 Documentation/sound/soc/usb.rst                    |     4 +-
 MAINTAINERS                                        |     4 +
 arch/arm/mach-pxa/pxa27x.c                         |     9 +-
 drivers/gpio/gpiolib-of.c                          |     8 +
 drivers/soundwire/bus.c                            |    31 +
 include/linux/platform_data/asoc-pxa.h             |    23 +-
 include/linux/soundwire/sdw.h                      |     8 +
 include/sound/ac97/codec.h                         |     5 +-
 include/sound/ac97/controller.h                    |     5 +-
 include/sound/pxa2xx-lib.h                         |    50 +-
 include/sound/sdca.h                               |     4 +
 include/sound/sdca_asoc.h                          |     6 +
 include/sound/sdca_function.h                      |     1 -
 include/sound/sdca_jack.h                          |     3 +
 include/sound/soc.h                                |     2 +-
 include/sound/soc_sdw_utils.h                      |    18 +
 sound/ac97/bus.c                                   |    26 +-
 sound/arm/Kconfig                                  |     7 -
 sound/arm/Makefile                                 |     4 -
 sound/soc/apple/mca.c                              |    14 +-
 sound/soc/atmel/atmel-classd.c                     |    41 +-
 sound/soc/atmel/mchp-spdifrx.c                     |    33 +-
 sound/soc/codecs/Kconfig                           |    30 +
 sound/soc/codecs/Makefile                          |     6 +
 sound/soc/codecs/cs35l56-sdw.c                     |    10 +-
 sound/soc/codecs/cs35l56.c                         |     2 +
 sound/soc/codecs/cs42l42-sdw.c                     |    11 +-
 sound/soc/codecs/cs42l43-jack.c                    |     5 +-
 sound/soc/codecs/es9356.c                          |  1151 ++
 sound/soc/codecs/es9356.h                          |   208 +
 sound/soc/codecs/max98363.c                        |    17 +-
 sound/soc/codecs/max98373-sdw.c                    |    18 +-
 sound/soc/codecs/nau8825.c                         |     8 +-
 sound/soc/codecs/pcm6240.c                         |    36 +-
 sound/soc/codecs/pcm6240.h                         |     2 +-
 sound/soc/codecs/rt1017-sdca-sdw.c                 |    18 +-
 sound/soc/codecs/rt1308-sdw.c                      |    18 +-
 sound/soc/codecs/rt1316-sdw.c                      |    18 +-
 sound/soc/codecs/rt1318-sdw.c                      |    16 +-
 sound/soc/codecs/rt1320-sdw.c                      |    16 +-
 sound/soc/codecs/rt5640.c                          |    37 +-
 sound/soc/codecs/rt5682-sdw.c                      |    16 +-
 sound/soc/codecs/rt700-sdw.c                       |    18 +-
 sound/soc/codecs/rt711-sdca-sdw.c                  |    16 +-
 sound/soc/codecs/rt711-sdw.c                       |    14 +-
 sound/soc/codecs/rt712-sdca-dmic.c                 |    19 +-
 sound/soc/codecs/rt712-sdca-sdw.c                  |    16 +-
 sound/soc/codecs/rt715-sdca-sdw.c                  |    18 +-
 sound/soc/codecs/rt715-sdw.c                       |    18 +-
 sound/soc/codecs/rt721-sdca-sdw.c                  |    16 +-
 sound/soc/codecs/rt722-sdca-sdw.c                  |    16 +-
 sound/soc/codecs/rt722-sdca.c                      |    77 +-
 sound/soc/codecs/rt722-sdca.h                      |     4 +
 sound/soc/codecs/sigmadsp.c                        |     4 +-
 sound/soc/codecs/tac5xx2-sdw.c                     |  2037 ++++
 sound/soc/codecs/tac5xx2.h                         |   259 +
 sound/soc/codecs/tas2783-sdw.c                     |    24 +-
 sound/soc/codecs/tas675x.c                         |  2194 ++++
 sound/soc/codecs/tas675x.h                         |   367 +
 sound/soc/codecs/tlv320aic3x.c                     |     7 +
 sound/soc/codecs/wsa881x.c                         |    35 +-
 sound/soc/fsl/eukrea-tlv320.c                      |    11 +-
 sound/soc/fsl/fsl-asoc-card.c                      |   111 +-
 sound/soc/fsl/fsl_micfil.c                         |    79 +
 sound/soc/fsl/fsl_micfil.h                         |     1 +
 sound/soc/fsl/fsl_sai.c                            |     7 +-
 sound/soc/fsl/fsl_sai.h                            |     2 +
 sound/soc/intel/boards/Kconfig                     |     1 +
 sound/soc/intel/boards/cht_bsw_rt5672.c            |    73 +-
 sound/soc/intel/boards/sof_sdw.c                   |    23 +-
 sound/soc/intel/common/soc-acpi-intel-arl-match.c  |    52 +
 sound/soc/intel/common/soc-acpi-intel-mtl-match.c  |   132 +
 sound/soc/intel/common/sof-function-topology-lib.c |    11 +-
 sound/soc/mediatek/Kconfig                         |    40 +
 sound/soc/mediatek/Makefile                        |     1 +
 .../soc/mediatek/common/mtk-afe-platform-driver.c  |    54 +-
 .../soc/mediatek/common/mtk-afe-platform-driver.h  |     2 +
 sound/soc/mediatek/mt2701/Makefile                 |     1 +
 sound/soc/mediatek/mt2701/mt2701-afe-clock-ctrl.c  |    22 +
 sound/soc/mediatek/mt2701/mt2701-afe-common.h      |     6 +
 sound/soc/mediatek/mt2701/mt2701-afe-pcm.c         |   284 +-
 sound/soc/mediatek/mt2701/mt2701-hdmi.c            |   114 +
 sound/soc/mediatek/mt2701/mt2701-reg.h             |    29 +
 sound/soc/mediatek/mt8196/Makefile                 |    14 +
 sound/soc/mediatek/mt8196/mt8196-afe-clk.c         |   581 +
 sound/soc/mediatek/mt8196/mt8196-afe-clk.h         |    64 +
 sound/soc/mediatek/mt8196/mt8196-afe-common.h      |   205 +
 sound/soc/mediatek/mt8196/mt8196-afe-pcm.c         |  2503 ++++
 sound/soc/mediatek/mt8196/mt8196-dai-adda.c        |   845 ++
 sound/soc/mediatek/mt8196/mt8196-dai-i2s.c         |  2613 ++++
 sound/soc/mediatek/mt8196/mt8196-dai-tdm.c         |   675 ++
 sound/soc/mediatek/mt8196/mt8196-interconnection.h |   121 +
 sound/soc/mediatek/mt8196/mt8196-nau8825.c         |   870 ++
 sound/soc/mediatek/mt8196/mt8196-reg.h             | 12068 +++++++++++++++++++
 sound/soc/pxa/Kconfig                              |     6 +
 sound/soc/pxa/Makefile                             |     4 +-
 sound/soc/pxa/mmp-sspa.c                           |     2 +-
 sound/soc/pxa/pxa-ssp.c                            |     2 +-
 sound/{arm => soc/pxa}/pxa2xx-ac97-lib.c           |    41 +-
 sound/{arm => soc/pxa}/pxa2xx-ac97-regs.h          |     0
 sound/soc/pxa/pxa2xx-ac97.c                        |     6 +-
 sound/soc/pxa/pxa2xx-i2s.c                         |     2 +-
 sound/soc/pxa/pxa2xx-lib.h                         |    45 +
 sound/{arm => soc/pxa}/pxa2xx-pcm-lib.c            |    26 +-
 sound/soc/pxa/pxa2xx-pcm.c                         |     3 +-
 sound/soc/rockchip/rk3399_gru_sound.c              |     2 +-
 sound/soc/rockchip/rockchip_i2s.c                  |     2 +-
 sound/soc/rockchip/rockchip_i2s_tdm.c              |     2 +-
 sound/soc/samsung/i2s.c                            |   118 +-
 sound/soc/samsung/idma.c                           |    26 +-
 sound/soc/samsung/odroid.c                         |    21 +-
 sound/soc/samsung/pcm.c                            |    99 +-
 sound/soc/samsung/spdif.c                          |    25 +-
 sound/soc/sdca/sdca_asoc.c                         |   106 +-
 sound/soc/sdca/sdca_class.c                        |     7 -
 sound/soc/sdca/sdca_class.h                        |     1 -
 sound/soc/sdca/sdca_class_function.c               |    23 +-
 sound/soc/sdca/sdca_functions.c                    |    51 +-
 sound/soc/sdca/sdca_interrupts.c                   |     3 +-
 sound/soc/sdca/sdca_jack.c                         |    76 +-
 sound/soc/sdw_utils/Makefile                       |     1 +
 sound/soc/sdw_utils/soc_sdw_es9356.c               |   230 +
 sound/soc/sdw_utils/soc_sdw_ti_amp.c               |   134 +-
 sound/soc/sdw_utils/soc_sdw_utils.c                |   287 +-
 sound/soc/soc-core.c                               |    44 +-
 sound/soc/soc-devres.c                             |    28 +-
 sound/soc/soc-ops.c                                |     4 +
 sound/soc/sof/topology.c                           |    55 +
 sound/soc/tegra/tegra20_ac97.c                     |     2 +-
 sound/soc/tegra/tegra20_das.c                      |     2 +-
 sound/soc/tegra/tegra20_i2s.c                      |     2 +-
 sound/soc/tegra/tegra210_admaif.c                  |    28 +-
 sound/soc/tegra/tegra210_admaif.h                  |     2 +-
 sound/soc/tegra/tegra210_adx.c                     |    85 +-
 sound/soc/tegra/tegra210_adx.h                     |     5 +-
 sound/soc/tegra/tegra210_amx.c                     |    82 +-
 sound/soc/tegra/tegra210_amx.h                     |     5 +-
 sound/soc/tegra/tegra210_mixer.c                   |   267 +-
 sound/soc/tegra/tegra210_mixer.h                   |    19 +-
 sound/soc/tegra/tegra210_mvc.c                     |     3 +
 sound/soc/tegra/tegra30_ahub.c                     |     2 +-
 sound/soc/tegra/tegra30_i2s.c                      |     2 +-
 sound/soc/tegra/tegra_isomgr_bw.c                  |    20 +-
 sound/soc/ti/ams-delta.c                           |    26 +-
 sound/soc/ti/j721e-evm.c                           |    47 +-
 sound/soc/ti/omap-dmic.c                           |    44 +-
 sound/soc/ti/omap-hdmi.c                           |    18 +-
 sound/soc/ti/omap-mcbsp-st.c                       |    26 +-
 sound/soc/ti/omap-mcbsp.c                          |    96 +-
 sound/soc/ti/omap-mcpdm.c                          |     8 +-
 sound/soc/ti/omap3pandora.c                        |     5 +-
 sound/soc/ti/rx51.c                                |     4 +-
 sound/soc/uniphier/aio-compress.c                  |    24 +-
 sound/soc/uniphier/aio-dma.c                       |    50 +-
 sound/soc/ux500/mop500_ab8500.c                    |    24 +-
 168 files changed, 31212 insertions(+), 1344 deletions(-)
 create mode 100644 Documentation/devicetree/bindings/sound/mediatek,mt2701-hdmi-audio.yaml
 create mode 100644 Documentation/devicetree/bindings/sound/mediatek,mt6351-sound.yaml
 create mode 100644 Documentation/devicetree/bindings/sound/mediatek,mt8196-afe.yaml
 create mode 100644 Documentation/devicetree/bindings/sound/mediatek,mt8196-nau8825.yaml
 delete mode 100644 Documentation/devicetree/bindings/sound/mt6351.txt
 create mode 100644 Documentation/devicetree/bindings/sound/ti,tas67524.yaml
 create mode 100644 Documentation/sound/codecs/tas675x.rst
 create mode 100644 sound/soc/codecs/es9356.c
 create mode 100644 sound/soc/codecs/es9356.h
 create mode 100644 sound/soc/codecs/tac5xx2-sdw.c
 create mode 100644 sound/soc/codecs/tac5xx2.h
 create mode 100644 sound/soc/codecs/tas675x.c
 create mode 100644 sound/soc/codecs/tas675x.h
 create mode 100644 sound/soc/mediatek/mt2701/mt2701-hdmi.c
 create mode 100644 sound/soc/mediatek/mt8196/Makefile
 create mode 100644 sound/soc/mediatek/mt8196/mt8196-afe-clk.c
 create mode 100644 sound/soc/mediatek/mt8196/mt8196-afe-clk.h
 create mode 100644 sound/soc/mediatek/mt8196/mt8196-afe-common.h
 create mode 100644 sound/soc/mediatek/mt8196/mt8196-afe-pcm.c
 create mode 100644 sound/soc/mediatek/mt8196/mt8196-dai-adda.c
 create mode 100644 sound/soc/mediatek/mt8196/mt8196-dai-i2s.c
 create mode 100644 sound/soc/mediatek/mt8196/mt8196-dai-tdm.c
 create mode 100644 sound/soc/mediatek/mt8196/mt8196-interconnection.h
 create mode 100644 sound/soc/mediatek/mt8196/mt8196-nau8825.c
 create mode 100644 sound/soc/mediatek/mt8196/mt8196-reg.h
 rename sound/{arm => soc/pxa}/pxa2xx-ac97-lib.c (91%)
 rename sound/{arm => soc/pxa}/pxa2xx-ac97-regs.h (100%)
 create mode 100644 sound/soc/pxa/pxa2xx-lib.h
 rename sound/{arm => soc/pxa}/pxa2xx-pcm-lib.c (86%)
 create mode 100644 sound/soc/sdw_utils/soc_sdw_es9356.c
Merging modules/modules-next (663385f9155f2 module: Simplify warning on positive returns from module_init())
$ git merge -m Merge branch 'modules-next' of https://git.kernel.org/pub/scm/linux/kernel/git/modules/linux.git modules/modules-next
Already up to date.
Merging input/next (b7710233c16c1 Input: atmel_mxt_ts - use __free() for obuf in mxt_object_show)
$ git merge -m Merge branch 'next' of https://git.kernel.org/pub/scm/linux/kernel/git/dtor/input.git input/next
Auto-merging drivers/input/touchscreen/atmel_mxt_ts.c
Merge made by the 'ort' strategy.
 .../bindings/input/touchscreen/st,stmfts.yaml      |   4 +
 drivers/input/keyboard/lm8323.c                    |   2 +-
 drivers/input/misc/Kconfig                         |  10 -
 drivers/input/misc/Makefile                        |   1 -
 drivers/input/misc/pcap_keys.c                     | 125 ----------
 drivers/input/touchscreen/Kconfig                  |  10 -
 drivers/input/touchscreen/Makefile                 |   1 -
 drivers/input/touchscreen/atmel_mxt_ts.c           |  13 +-
 drivers/input/touchscreen/pcap_ts.c                | 252 ---------------------
 drivers/input/touchscreen/stmfts.c                 | 160 ++++++++-----
 drivers/input/touchscreen/tsc2007_core.c           |   6 +-
 11 files changed, 118 insertions(+), 466 deletions(-)
 delete mode 100644 drivers/input/misc/pcap_keys.c
 delete mode 100644 drivers/input/touchscreen/pcap_ts.c
Merging block/for-next (0acb1308bbb07 Merge branch 'io_uring-7.1' into for-next)
$ git merge -m Merge branch 'for-next' of https://git.kernel.org/pub/scm/linux/kernel/git/axboe/linux.git block/for-next
Merge made by the 'ort' strategy.
 block/bio.c                                        |   44 +-
 block/blk-core.c                                   |    2 -
 block/blk.h                                        |    2 +
 drivers/block/drbd/Makefile                        |    1 +
 drivers/block/drbd/drbd_buildtag.c                 |    2 +-
 .../linux => drivers/block/drbd}/drbd_config.h     |    0
 drivers/block/drbd/drbd_debugfs.c                  |    2 +-
 drivers/block/drbd/drbd_int.h                      |    6 +-
 drivers/block/drbd/drbd_main.c                     |    6 +-
 drivers/block/drbd/drbd_nl.c                       |  414 ++--
 drivers/block/drbd/drbd_nl_gen.c                   | 2606 ++++++++++++++++++++
 drivers/block/drbd/drbd_nl_gen.h                   |  395 +++
 drivers/block/drbd/drbd_proc.c                     |    2 +-
 fs/eventpoll.c                                     |   94 +-
 include/linux/bio.h                                |    9 +-
 include/linux/blkdev.h                             |    1 -
 include/linux/drbd_genl.h                          |  536 ----
 include/linux/drbd_genl_api.h                      |   56 -
 include/linux/eventpoll.h                          |    8 +
 include/linux/genl_magic_func.h                    |  413 ----
 include/linux/genl_magic_struct.h                  |  272 --
 include/linux/io_uring_types.h                     |    3 +
 include/{ => uapi}/linux/drbd.h                    |   73 +-
 include/uapi/linux/drbd_genl.h                     |  359 +++
 include/{ => uapi}/linux/drbd_limits.h             |   10 +-
 include/uapi/linux/io_uring/bpf_filter.h           |   16 +
 io_uring/epoll.c                                   |   18 +-
 io_uring/fdinfo.c                                  |    2 +-
 io_uring/io_uring.c                                |    3 +
 io_uring/io_uring.h                                |    2 +-
 io_uring/kbuf.c                                    |    2 +-
 io_uring/net.c                                     |   67 +-
 io_uring/net.h                                     |    7 +
 io_uring/opdef.c                                   |    2 +
 io_uring/rsrc.c                                    |  273 +-
 io_uring/rsrc.h                                    |    7 +-
 io_uring/waitid.c                                  |    1 +
 37 files changed, 4060 insertions(+), 1656 deletions(-)
 rename {include/linux => drivers/block/drbd}/drbd_config.h (100%)
 create mode 100644 drivers/block/drbd/drbd_nl_gen.c
 create mode 100644 drivers/block/drbd/drbd_nl_gen.h
 delete mode 100644 include/linux/drbd_genl.h
 delete mode 100644 include/linux/drbd_genl_api.h
 delete mode 100644 include/linux/genl_magic_func.h
 delete mode 100644 include/linux/genl_magic_struct.h
 rename include/{ => uapi}/linux/drbd.h (85%)
 create mode 100644 include/uapi/linux/drbd_genl.h
 rename include/{ => uapi}/linux/drbd_limits.h (97%)
$ git am -3 ../patches/0001-Revert-block-remove-bio_last_bvec_all.patch
Applying: Revert "block: remove bio_last_bvec_all"
$ git reset HEAD^
Unstaged changes after reset:
M	Documentation/block/biovecs.rst
M	include/linux/bio.h
$ git add -A .
$ git commit -v -a --amend
warning: notes ref refs/notes/commits is invalid
[master 1eac0dfbdb9a9] Merge branch 'for-next' of https://git.kernel.org/pub/scm/linux/kernel/git/axboe/linux.git
 Date: Mon May 18 15:55:20 2026 +0100
Merging device-mapper/for-next (2770cd4c7af72 dm-ioctl: report an error if a device has no table)
$ git merge -m Merge branch 'for-next' of https://git.kernel.org/pub/scm/linux/kernel/git/device-mapper/linux-dm.git device-mapper/for-next
Merge made by the 'ort' strategy.
 .../admin-guide/device-mapper/dm-inlinecrypt.rst   | 123 +++++
 block/blk-crypto.c                                 |   3 +
 drivers/md/Kconfig                                 |  11 +
 drivers/md/Makefile                                |   1 +
 drivers/md/dm-ima.c                                | 500 ++++++++---------
 drivers/md/dm-ima.h                                |  68 ++-
 drivers/md/dm-inlinecrypt.c                        | 599 +++++++++++++++++++++
 drivers/md/dm-ioctl.c                              | 151 +++++-
 drivers/md/dm-raid.c                               |   6 +
 drivers/md/dm-vdo/indexer/index-layout.c           |   2 +-
 drivers/md/dm.c                                    |   2 +-
 drivers/md/md.h                                    |   2 +
 drivers/md/raid5.c                                 |   7 +-
 13 files changed, 1169 insertions(+), 306 deletions(-)
 create mode 100644 Documentation/admin-guide/device-mapper/dm-inlinecrypt.rst
 create mode 100644 drivers/md/dm-inlinecrypt.c
Merging libata/for-next (0926c1b731b73 ata: pata_arasan_cf: simplify ioremap)
$ git merge -m Merge branch 'for-next' of https://git.kernel.org/pub/scm/linux/kernel/git/libata/linux libata/for-next
Merge made by the 'ort' strategy.
 drivers/ata/ahci.c           | 22 ++++++++++++++++++++++
 drivers/ata/libahci.c        |  4 ++--
 drivers/ata/libata-eh.c      |  2 +-
 drivers/ata/libata-scsi.c    |  2 +-
 drivers/ata/pata_arasan_cf.c | 24 ++++++------------------
 5 files changed, 32 insertions(+), 22 deletions(-)
Merging pcmcia/pcmcia-next (b3c26ea81ccc5 pcmcia: remove obsolete host controller drivers)
$ git merge -m Merge branch 'pcmcia-next' of https://git.kernel.org/pub/scm/linux/kernel/git/brodo/linux.git pcmcia/pcmcia-next
Already up to date.
Merging mmc/next (ee06a067864b0 mmc: Merge branch fixes into next)
$ git merge -m Merge branch 'next' of https://git.kernel.org/pub/scm/linux/kernel/git/ulfh/mmc.git mmc/next
Merge made by the 'ort' strategy.
 .../devicetree/bindings/mmc/renesas,sdhi.yaml      |   1 +
 .../devicetree/bindings/mmc/spacemit,sdhci.yaml    |  15 ++
 drivers/memstick/host/tifm_ms.c                    |   2 +-
 drivers/misc/tifm_core.c                           |   4 +-
 drivers/mmc/core/queue.c                           |   8 +-
 drivers/mmc/host/cavium-thunderx.c                 |   2 +-
 drivers/mmc/host/davinci_mmc.c                     |   4 +-
 drivers/mmc/host/dw_mmc-exynos.c                   |   1 +
 drivers/mmc/host/dw_mmc.c                          |   4 +-
 drivers/mmc/host/dw_mmc.h                          |   4 +-
 drivers/mmc/host/renesas_sdhi_internal_dmac.c      |   1 +
 drivers/mmc/host/sdhci-of-k1.c                     | 257 +++++++++++++++++++++
 drivers/mmc/host/tifm_sd.c                         |   4 +-
 drivers/mmc/host/via-sdmmc.c                       |   5 +-
 drivers/mmc/host/wmt-sdmmc.c                       |   2 +-
 include/linux/tifm.h                               |   2 +-
 16 files changed, 299 insertions(+), 17 deletions(-)
Merging mfd/for-mfd-next (522d62d7aa119 mfd: bd72720: Drop BUCK11 ID)
$ git merge -m Merge branch 'for-mfd-next' of https://git.kernel.org/pub/scm/linux/kernel/git/lee/mfd.git mfd/for-mfd-next
Merge made by the 'ort' strategy.
 drivers/mfd/sprd-sc27xx-spi.c    | 62 ++++++++++++++++++++++++++++++++++------
 drivers/mfd/tps65219.c           | 14 +++++----
 drivers/mfd/tps65910.c           | 16 ++++++++++-
 include/linux/mfd/rohm-bd72720.h |  1 -
 4 files changed, 76 insertions(+), 17 deletions(-)
Merging backlight/for-backlight-next (254f49634ee16 Linux 7.1-rc1)
$ git merge -m Merge branch 'for-backlight-next' of https://git.kernel.org/pub/scm/linux/kernel/git/lee/backlight.git backlight/for-backlight-next
Already up to date.
Merging battery/for-next (254f49634ee16 Linux 7.1-rc1)
$ git merge -m Merge branch 'for-next' of https://git.kernel.org/pub/scm/linux/kernel/git/sre/linux-power-supply.git battery/for-next
Already up to date.
Merging regulator/for-next (3a6a4bd03196a Merge remote-tracking branch 'regulator/for-7.2' into regulator-next)
$ git merge -m Merge branch 'for-next' of https://git.kernel.org/pub/scm/linux/kernel/git/broonie/regulator.git regulator/for-next
Merge made by the 'ort' strategy.
 .../bindings/regulator/mt6360-regulator.yaml       |  4 +++
 .../bindings/regulator/qcom,rpmh-regulator.yaml    |  3 ++
 .../bindings/regulator/qcom,smd-rpm-regulator.yaml |  4 +++
 drivers/regulator/palmas-regulator.c               |  2 +-
 drivers/regulator/qcom-rpmh-regulator.c            | 19 +++++++++++++
 drivers/regulator/qcom_smd-regulator.c             | 33 ++++++++++++++++++++++
 6 files changed, 64 insertions(+), 1 deletion(-)
Merging security/next (1abe66291664c Automated merge of 'dev' into 'next')
$ git merge -m Merge branch 'next' of https://git.kernel.org/pub/scm/linux/kernel/git/pcmoore/lsm.git security/next
Auto-merging MAINTAINERS
Auto-merging fs/nfs/nfs4proc.c
Auto-merging scripts/Makefile
Auto-merging security/selinux/hooks.c
Merge made by the 'ort' strategy.
 Documentation/admin-guide/LSM/Hornet.rst     | 323 +++++++++++++++++++++
 Documentation/admin-guide/LSM/index.rst      |   1 +
 Documentation/admin-guide/LSM/ipe.rst        | 162 ++++++++++-
 Documentation/security/ipe.rst               |  68 +++++
 MAINTAINERS                                  |   9 +
 certs/system_keyring.c                       |   1 +
 crypto/asymmetric_keys/Makefile              |   4 +-
 crypto/asymmetric_keys/pkcs7_aa.asn1         |  18 ++
 crypto/asymmetric_keys/pkcs7_key_type.c      |  44 ++-
 crypto/asymmetric_keys/pkcs7_parser.c        |  81 ++++++
 crypto/asymmetric_keys/pkcs7_parser.h        |   1 +
 crypto/asymmetric_keys/pkcs7_trust.c         |   1 +
 fs/nfs/nfs4proc.c                            |   7 +-
 fs/xattr.c                                   |  11 +-
 include/crypto/pkcs7.h                       |   4 +
 include/linux/lsm_hook_defs.h                |   9 +-
 include/linux/oid_registry.h                 |   3 +
 include/linux/security.h                     |  33 ++-
 include/uapi/linux/lsm.h                     |   1 +
 scripts/Makefile                             |   1 +
 scripts/hornet/.gitignore                    |   1 +
 scripts/hornet/Makefile                      |   5 +
 scripts/hornet/extract-insn.sh               |  27 ++
 scripts/hornet/extract-map.sh                |  27 ++
 scripts/hornet/extract-skel.sh               |  27 ++
 scripts/hornet/gen_sig.c                     | 402 +++++++++++++++++++++++++++
 scripts/hornet/write-sig.sh                  |  27 ++
 security/Kconfig                             |   3 +-
 security/Makefile                            |   1 +
 security/hornet/Kconfig                      |  14 +
 security/hornet/Makefile                     |   7 +
 security/hornet/hornet.asn1                  |  12 +
 security/hornet/hornet_lsm.c                 | 352 +++++++++++++++++++++++
 security/ipe/Kconfig                         |  15 +
 security/ipe/audit.c                         |  15 +
 security/ipe/eval.c                          |  93 +++++++
 security/ipe/eval.h                          |  11 +
 security/ipe/hooks.c                         |  63 +++++
 security/ipe/hooks.h                         |  15 +
 security/ipe/ipe.c                           |  14 +
 security/ipe/ipe.h                           |   3 +
 security/ipe/policy.h                        |  14 +
 security/ipe/policy_parser.c                 |  27 ++
 security/lsm_syscalls.c                      |   9 +-
 security/security.c                          |  91 +++++-
 security/selinux/hooks.c                     |  10 +-
 security/smack/smack_lsm.c                   |  13 +-
 tools/testing/selftests/Makefile             |   1 +
 tools/testing/selftests/hornet/Makefile      |  63 +++++
 tools/testing/selftests/hornet/loader.c      |  21 ++
 tools/testing/selftests/hornet/trivial.bpf.c |  33 +++
 51 files changed, 2153 insertions(+), 45 deletions(-)
 create mode 100644 Documentation/admin-guide/LSM/Hornet.rst
 create mode 100644 crypto/asymmetric_keys/pkcs7_aa.asn1
 create mode 100644 scripts/hornet/.gitignore
 create mode 100644 scripts/hornet/Makefile
 create mode 100755 scripts/hornet/extract-insn.sh
 create mode 100755 scripts/hornet/extract-map.sh
 create mode 100755 scripts/hornet/extract-skel.sh
 create mode 100644 scripts/hornet/gen_sig.c
 create mode 100755 scripts/hornet/write-sig.sh
 create mode 100644 security/hornet/Kconfig
 create mode 100644 security/hornet/Makefile
 create mode 100644 security/hornet/hornet.asn1
 create mode 100644 security/hornet/hornet_lsm.c
 create mode 100644 tools/testing/selftests/hornet/Makefile
 create mode 100644 tools/testing/selftests/hornet/loader.c
 create mode 100644 tools/testing/selftests/hornet/trivial.bpf.c
Merging apparmor/apparmor-next (254f49634ee16 Linux 7.1-rc1)
$ git merge -m Merge branch 'apparmor-next' of https://git.kernel.org/pub/scm/linux/kernel/git/jj/linux-apparmor apparmor/apparmor-next
Already up to date.
Merging integrity/next-integrity (11143a19f5b8d evm: terminate and bound the evm_xattrs read buffer)
$ git merge -m Merge branch 'next-integrity' of https://git.kernel.org/pub/scm/linux/kernel/git/zohar/linux-integrity integrity/next-integrity
Merge made by the 'ort' strategy.
 security/integrity/digsig_asymmetric.c | 152 ++++++++++++++++++++++++++++-----
 security/integrity/evm/evm_secfs.c     |  16 ++--
 security/integrity/ima/ima_appraise.c  |  10 ++-
 security/integrity/ima/ima_policy.c    |   3 +-
 4 files changed, 152 insertions(+), 29 deletions(-)
Merging selinux/next (ad5a51dd2f48e Automated merge of 'dev' into 'next')
$ git merge -m Merge branch 'next' of https://git.kernel.org/pub/scm/linux/kernel/git/pcmoore/selinux.git selinux/next
Merge made by the 'ort' strategy.
 security/selinux/include/security.h |   1 +
 security/selinux/selinuxfs.c        |  13 +-
 security/selinux/ss/avtab.c         |  49 ++++-
 security/selinux/ss/avtab.h         |  13 ++
 security/selinux/ss/conditional.c   |  39 ++--
 security/selinux/ss/constraint.h    |   1 +
 security/selinux/ss/ebitmap.c       |  27 +++
 security/selinux/ss/ebitmap.h       |   1 +
 security/selinux/ss/hashtab.h       |   4 +-
 security/selinux/ss/mls.c           |  66 ++++---
 security/selinux/ss/mls.h           |   6 +-
 security/selinux/ss/policydb.c      | 358 +++++++++++++++++++++++++++++-------
 security/selinux/ss/policydb.h      |  56 ++++--
 security/selinux/ss/services.c      |  13 +-
 security/selinux/ss/symtab.c        |   2 +-
 security/selinux/ss/symtab.h        |   2 +-
 16 files changed, 504 insertions(+), 147 deletions(-)
Merging smack/next (b78fede1c69a0 smack: simplify write handlers of sysfs entries)
$ git merge -m Merge branch 'next' of https://github.com/cschaufler/smack-next smack/next
Auto-merging security/smack/smack_lsm.c
Merge made by the 'ort' strategy.
 security/smack/smack_lsm.c |  2 +-
 security/smack/smackfs.c   | 81 +++++++++++++---------------------------------
 2 files changed, 23 insertions(+), 60 deletions(-)
Merging tomoyo/master (1a83d226268cf loop: check refcount in __loop_clr_fd() and lo_rw_aio())
$ git merge -m Merge branch 'master' of git://git.code.sf.net/p/tomoyo/tomoyo.git tomoyo/master
Auto-merging include/linux/netdevice.h
Auto-merging include/net/sock.h
Auto-merging kernel/workqueue.c
Auto-merging lib/Kconfig.debug
Auto-merging net/core/dev.c
Merge made by the 'ort' strategy.
 drivers/block/loop.c      |  15 ++++
 include/linux/netdevice.h |  15 ++++
 include/net/dst.h         |  22 +++++-
 include/net/sock.h        |   8 +-
 kernel/locking/lockdep.c  |   2 +
 kernel/softirq.c          |   4 +
 kernel/workqueue.c        |   4 +
 lib/Kconfig.debug         |   7 ++
 net/bridge/br_nf_core.c   |   1 +
 net/core/dev.c            | 188 ++++++++++++++++++++++++++++++++++++++++++++++
 net/core/dst.c            |  85 +++++++++++++++++++++
 net/core/lock_debug.c     |   1 +
 net/socket.c              |  32 ++++++--
 13 files changed, 373 insertions(+), 11 deletions(-)
Merging tpmdd-tpm/for-next-tpm (fd1ac8d2bae68 tpm_crb: Check ACPI_COMPANION() against NULL during probe)
$ git merge -m Merge branch 'for-next-tpm' of https://git.kernel.org/pub/scm/linux/kernel/git/jarkko/linux-tpmdd.git tpmdd-tpm/for-next-tpm
Auto-merging Documentation/admin-guide/kernel-parameters.txt
Merge made by the 'ort' strategy.
 Documentation/admin-guide/kernel-parameters.txt | 16 +++++++++
 drivers/char/tpm/tpm2-cmd.c                     |  6 ++--
 drivers/char/tpm/tpm2-sessions.c                | 11 ++++---
 drivers/char/tpm/tpm_crb.c                      |  6 +++-
 drivers/char/tpm/tpm_svsm.c                     |  2 +-
 drivers/char/tpm/tpm_tis_core.c                 | 35 ++++++++++++--------
 include/keys/trusted-type.h                     | 21 +++++++-----
 security/keys/Kconfig                           |  1 -
 security/keys/trusted-keys/Kconfig              | 23 +++++++++++++
 security/keys/trusted-keys/trusted_caam.c       |  7 ++--
 security/keys/trusted-keys/trusted_core.c       |  6 ++++
 security/keys/trusted-keys/trusted_tpm1.c       | 44 ++++++++++++++-----------
 security/keys/user_defined.c                    |  2 +-
 13 files changed, 125 insertions(+), 55 deletions(-)
Merging tpmdd-keys/for-next-keys (26cb5b4b32ff1 keys: use kmalloc_flex in user_preparse)
$ git merge -m Merge branch 'for-next-keys' of https://git.kernel.org/pub/scm/linux/kernel/git/jarkko/linux-tpmdd.git tpmdd-keys/for-next-keys
Already up to date.
Merging watchdog/watchdog-next (1147eb0dc29bd watchdog: realtek-otto: enable clock before using I/O)
$ git merge -m Merge branch 'watchdog-next' of https://git.kernel.org/pub/scm/linux/kernel/git/groeck/linux-staging.git watchdog/watchdog-next
Auto-merging Documentation/watchdog/watchdog-api.rst
Auto-merging Documentation/watchdog/watchdog-kernel-api.rst
Auto-merging Documentation/watchdog/watchdog-parameters.rst
Auto-merging MAINTAINERS
Merge made by the 'ort' strategy.
 .../bindings/watchdog/andestech,ae350-wdt.yaml     |  53 ++
 .../devicetree/bindings/watchdog/apple,wdt.yaml    |   4 +-
 .../bindings/watchdog/kontron,sl28cpld-wdt.yaml    |   7 +-
 .../devicetree/bindings/watchdog/qcom-wdt.yaml     |  10 +
 .../bindings/watchdog/renesas,r9a09g057-wdt.yaml   |   8 +-
 .../bindings/watchdog/renesas,rzg2l-wdt.yaml       |   1 +
 .../bindings/watchdog/renesas,rzn1-wdt.yaml        |   1 -
 .../devicetree/bindings/watchdog/snps,dw-wdt.yaml  |   2 +
 .../bindings/watchdog/technologic,ts4800-wdt.yaml  |  40 ++
 .../devicetree/bindings/watchdog/ti,rti-wdt.yaml   |   1 +
 .../devicetree/bindings/watchdog/ts4800-wdt.txt    |  25 -
 .../watchdog/convert_drivers_to_kernel_api.rst     |  28 +-
 Documentation/watchdog/{wdt.rst => ics-wdt.rst}    |   8 +-
 Documentation/watchdog/index.rst                   |  20 +-
 Documentation/watchdog/watchdog-api.rst            |  15 +-
 Documentation/watchdog/watchdog-kernel-api.rst     |   2 +-
 Documentation/watchdog/watchdog-parameters.rst     |  19 -
 MAINTAINERS                                        |   7 +
 drivers/watchdog/Kconfig                           |  68 ++-
 drivers/watchdog/Makefile                          |   4 +-
 drivers/watchdog/apple_wdt.c                       |   1 +
 drivers/watchdog/at91sam9_wdt.h                    |   6 +-
 drivers/watchdog/atcwdt200_wdt.c                   | 580 +++++++++++++++++++++
 drivers/watchdog/bcm2835_wdt.c                     |  28 +-
 drivers/watchdog/gunyah_wdt.c                      | 261 ++++++++++
 drivers/watchdog/hpwdt.c                           |  22 +-
 drivers/watchdog/imx7ulp_wdt.c                     |  10 +-
 drivers/watchdog/lenovo_se10_wdt.c                 |  82 ++-
 drivers/watchdog/machzwd.c                         | 452 ----------------
 drivers/watchdog/menz69_wdt.c                      |   1 -
 drivers/watchdog/qcom-wdt.c                        |  42 +-
 drivers/watchdog/realtek_otto_wdt.c                |  20 +-
 drivers/watchdog/rti_wdt.c                         |  39 +-
 drivers/watchdog/rzn1_wdt.c                        |  35 +-
 drivers/watchdog/sama5d4_wdt.c                     |  48 +-
 drivers/watchdog/sc520_wdt.c                       | 430 ---------------
 drivers/watchdog/smsc37b787_wdt.c                  |   2 +-
 drivers/watchdog/sp5100_tco.c                      |   3 +-
 drivers/watchdog/sprd_wdt.c                        |   5 +-
 39 files changed, 1268 insertions(+), 1122 deletions(-)
 create mode 100644 Documentation/devicetree/bindings/watchdog/andestech,ae350-wdt.yaml
 create mode 100644 Documentation/devicetree/bindings/watchdog/technologic,ts4800-wdt.yaml
 delete mode 100644 Documentation/devicetree/bindings/watchdog/ts4800-wdt.txt
 rename Documentation/watchdog/{wdt.rst => ics-wdt.rst} (91%)
 create mode 100644 drivers/watchdog/atcwdt200_wdt.c
 create mode 100644 drivers/watchdog/gunyah_wdt.c
 delete mode 100644 drivers/watchdog/machzwd.c
 delete mode 100644 drivers/watchdog/sc520_wdt.c
Merging iommu/next (f2883fc6bfa7e Merge branches 'fixes', 'verisilicon', 'riscv' and 'amd/amd-vi' into next)
$ git merge -m Merge branch 'next' of https://git.kernel.org/pub/scm/linux/kernel/git/iommu/linux.git iommu/next
Auto-merging MAINTAINERS
Auto-merging arch/arm64/boot/dts/rockchip/rk3588-base.dtsi
Auto-merging arch/arm64/configs/defconfig
CONFLICT (content): Merge conflict in arch/arm64/configs/defconfig
Resolved 'arch/arm64/configs/defconfig' using previous resolution.
Automatic merge failed; fix conflicts and then commit the result.
$ git commit --no-edit -v -a
[master a694fc0539470] Merge branch 'next' of https://git.kernel.org/pub/scm/linux/kernel/git/iommu/linux.git
$ git diff -M --stat --summary HEAD^..
 .../bindings/iommu/verisilicon,iommu.yaml          |  71 ++
 MAINTAINERS                                        |   8 +
 arch/arm64/boot/dts/rockchip/rk3588-base.dtsi      |  11 +
 arch/arm64/configs/defconfig                       |   1 +
 drivers/iommu/Kconfig                              |  11 +
 drivers/iommu/Makefile                             |   1 +
 drivers/iommu/amd/amd_iommu_types.h                |  26 +-
 drivers/iommu/amd/init.c                           |  43 +-
 drivers/iommu/amd/iommu.c                          |   3 -
 drivers/iommu/generic_pt/fmt/riscv.h               |  11 +-
 drivers/iommu/riscv/iommu.c                        |   2 +
 drivers/iommu/vsi-iommu.c                          | 796 +++++++++++++++++++++
 include/linux/generic_pt/common.h                  |   4 +
 13 files changed, 936 insertions(+), 52 deletions(-)
 create mode 100644 Documentation/devicetree/bindings/iommu/verisilicon,iommu.yaml
 create mode 100644 drivers/iommu/vsi-iommu.c
Merging audit/next (f9e1c1324b4d9 audit: enforce AUDIT_LOCKED for AUDIT_TRIM and AUDIT_MAKE_EQUIV)
$ git merge -m Merge branch 'next' of https://git.kernel.org/pub/scm/linux/kernel/git/pcmoore/audit.git audit/next
Already up to date.
Merging devicetree/for-next (98e2a77b5d2c1 dt-bindings: Consolidate "sram" property definition)
$ git merge -m Merge branch 'for-next' of https://git.kernel.org/pub/scm/linux/kernel/git/robh/linux.git devicetree/for-next
Auto-merging Documentation/devicetree/bindings/sram/sram.yaml
Auto-merging MAINTAINERS
Merge made by the 'ort' strategy.
 Documentation/devicetree/bindings/arm/cpus.yaml    |  1 +
 .../devicetree/bindings/arm/st,nomadik.yaml        | 23 ++++++++++++
 .../devicetree/bindings/arm/ste-nomadik.txt        | 38 -------------------
 .../bindings/display/bridge/solomon,ssd2825.yaml   |  3 +-
 .../display/imx/fsl,imx-parallel-display.yaml      | 11 ++++++
 .../imx/fsl,imx8qxp-dc-command-sequencer.yaml      |  2 +-
 .../bindings/display/mediatek/mediatek,ovl-2l.yaml |  5 +--
 .../bindings/display/mediatek/mediatek,ovl.yaml    |  5 +--
 .../bindings/display/mediatek/mediatek,rdma.yaml   |  4 +-
 .../bindings/display/mediatek/mediatek,wdma.yaml   |  4 +-
 .../devicetree/bindings/display/msm/gpu.yaml       |  6 +--
 .../display/rockchip/rockchip,rk3399-cdn-dp.yaml   |  2 +
 .../devicetree/bindings/dma/stericsson,dma40.yaml  |  8 +---
 .../devicetree/bindings/i2c/i2c-demux-pinctrl.yaml |  1 +
 .../bindings/i2c/opencores,i2c-ocores.yaml         |  8 ++--
 .../bindings/iio/adc/st,spear600-adc.yaml          |  2 +-
 .../devicetree/bindings/input/atmel,maxtouch.yaml  |  3 +-
 .../devicetree/bindings/input/imx-keypad.yaml      | 32 ++++++++--------
 .../bindings/input/microchip,cap11xx.yaml          | 12 +++---
 .../bindings/input/touchscreen/ti,ads7843.yaml     |  4 +-
 .../bindings/interrupt-controller/qcom,pdc.yaml    |  1 +
 .../devicetree/bindings/leds/leds-lp55xx.yaml      |  2 +-
 .../devicetree/bindings/media/cnm,wave521c.yaml    |  2 +-
 .../bindings/media/mediatek,vcodec-encoder.yaml    |  2 +-
 .../media/mediatek,vcodec-subdev-decoder.yaml      |  2 +-
 .../devicetree/bindings/media/nxp,imx8-jpeg.yaml   |  6 +--
 .../devicetree/bindings/media/rockchip,vdec.yaml   |  5 +--
 .../devicetree/bindings/media/st,stm32-dcmi.yaml   |  6 +--
 .../memory-controllers/nvidia,tegra20-mc.yaml      |  4 +-
 .../memory-controllers/samsung,exynos5422-dmc.yaml |  2 +-
 .../devicetree/bindings/mfd/rockchip,rk816.yaml    |  3 +-
 .../devicetree/bindings/misc/fsl,qoriq-mc.yaml     |  2 +-
 .../devicetree/bindings/misc/qcom,fastrpc.yaml     |  1 +
 .../mmc/hisilicon,hi3798cv200-dw-mshc.yaml         |  7 ++--
 .../devicetree/bindings/net/mediatek,net.yaml      |  3 +-
 .../devicetree/bindings/net/qcom,bam-dmux.yaml     | 12 ++++++
 .../devicetree/bindings/net/qcom,ipa.yaml          | 12 ++++++
 .../devicetree/bindings/net/ti,icssg-prueth.yaml   |  2 +-
 .../devicetree/bindings/net/ti,icssm-prueth.yaml   |  2 +-
 .../bindings/net/wireless/qcom,ath10k.yaml         |  8 +++-
 .../bindings/net/wireless/qcom,ath11k.yaml         |  8 +++-
 .../bindings/net/wireless/qcom,ipq5332-wifi.yaml   | 18 +++++++++
 .../bindings/pci/mediatek-pcie-mt7623.yaml         |  4 +-
 .../bindings/pci/samsung,exynos-pcie.yaml          |  2 +-
 .../devicetree/bindings/pci/toshiba,tc9563.yaml    |  5 ++-
 .../remoteproc/amlogic,meson-mx-ao-arc.yaml        |  7 +---
 .../bindings/remoteproc/qcom,msm8916-mss-pil.yaml  |  6 +++
 .../bindings/remoteproc/qcom,msm8996-mss-pil.yaml  |  7 ++++
 .../bindings/remoteproc/qcom,pas-common.yaml       |  6 +++
 .../bindings/remoteproc/qcom,qcs404-cdsp-pil.yaml  |  6 +++
 .../bindings/remoteproc/qcom,sc7180-mss-pil.yaml   |  6 +++
 .../bindings/remoteproc/qcom,sc7280-adsp-pil.yaml  |  6 +++
 .../bindings/remoteproc/qcom,sc7280-mss-pil.yaml   |  6 +++
 .../bindings/remoteproc/qcom,sc7280-wpss-pil.yaml  |  6 +++
 .../bindings/remoteproc/qcom,sdm845-adsp-pil.yaml  |  6 +++
 .../bindings/remoteproc/qcom,wcnss-pil.yaml        |  6 +++
 .../bindings/remoteproc/ti,k3-dsp-rproc.yaml       |  8 ----
 .../bindings/remoteproc/ti,k3-r5f-rproc.yaml       |  8 ----
 .../bindings/remoteproc/xlnx,zynqmp-r5fss.yaml     |  9 +----
 .../bindings/sound/davinci-mcasp-audio.yaml        |  4 +-
 .../devicetree/bindings/sound/samsung,tm2.yaml     |  8 +++-
 .../devicetree/bindings/sound/simple-card.yaml     |  6 +--
 .../devicetree/bindings/spi/st,stm32-spi.yaml      | 10 ++---
 .../devicetree/bindings/spi/st,stm32mp25-ospi.yaml |  5 ++-
 .../devicetree/bindings/sram/sram-consumer.yaml    | 26 +++++++++++++
 Documentation/devicetree/bindings/sram/sram.yaml   |  1 +
 .../devicetree/bindings/submitting-patches.rst     |  7 ++--
 .../bindings/usb/chipidea,usb2-common.yaml         |  2 +
 .../devicetree/bindings/usb/ci-hdrc-usb2.yaml      |  7 ++--
 .../devicetree/bindings/usb/richtek,rt1711h.yaml   |  3 +-
 .../devicetree/bindings/usb/ti,j721e-usb.yaml      |  8 ++--
 .../devicetree/bindings/writing-bindings.rst       | 12 +++++-
 MAINTAINERS                                        |  2 +-
 drivers/of/base.c                                  | 43 +++++++++++++---------
 drivers/of/dynamic.c                               | 20 ++++++++--
 drivers/of/fdt.c                                   |  2 -
 drivers/of/property.c                              | 27 +++++++++++---
 drivers/of/unittest.c                              | 32 ++++++++++++++++
 78 files changed, 398 insertions(+), 215 deletions(-)
 create mode 100644 Documentation/devicetree/bindings/arm/st,nomadik.yaml
 delete mode 100644 Documentation/devicetree/bindings/arm/ste-nomadik.txt
 create mode 100644 Documentation/devicetree/bindings/sram/sram-consumer.yaml
Merging dt-krzk/for-next (254f49634ee16 Linux 7.1-rc1)
$ git merge -m Merge branch 'for-next' of https://git.kernel.org/pub/scm/linux/kernel/git/krzk/linux-dt.git dt-krzk/for-next
Already up to date.
Merging mailbox/for-next (6e937f4e769e6 mailbox: mailbox-test: make data_ready a per-instance variable)
$ git merge -m Merge branch 'for-next' of https://git.kernel.org/pub/scm/linux/kernel/git/jassibrar/mailbox.git mailbox/for-next
Already up to date.
Merging spi/for-next (bbaebec34b748 Merge remote-tracking branch 'spi/for-7.2' into spi-next)
$ git merge -m Merge branch 'for-next' of https://git.kernel.org/pub/scm/linux/kernel/git/broonie/spi.git spi/for-next
Auto-merging drivers/spi/spi-stm32-ospi.c
Auto-merging drivers/spi/spi-stm32-qspi.c
Merge made by the 'ort' strategy.
 .../bindings/spi/qcom,spi-qcom-qspi.yaml           |  21 +-
 .../devicetree/bindings/spi/spacemit,k1-spi.yaml   |  84 +++
 drivers/spi/Kconfig                                |   9 +
 drivers/spi/Makefile                               |   1 +
 drivers/spi/spi-amlogic-spifc-a1.c                 |   5 +-
 drivers/spi/spi-amlogic-spisg.c                    |  16 +-
 drivers/spi/spi-at91-usart.c                       |  63 +-
 drivers/spi/spi-atcspi200.c                        |  28 +-
 drivers/spi/spi-atmel.c                            |  34 +-
 drivers/spi/spi-bcm63xx-hsspi.c                    |  17 +-
 drivers/spi/spi-bcm63xx.c                          |  23 +-
 drivers/spi/spi-cadence-quadspi.c                  |  52 +-
 drivers/spi/spi-cadence-xspi.c                     |   3 +-
 drivers/spi/spi-cadence.c                          |  40 +-
 drivers/spi/spi-cavium-octeon.c                    |  17 +-
 drivers/spi/spi-cavium-thunderx.c                  |  32 +-
 drivers/spi/spi-coldfire-qspi.c                    |  28 +-
 drivers/spi/spi-dln2.c                             |  26 +-
 drivers/spi/spi-dw-pci.c                           |  14 +-
 drivers/spi/spi-ep93xx.c                           |  22 +-
 drivers/spi/spi-fsl-espi.c                         |  20 +-
 drivers/spi/spi-fsl-spi.c                          |  14 +-
 drivers/spi/spi-hisi-kunpeng.c                     |   6 +-
 drivers/spi/spi-img-spfi.c                         |  40 +-
 drivers/spi/spi-intel-pci.c                        |  66 +-
 drivers/spi/spi-lantiq-ssc.c                       |  28 +-
 drivers/spi/spi-meson-spicc.c                      |  48 +-
 drivers/spi/spi-microchip-core-qspi.c              |   3 +-
 drivers/spi/spi-mpc52xx.c                          |  26 +-
 drivers/spi/spi-mxs.c                              |  14 +-
 drivers/spi/spi-npcm-pspi.c                        |  19 +-
 drivers/spi/spi-nxp-xspi.c                         |  12 +-
 drivers/spi/spi-omap2-mcspi.c                      |  42 +-
 drivers/spi/spi-orion.c                            |  26 +-
 drivers/spi/spi-pci1xxxx.c                         |  42 +-
 drivers/spi/spi-pic32-sqi.c                        |  28 +-
 drivers/spi/spi-pic32.c                            |  11 +-
 drivers/spi/spi-pl022.c                            |  11 +-
 drivers/spi/spi-qcom-qspi.c                        |  80 ++-
 drivers/spi/spi-qup.c                              |  15 +-
 drivers/spi/spi-rspi.c                             |  40 +-
 drivers/spi/spi-sh-hspi.c                          |  11 +-
 drivers/spi/spi-sh-msiof.c                         |  28 +-
 drivers/spi/spi-sifive.c                           |  39 +-
 drivers/spi/spi-slave-mt27xx.c                     |  33 +-
 drivers/spi/spi-sn-f-ospi.c                        |   5 +-
 drivers/spi/spi-spacemit-k1.c                      | 789 +++++++++++++++++++++
 drivers/spi/spi-sprd.c                             |  20 +-
 drivers/spi/spi-st-ssc4.c                          |  14 +-
 drivers/spi/spi-stm32-ospi.c                       |   7 +-
 drivers/spi/spi-stm32-qspi.c                       |   5 +-
 drivers/spi/spi-sun4i.c                            |  35 +-
 drivers/spi/spi-sun6i.c                            |  38 +-
 drivers/spi/spi-sunplus-sp7021.c                   |   3 +-
 drivers/spi/spi-synquacer.c                        |  24 +-
 drivers/spi/spi-tegra114.c                         |  34 +-
 drivers/spi/spi-tegra20-sflash.c                   |  24 +-
 drivers/spi/spi-ti-qspi.c                          |  37 +-
 drivers/spi/spi-topcliff-pch.c                     |   8 +-
 drivers/spi/spi-uniphier.c                         |  46 +-
 drivers/spi/spi-zynq-qspi.c                        |  40 +-
 drivers/spi/spi.c                                  |   4 +-
 include/linux/platform_data/spi-s3c64xx.h          |   3 +-
 63 files changed, 1444 insertions(+), 929 deletions(-)
 create mode 100644 Documentation/devicetree/bindings/spi/spacemit,k1-spi.yaml
 create mode 100644 drivers/spi/spi-spacemit-k1.c
Merging tip/master (78d50750b69aa Merge branch into tip/master: 'x86/tdx')
$ git merge -m Merge branch 'master' of https://git.kernel.org/pub/scm/linux/kernel/git/tip/tip.git tip/master
Auto-merging Documentation/admin-guide/kernel-parameters.txt
Auto-merging MAINTAINERS
Auto-merging drivers/crypto/ccp/sev-dev.c
Auto-merging drivers/irqchip/Kconfig
Auto-merging drivers/irqchip/Makefile
Auto-merging drivers/watchdog/Kconfig
Auto-merging lib/Kconfig.debug
Merge made by the 'ort' strategy.
 Documentation/admin-guide/kernel-parameters.txt    |    4 -
 Documentation/arch/x86/tdx.rst                     |    7 -
 .../amlogic,meson-gpio-intc.yaml                   |   21 +-
 .../interrupt-controller/aspeed,ast2700-intc.yaml  |   90 -
 .../aspeed,ast2700-interrupt.yaml                  |  188 ++
 .../interrupt-controller/econet,en751221-intc.yaml |   20 +
 ...,jh8100-intc.yaml => starfive,jhb100-intc.yaml} |   20 +-
 .../devicetree/bindings/timer/fsl,imxgpt.yaml      |    1 +
 Documentation/filesystems/resctrl.rst              |   22 +-
 MAINTAINERS                                        |   13 +-
 arch/arm/include/asm/arch_gicv3.h                  |    4 +-
 arch/x86/Kconfig                                   |   62 +-
 arch/x86/Kconfig.cpu                               |   54 +-
 arch/x86/Kconfig.cpufeatures                       |    1 -
 arch/x86/Makefile                                  |    1 -
 arch/x86/Makefile_32.cpu                           |    6 -
 arch/x86/boot/compressed/kaslr.c                   |    3 +-
 arch/x86/boot/compressed/pgtable_64.c              |    1 +
 arch/x86/boot/startup/sme.c                        |    1 +
 arch/x86/boot/string.c                             |   30 +-
 arch/x86/boot/string.h                             |    1 -
 arch/x86/coco/sev/internal.h                       |    3 +
 arch/x86/coco/sev/vc-handle.c                      |   12 +-
 arch/x86/coco/tdx/tdx.c                            |    1 +
 arch/x86/entry/entry_64.S                          |    4 +-
 arch/x86/entry/entry_fred.c                        |   10 -
 arch/x86/events/amd/core.c                         |    2 +
 arch/x86/events/amd/ibs.c                          |    1 +
 arch/x86/events/amd/lbr.c                          |    2 +
 arch/x86/events/amd/power.c                        |    3 +
 arch/x86/events/amd/uncore.c                       |    1 +
 arch/x86/events/intel/core.c                       |   14 +-
 arch/x86/events/intel/lbr.c                        |    1 +
 arch/x86/events/perf_event.h                       |    4 +-
 arch/x86/events/zhaoxin/core.c                     |    1 +
 arch/x86/include/asm/acrn.h                        |    2 +
 arch/x86/include/asm/bug.h                         |    4 +-
 arch/x86/include/asm/cpuid/api.h                   |  253 ++-
 arch/x86/include/asm/cpuid/leaf_types.h            | 2350 ++++++++++++++++++++
 arch/x86/include/asm/cpuid/types.h                 |   98 +
 arch/x86/include/asm/fpu/api.h                     |    6 -
 arch/x86/include/asm/idtentry.h                    |   29 +-
 arch/x86/include/asm/microcode.h                   |    1 +
 arch/x86/include/asm/processor.h                   |    3 +-
 arch/x86/include/asm/purgatory.h                   |    2 +-
 arch/x86/include/asm/sev.h                         |    4 +-
 arch/x86/include/asm/shared/tdx.h                  |    1 +
 .../{kvm/vmx => include/asm/shared}/tdx_errno.h    |    8 +-
 arch/x86/include/asm/tdx.h                         |    9 +-
 arch/x86/include/asm/vermagic.h                    |    6 -
 arch/x86/include/asm/xen/hypervisor.h              |    1 +
 arch/x86/kernel/apic/apic.c                        |    1 +
 arch/x86/kernel/cpu/Makefile                       |    1 +
 arch/x86/kernel/cpu/amd.c                          |    1 +
 arch/x86/kernel/cpu/centaur.c                      |    1 +
 arch/x86/kernel/cpu/common.c                       |   12 +-
 arch/x86/kernel/cpu/cpuid_parser.c                 |  182 ++
 arch/x86/kernel/cpu/cpuid_parser.h                 |  120 +
 arch/x86/kernel/cpu/hygon.c                        |    1 +
 arch/x86/kernel/cpu/mce/core.c                     |    1 +
 arch/x86/kernel/cpu/mce/inject.c                   |    1 +
 arch/x86/kernel/cpu/microcode/amd.c                |    1 +
 arch/x86/kernel/cpu/microcode/core.c               |    3 +-
 arch/x86/kernel/cpu/microcode/intel-ucode-defs.h   |  479 ++--
 arch/x86/kernel/cpu/microcode/intel.c              |    1 +
 arch/x86/kernel/cpu/mshyperv.c                     |    1 +
 arch/x86/kernel/cpu/resctrl/core.c                 |    1 +
 arch/x86/kernel/cpu/resctrl/monitor.c              |    2 +
 arch/x86/kernel/cpu/scattered.c                    |    1 +
 arch/x86/kernel/cpu/sgx/driver.c                   |    3 +
 arch/x86/kernel/cpu/sgx/main.c                     |    3 +
 arch/x86/kernel/cpu/topology_amd.c                 |    3 +-
 arch/x86/kernel/cpu/topology_common.c              |    1 +
 arch/x86/kernel/cpu/topology_ext.c                 |    3 +-
 arch/x86/kernel/cpu/transmeta.c                    |    3 +
 arch/x86/kernel/cpu/umc.c                          |   26 -
 arch/x86/kernel/cpu/vmware.c                       |    1 +
 arch/x86/kernel/cpu/zhaoxin.c                      |    1 +
 arch/x86/kernel/cpuid.c                            |    6 +-
 arch/x86/kernel/crash.c                            |    2 +
 arch/x86/kernel/fpu/core.c                         |    5 -
 arch/x86/kernel/fpu/init.c                         |    9 +-
 arch/x86/kernel/jailhouse.c                        |    1 +
 arch/x86/kernel/kvm.c                              |    1 +
 arch/x86/kernel/machine_kexec_64.c                 |   16 -
 arch/x86/kernel/paravirt.c                         |    1 +
 arch/x86/kernel/traps.c                            |   21 -
 arch/x86/kvm/mmu/mmu.c                             |    1 +
 arch/x86/kvm/mmu/spte.c                            |    1 +
 arch/x86/kvm/reverse_cpuid.h                       |    2 +
 arch/x86/kvm/svm/sev.c                             |    1 +
 arch/x86/kvm/svm/svm.c                             |    1 +
 arch/x86/kvm/vmx/pmu_intel.c                       |    1 +
 arch/x86/kvm/vmx/sgx.c                             |    1 +
 arch/x86/kvm/vmx/tdx.c                             |   10 -
 arch/x86/kvm/vmx/tdx.h                             |    1 -
 arch/x86/kvm/vmx/vmx.c                             |    1 +
 arch/x86/math-emu/Makefile                         |   30 -
 arch/x86/math-emu/README                           |  427 ----
 arch/x86/math-emu/control_w.h                      |   46 -
 arch/x86/math-emu/div_Xsig.S                       |  367 ---
 arch/x86/math-emu/div_small.S                      |   48 -
 arch/x86/math-emu/errors.c                         |  686 ------
 arch/x86/math-emu/exception.h                      |   51 -
 arch/x86/math-emu/fpu_arith.c                      |  153 --
 arch/x86/math-emu/fpu_asm.h                        |   32 -
 arch/x86/math-emu/fpu_aux.c                        |  267 ---
 arch/x86/math-emu/fpu_emu.h                        |  218 --
 arch/x86/math-emu/fpu_entry.c                      |  718 ------
 arch/x86/math-emu/fpu_etc.c                        |  136 --
 arch/x86/math-emu/fpu_proto.h                      |  157 --
 arch/x86/math-emu/fpu_system.h                     |  130 --
 arch/x86/math-emu/fpu_tags.c                       |  116 -
 arch/x86/math-emu/fpu_trig.c                       | 1649 --------------
 arch/x86/math-emu/get_address.c                    |  401 ----
 arch/x86/math-emu/load_store.c                     |  322 ---
 arch/x86/math-emu/mul_Xsig.S                       |  179 --
 arch/x86/math-emu/poly.h                           |  115 -
 arch/x86/math-emu/poly_2xm1.c                      |  146 --
 arch/x86/math-emu/poly_atan.c                      |  209 --
 arch/x86/math-emu/poly_l2.c                        |  245 --
 arch/x86/math-emu/poly_sin.c                       |  379 ----
 arch/x86/math-emu/poly_tan.c                       |  213 --
 arch/x86/math-emu/polynom_Xsig.S                   |  137 --
 arch/x86/math-emu/reg_add_sub.c                    |  334 ---
 arch/x86/math-emu/reg_compare.c                    |  479 ----
 arch/x86/math-emu/reg_constant.c                   |  123 -
 arch/x86/math-emu/reg_constant.h                   |   26 -
 arch/x86/math-emu/reg_convert.c                    |   47 -
 arch/x86/math-emu/reg_divide.c                     |  183 --
 arch/x86/math-emu/reg_ld_str.c                     | 1220 ----------
 arch/x86/math-emu/reg_mul.c                        |  116 -
 arch/x86/math-emu/reg_norm.S                       |  150 --
 arch/x86/math-emu/reg_round.S                      |  711 ------
 arch/x86/math-emu/reg_u_add.S                      |  169 --
 arch/x86/math-emu/reg_u_div.S                      |  474 ----
 arch/x86/math-emu/reg_u_mul.S                      |  150 --
 arch/x86/math-emu/reg_u_sub.S                      |  274 ---
 arch/x86/math-emu/round_Xsig.S                     |  142 --
 arch/x86/math-emu/shr_Xsig.S                       |   89 -
 arch/x86/math-emu/status_w.h                       |   68 -
 arch/x86/math-emu/version.h                        |   12 -
 arch/x86/math-emu/wm_shrx.S                        |  207 --
 arch/x86/math-emu/wm_sqrt.S                        |  472 ----
 arch/x86/mm/fault.c                                |    5 +
 arch/x86/mm/pgtable.c                              |   11 -
 arch/x86/mm/pti.c                                  |    1 +
 arch/x86/pci/xen.c                                 |    1 +
 arch/x86/virt/svm/sev.c                            |   18 +-
 arch/x86/virt/vmx/tdx/tdx.c                        |   66 +-
 arch/x86/virt/vmx/tdx/tdx.h                        |    1 +
 arch/x86/xen/enlighten.c                           |    3 +-
 arch/x86/xen/enlighten_hvm.c                       |    1 +
 arch/x86/xen/enlighten_pv.c                        |    1 +
 arch/x86/xen/pmu.c                                 |    1 +
 arch/x86/xen/time.c                                |    1 +
 drivers/char/agp/efficeon-agp.c                    |    1 +
 drivers/clocksource/mmio.c                         |   11 +-
 drivers/clocksource/timer-of.c                     |   24 +-
 drivers/clocksource/timer-of.h                     |    5 +-
 drivers/clocksource/timer-rtl-otto.c               |    2 +-
 drivers/clocksource/timer-sun5i.c                  |    3 +
 drivers/cpufreq/Kconfig.x86                        |   26 -
 drivers/cpufreq/Makefile                           |    2 -
 drivers/cpufreq/elanfreq.c                         |  226 --
 drivers/cpufreq/longrun.c                          |    1 +
 drivers/cpufreq/powernow-k7.c                      |    1 +
 drivers/cpufreq/powernow-k8.c                      |    1 +
 drivers/cpufreq/sc520_freq.c                       |  136 --
 drivers/cpufreq/speedstep-lib.c                    |    1 +
 drivers/crypto/ccp/sev-dev.c                       |    4 +-
 drivers/firmware/efi/libstub/x86-5lvl.c            |    1 +
 drivers/gpu/drm/gma500/mmu.c                       |    2 +
 drivers/hwmon/fam15h_power.c                       |    1 +
 drivers/hwmon/k10temp.c                            |    2 +
 drivers/hwmon/k8temp.c                             |    1 +
 drivers/irqchip/.kunitconfig                       |    5 +
 drivers/irqchip/Kconfig                            |   35 +-
 drivers/irqchip/Makefile                           |    5 +-
 drivers/irqchip/irq-aspeed-intc.c                  |  139 --
 drivers/irqchip/irq-ast2700-intc0-test.c           |  473 ++++
 drivers/irqchip/irq-ast2700-intc0.c                |  582 +++++
 drivers/irqchip/irq-ast2700-intc1.c                |  280 +++
 drivers/irqchip/irq-ast2700.c                      |  107 +
 drivers/irqchip/irq-ast2700.h                      |   48 +
 drivers/irqchip/irq-econet-en751221.c              |  186 +-
 drivers/irqchip/irq-gic-v3-its.c                   |   12 +-
 drivers/irqchip/irq-meson-gpio.c                   |   77 +
 drivers/irqchip/irq-starfive-jh8100-intc.c         |  207 --
 drivers/irqchip/irq-starfive-jhb100-intc.c         |  254 +++
 drivers/net/ethernet/stmicro/stmmac/dwmac-intel.c  |    1 +
 drivers/power/supply/charger-manager.c             |   16 +-
 drivers/ras/amd/fmpm.c                             |    1 +
 drivers/thermal/intel/intel_hfi.c                  |    1 +
 drivers/thermal/intel/x86_pkg_temp_thermal.c       |    1 +
 drivers/virt/acrn/hsm.c                            |    1 +
 drivers/watchdog/Kconfig                           |    2 +-
 drivers/xen/events/events_base.c                   |    1 +
 drivers/xen/grant-table.c                          |    1 +
 drivers/xen/xenbus/xenbus_xs.c                     |    3 +
 fs/resctrl/internal.h                              |    2 +
 fs/resctrl/monitor.c                               |   30 +-
 fs/resctrl/rdtgroup.c                              |   40 +-
 fs/timerfd.c                                       |  117 +-
 include/asm-generic/barrier.h                      |    4 +-
 include/linux/alarmtimer.h                         |    9 +-
 include/linux/clocksource.h                        |   12 -
 include/linux/delay.h                              |    2 +-
 include/linux/hrtimer.h                            |   24 +-
 include/linux/irqchip/arm-gic-v3.h                 |    2 +-
 include/linux/irqchip/arm-gic.h                    |    4 +-
 include/linux/msi.h                                |    2 +-
 include/linux/resctrl.h                            |   18 +-
 include/trace/events/timer.h                       |   13 +
 include/trace/events/timer_migration.h             |   24 +-
 kernel/irq/proc.c                                  |    7 +-
 kernel/sched/core.c                                |   14 +-
 kernel/sched/membarrier.c                          |   98 +-
 kernel/time/alarmtimer.c                           |   72 +-
 kernel/time/clocksource.c                          |    9 +-
 kernel/time/hrtimer.c                              |  154 +-
 kernel/time/posix-cpu-timers.c                     |   18 +-
 kernel/time/posix-timers.c                         |   35 +-
 kernel/time/posix-timers.h                         |    4 +-
 kernel/time/tick-sched.c                           |    3 +-
 kernel/time/timer.c                                |    2 +-
 kernel/time/timer_migration.c                      |  205 +-
 kernel/time/timer_migration.h                      |   19 +
 lib/Kconfig.debug                                  |    2 +-
 lib/vdso/datastore.c                               |    6 +-
 net/netfilter/xt_IDLETIMER.c                       |   24 +-
 scripts/Makefile.lib                               |    7 +-
 scripts/livepatch/klp-build                        |  250 ++-
 scripts/timer_migration_tree.py                    |  122 +
 scripts/update-intel-ucode-defs.py                 |  130 ++
 tools/objtool/Build                                |    2 +-
 tools/objtool/Makefile                             |    4 +-
 tools/objtool/arch/x86/decode.c                    |   17 +-
 tools/objtool/builtin-check.c                      |   26 +-
 tools/objtool/builtin-klp.c                        |    1 +
 tools/objtool/check.c                              |  412 +---
 tools/objtool/disas.c                              |   22 +-
 tools/objtool/elf.c                                |  124 +-
 tools/objtool/include/objtool/arch.h               |    3 +
 tools/objtool/include/objtool/builtin.h            |    7 +-
 tools/objtool/include/objtool/check.h              |   34 +-
 tools/objtool/include/objtool/checksum.h           |   53 +-
 tools/objtool/include/objtool/elf.h                |   59 +-
 tools/objtool/include/objtool/klp.h                |    1 +
 tools/objtool/include/objtool/warn.h               |   57 +-
 tools/objtool/klp-checksum.c                       |  347 +++
 tools/objtool/klp-diff.c                           |  826 +++++--
 tools/objtool/objtool.c                            |    3 -
 tools/objtool/trace.c                              |    8 +-
 tools/testing/selftests/membarrier/Makefile        |    5 +-
 .../selftests/membarrier/membarrier_rseq_stress.c  |  951 ++++++++
 tools/testing/selftests/timers/posix_timers.c      |   55 +-
 257 files changed, 9181 insertions(+), 15664 deletions(-)
 delete mode 100644 Documentation/devicetree/bindings/interrupt-controller/aspeed,ast2700-intc.yaml
 create mode 100644 Documentation/devicetree/bindings/interrupt-controller/aspeed,ast2700-interrupt.yaml
 rename Documentation/devicetree/bindings/interrupt-controller/{starfive,jh8100-intc.yaml => starfive,jhb100-intc.yaml} (68%)
 create mode 100644 arch/x86/include/asm/cpuid/leaf_types.h
 rename arch/x86/{kvm/vmx => include/asm/shared}/tdx_errno.h (90%)
 create mode 100644 arch/x86/kernel/cpu/cpuid_parser.c
 create mode 100644 arch/x86/kernel/cpu/cpuid_parser.h
 delete mode 100644 arch/x86/kernel/cpu/umc.c
 delete mode 100644 arch/x86/math-emu/Makefile
 delete mode 100644 arch/x86/math-emu/README
 delete mode 100644 arch/x86/math-emu/control_w.h
 delete mode 100644 arch/x86/math-emu/div_Xsig.S
 delete mode 100644 arch/x86/math-emu/div_small.S
 delete mode 100644 arch/x86/math-emu/errors.c
 delete mode 100644 arch/x86/math-emu/exception.h
 delete mode 100644 arch/x86/math-emu/fpu_arith.c
 delete mode 100644 arch/x86/math-emu/fpu_asm.h
 delete mode 100644 arch/x86/math-emu/fpu_aux.c
 delete mode 100644 arch/x86/math-emu/fpu_emu.h
 delete mode 100644 arch/x86/math-emu/fpu_entry.c
 delete mode 100644 arch/x86/math-emu/fpu_etc.c
 delete mode 100644 arch/x86/math-emu/fpu_proto.h
 delete mode 100644 arch/x86/math-emu/fpu_system.h
 delete mode 100644 arch/x86/math-emu/fpu_tags.c
 delete mode 100644 arch/x86/math-emu/fpu_trig.c
 delete mode 100644 arch/x86/math-emu/get_address.c
 delete mode 100644 arch/x86/math-emu/load_store.c
 delete mode 100644 arch/x86/math-emu/mul_Xsig.S
 delete mode 100644 arch/x86/math-emu/poly.h
 delete mode 100644 arch/x86/math-emu/poly_2xm1.c
 delete mode 100644 arch/x86/math-emu/poly_atan.c
 delete mode 100644 arch/x86/math-emu/poly_l2.c
 delete mode 100644 arch/x86/math-emu/poly_sin.c
 delete mode 100644 arch/x86/math-emu/poly_tan.c
 delete mode 100644 arch/x86/math-emu/polynom_Xsig.S
 delete mode 100644 arch/x86/math-emu/reg_add_sub.c
 delete mode 100644 arch/x86/math-emu/reg_compare.c
 delete mode 100644 arch/x86/math-emu/reg_constant.c
 delete mode 100644 arch/x86/math-emu/reg_constant.h
 delete mode 100644 arch/x86/math-emu/reg_convert.c
 delete mode 100644 arch/x86/math-emu/reg_divide.c
 delete mode 100644 arch/x86/math-emu/reg_ld_str.c
 delete mode 100644 arch/x86/math-emu/reg_mul.c
 delete mode 100644 arch/x86/math-emu/reg_norm.S
 delete mode 100644 arch/x86/math-emu/reg_round.S
 delete mode 100644 arch/x86/math-emu/reg_u_add.S
 delete mode 100644 arch/x86/math-emu/reg_u_div.S
 delete mode 100644 arch/x86/math-emu/reg_u_mul.S
 delete mode 100644 arch/x86/math-emu/reg_u_sub.S
 delete mode 100644 arch/x86/math-emu/round_Xsig.S
 delete mode 100644 arch/x86/math-emu/shr_Xsig.S
 delete mode 100644 arch/x86/math-emu/status_w.h
 delete mode 100644 arch/x86/math-emu/version.h
 delete mode 100644 arch/x86/math-emu/wm_shrx.S
 delete mode 100644 arch/x86/math-emu/wm_sqrt.S
 delete mode 100644 drivers/cpufreq/elanfreq.c
 delete mode 100644 drivers/cpufreq/sc520_freq.c
 create mode 100644 drivers/irqchip/.kunitconfig
 delete mode 100644 drivers/irqchip/irq-aspeed-intc.c
 create mode 100644 drivers/irqchip/irq-ast2700-intc0-test.c
 create mode 100644 drivers/irqchip/irq-ast2700-intc0.c
 create mode 100644 drivers/irqchip/irq-ast2700-intc1.c
 create mode 100644 drivers/irqchip/irq-ast2700.c
 create mode 100644 drivers/irqchip/irq-ast2700.h
 delete mode 100644 drivers/irqchip/irq-starfive-jh8100-intc.c
 create mode 100644 drivers/irqchip/irq-starfive-jhb100-intc.c
 create mode 100755 scripts/timer_migration_tree.py
 create mode 100755 scripts/update-intel-ucode-defs.py
 create mode 100644 tools/objtool/klp-checksum.c
 create mode 100644 tools/testing/selftests/membarrier/membarrier_rseq_stress.c
$ git am -3 ../patches/0001-vdso-Merge-fixup-with-mm.patch
Applying: vdso: Merge fixup with mm
Using index info to reconstruct a base tree...
M	kernel/time/namespace_vdso.c
Falling back to patching base and 3-way merge...
No changes -- Patch already applied.
Merging kexec/kexec-next (028ef9c96e961 Linux 7.0)
$ git merge -m Merge branch 'kexec-next' of https://git.kernel.org/pub/scm/linux/kernel/git/liveupdate/linux.git kexec/kexec-next
Already up to date.
Merging liveupdate/next (34e8f02817e31 memblock tests: define MIGRATE_CMA)
$ git merge -m Merge branch 'next' of https://git.kernel.org/pub/scm/linux/kernel/git/liveupdate/linux.git liveupdate/next
Auto-merging kernel/liveupdate/kexec_handover.c
Auto-merging kernel/liveupdate/luo_session.c
Auto-merging mm/mm_init.c
Merge made by the 'ort' strategy.
 include/linux/liveupdate.h                      |   9 +-
 include/linux/memblock.h                        |  21 ++++-
 include/uapi/linux/liveupdate.h                 |  21 +++++
 kernel/liveupdate/Kconfig                       |   2 -
 kernel/liveupdate/kexec_handover.c              |  52 +++++------
 kernel/liveupdate/luo_flb.c                     |  52 +++++------
 kernel/liveupdate/luo_session.c                 |  20 +++++
 lib/tests/liveupdate.c                          |   3 +
 mm/memblock.c                                   |  56 +++++-------
 mm/mm_init.c                                    |  30 ++++---
 tools/testing/memblock/linux/mmzone.h           |   4 +
 tools/testing/selftests/kho/vmtest.sh           |   4 +
 tools/testing/selftests/liveupdate/liveupdate.c | 113 ++++++++++++++++++++++++
 13 files changed, 283 insertions(+), 104 deletions(-)
Merging clockevents/timers/drivers/next (f182fa740218d clocksource/drivers/sun5i: Add D1 hstimer support)
$ git merge -m Merge branch 'timers/drivers/next' of https://git.kernel.org/pub/scm/linux/kernel/git/daniel.lezcano/linux.git clockevents/timers/drivers/next
Auto-merging Documentation/devicetree/bindings/timer/sifive,clint.yaml
Merge made by the 'ort' strategy.
 .../timer/allwinner,sun5i-a13-hstimer.yaml         |  9 ++-
 .../devicetree/bindings/timer/renesas,rz-mtu3.yaml | 26 +++++--
 .../devicetree/bindings/timer/sifive,clint.yaml    | 17 +----
 drivers/clocksource/timer-sun5i.c                  | 84 +++++++++++++++++-----
 4 files changed, 94 insertions(+), 42 deletions(-)
Merging edac/edac-for-next (4b049cd5e5194 Merge branch 'edac-drivers' into edac-for-next)
$ git merge -m Merge branch 'edac-for-next' of https://git.kernel.org/pub/scm/linux/kernel/git/ras/ras.git edac/edac-for-next
Merge made by the 'ort' strategy.
 drivers/edac/i10nm_base.c   |  14 +-
 drivers/edac/i5000_edac.c   |  33 +++-
 drivers/edac/i5100_edac.c   |  26 ++-
 drivers/edac/i5400_edac.c   |  33 +++-
 drivers/edac/i7300_edac.c   |  33 +++-
 drivers/edac/igen6_edac.c   | 407 +++++++++++++++++++++++++++++++++++---------
 drivers/edac/sb_edac.c      |   2 +-
 drivers/edac/skx_common.c   |   3 +
 drivers/ras/amd/atl/Kconfig |   1 -
 include/linux/edac.h        |   3 +
 10 files changed, 436 insertions(+), 119 deletions(-)
Merging ftrace/for-next (4df143bbee63a Merge probes/for-next)
$ git merge -m Merge branch 'for-next' of https://git.kernel.org/pub/scm/linux/kernel/git/trace/linux-trace.git ftrace/for-next
Merge made by the 'ort' strategy.
 include/linux/bootconfig.h  |  3 +++
 init/main.c                 | 45 ----------------------------------
 kernel/trace/trace_uprobe.c |  1 +
 lib/bootconfig.c            | 56 ++++++++++++++++++++++++++++++++++++++++++
 tools/bootconfig/main.c     | 60 +++++++++++++++++++++++++++++++++++++++------
 5 files changed, 112 insertions(+), 53 deletions(-)
$ git am -3 ../patches/0001-ftrace-Fix-semantic-conflict-with-mm-tree.patch
Applying: ftrace: Fix semantic conflict with mm tree
Using index info to reconstruct a base tree...
M	kernel/trace/trace_printk.c
Falling back to patching base and 3-way merge...
Auto-merging kernel/trace/trace_printk.c
No changes -- Patch already applied.
Merging rcu/next (ed062c41dfda2 Merge branch 'rcu-nocb.20260123a')
$ git merge -m Merge branch 'next' of https://git.kernel.org/pub/scm/linux/kernel/git/rcu/linux rcu/next
Already up to date.
Merging paulmck/non-rcu/next (48f7a50c027dd stop_machine: Fix the documentation for a NULL cpus argument)
$ git merge -m Merge branch 'non-rcu/next' of https://git.kernel.org/pub/scm/linux/kernel/git/paulmck/linux-rcu.git paulmck/non-rcu/next
Already up to date.
Merging kvm/next (b7fbe9a1bf9ee Merge branch 'kvm-apx-prepare' into HEAD)
$ git merge -m Merge branch 'next' of git://git.kernel.org/pub/scm/virt/kvm/kvm.git kvm/next
Auto-merging arch/x86/kvm/mmu/mmu.c
Auto-merging arch/x86/kvm/mmu/spte.c
Auto-merging arch/x86/kvm/svm/nested.c
Auto-merging arch/x86/kvm/svm/sev.c
Auto-merging arch/x86/kvm/svm/svm.c
Auto-merging arch/x86/kvm/vmx/capabilities.h
Auto-merging arch/x86/kvm/vmx/tdx.c
Auto-merging arch/x86/kvm/vmx/vmx.c
Merge made by the 'ort' strategy.
 Documentation/virt/kvm/x86/mmu.rst |  10 +-
 arch/x86/include/asm/cpufeatures.h |   1 +
 arch/x86/include/asm/kvm-x86-ops.h |   1 +
 arch/x86/include/asm/kvm_host.h    |  80 ++++++++++------
 arch/x86/include/asm/svm.h         |   1 +
 arch/x86/include/asm/vmx.h         |  14 ++-
 arch/x86/kvm/hyperv.c              |   4 +-
 arch/x86/kvm/kvm-asm-offsets.c     |   1 +
 arch/x86/kvm/kvm_cache_regs.h      |  62 +++++++++----
 arch/x86/kvm/mmu.h                 |  30 ++++--
 arch/x86/kvm/mmu/mmu.c             | 182 +++++++++++++++++++++++++-----------
 arch/x86/kvm/mmu/mmutrace.h        |  19 ++--
 arch/x86/kvm/mmu/paging_tmpl.h     |  73 ++++++++++-----
 arch/x86/kvm/mmu/spte.c            |  92 ++++++++++++-------
 arch/x86/kvm/mmu/spte.h            |  70 ++++++++------
 arch/x86/kvm/mmu/tdp_mmu.c         |   6 +-
 arch/x86/kvm/svm/nested.c          |  38 ++++++--
 arch/x86/kvm/svm/sev.c             |   2 +-
 arch/x86/kvm/svm/svm.c             |  70 ++++++++++----
 arch/x86/kvm/svm/svm.h             |   7 +-
 arch/x86/kvm/svm/vmenter.S         | 103 +++++----------------
 arch/x86/kvm/vmenter.h             |  80 ++++++++++++++++
 arch/x86/kvm/vmx/capabilities.h    |  12 ++-
 arch/x86/kvm/vmx/common.h          |  26 ++++--
 arch/x86/kvm/vmx/hyperv_evmcs.h    |   1 +
 arch/x86/kvm/vmx/main.c            |   9 ++
 arch/x86/kvm/vmx/nested.c          |  56 +++++++++--
 arch/x86/kvm/vmx/run_flags.h       |   9 --
 arch/x86/kvm/vmx/tdx.c             |  38 ++++----
 arch/x86/kvm/vmx/vmenter.S         | 184 +++++++++++++++++--------------------
 arch/x86/kvm/vmx/vmx.c             | 113 +++++++++++------------
 arch/x86/kvm/vmx/vmx.h             |  32 +++----
 arch/x86/kvm/vmx/x86_ops.h         |   6 ++
 arch/x86/kvm/x86.c                 |  38 +++-----
 34 files changed, 891 insertions(+), 579 deletions(-)
 create mode 100644 arch/x86/kvm/vmenter.h
 delete mode 100644 arch/x86/kvm/vmx/run_flags.h
Merging kvm-arm/next (94b4ae79ebb42 Merge branch kvm-arm64/misc-7.1 into kvmarm-master/next)
$ git merge -m Merge branch 'next' of https://git.kernel.org/pub/scm/linux/kernel/git/kvmarm/kvmarm.git kvm-arm/next
Already up to date.
Merging kvms390/next (9b8e8aad5896d KVM: s390: ucontrol: Fix memslot handling)
$ git merge -m Merge branch 'next' of https://git.kernel.org/pub/scm/linux/kernel/git/kvms390/linux.git kvms390/next
Already up to date.
Merging kvm-ppc/topic/ppc-kvm (7fd2df204f342 Linux 7.1-rc2)
$ git merge -m Merge branch 'topic/ppc-kvm' of https://git.kernel.org/pub/scm/linux/kernel/git/powerpc/linux.git kvm-ppc/topic/ppc-kvm
Already up to date.
Merging kvm-riscv/riscv_kvm_next (ddbf9c76c4020 RISC-V: KVM: Fix shift-out-of-bounds in make_xfence_request())
$ git merge -m Merge branch 'riscv_kvm_next' of https://github.com/kvm-riscv/linux.git kvm-riscv/riscv_kvm_next
Already up to date.
Merging kvm-x86/next (a9512a611bd03 Merge branches 'fixes', 'generic', 'misc', 'mmu', 'selftests', 'sev', 'svm', 'vfio' and 'vmx')
$ git merge -m Merge branch 'next' of https://github.com/kvm-x86/linux.git kvm-x86/next
Auto-merging arch/x86/include/asm/tdx.h
CONFLICT (content): Merge conflict in arch/x86/include/asm/tdx.h
Auto-merging arch/x86/kvm/mmu/mmu.c
Auto-merging arch/x86/kvm/svm/sev.c
Auto-merging arch/x86/kvm/svm/svm.c
Auto-merging arch/x86/kvm/vmx/tdx.c
Auto-merging arch/x86/kvm/vmx/vmx.c
Auto-merging arch/x86/virt/vmx/tdx/tdx.c
Auto-merging drivers/crypto/ccp/sev-dev.c
Resolved 'arch/x86/include/asm/tdx.h' using previous resolution.
Automatic merge failed; fix conflicts and then commit the result.
$ git commit --no-edit -v -a
[master 094ba025004a5] Merge branch 'next' of https://github.com/kvm-x86/linux.git
$ git diff -M --stat --summary HEAD^..
 Documentation/virt/kvm/api.rst                     |  26 ++
 arch/x86/include/asm/kvm-x86-ops.h                 |   6 +-
 arch/x86/include/asm/kvm_host.h                    |   6 +-
 arch/x86/include/asm/tdx.h                         |  14 +-
 arch/x86/include/uapi/asm/kvm.h                    |   2 +
 arch/x86/kvm/mmu/mmu.c                             |   2 +-
 arch/x86/kvm/mmu/tdp_mmu.c                         |  10 +-
 arch/x86/kvm/svm/nested.c                          |  64 ++-
 arch/x86/kvm/svm/sev.c                             | 477 ++++++++++-----------
 arch/x86/kvm/svm/svm.c                             |  52 ++-
 arch/x86/kvm/svm/svm.h                             |  19 +-
 arch/x86/kvm/vmx/tdx.c                             |  63 +--
 arch/x86/kvm/vmx/vmx.c                             |   3 +
 arch/x86/kvm/x86.c                                 |  51 ++-
 arch/x86/virt/hw.c                                 |  15 +-
 arch/x86/virt/vmx/tdx/tdx.c                        |  26 +-
 drivers/crypto/ccp/sev-dev.c                       | 101 ++++-
 include/linux/kvm_host.h                           |  12 +-
 include/linux/psp-sev.h                            |  37 ++
 tools/testing/selftests/kvm/Makefile.kvm           |   1 +
 .../selftests/kvm/access_tracking_perf_test.c      |   2 +-
 tools/testing/selftests/kvm/guest_memfd_test.c     |   2 +-
 tools/testing/selftests/kvm/include/kvm_syscalls.h |  10 +
 tools/testing/selftests/kvm/include/test_util.h    |   2 +-
 tools/testing/selftests/kvm/include/x86/sev.h      |  24 ++
 tools/testing/selftests/kvm/lib/assert.c           |   8 +-
 tools/testing/selftests/kvm/lib/kvm_util.c         |   2 +-
 tools/testing/selftests/kvm/memslot_perf_test.c    |  14 +-
 .../selftests/kvm/s390/shared_zeropage_test.c      |   3 +-
 tools/testing/selftests/kvm/s390/tprot.c           |   2 +-
 .../testing/selftests/kvm/set_memory_region_test.c |   2 +-
 tools/testing/selftests/kvm/x86/hyperv_features.c  |   2 +-
 tools/testing/selftests/kvm/x86/hyperv_tlb_flush.c |  15 +-
 tools/testing/selftests/kvm/x86/sev_dbg_test.c     | 118 +++++
 tools/testing/selftests/kvm/x86/sev_init2_tests.c  |  14 +-
 .../testing/selftests/kvm/x86/sev_migrate_tests.c  |   2 +-
 tools/testing/selftests/kvm/x86/sev_smoke_test.c   |   4 +-
 tools/testing/selftests/kvm/x86/sync_regs_test.c   |   1 -
 virt/kvm/guest_memfd.c                             |  14 +-
 virt/kvm/kvm_main.c                                |   6 +-
 virt/kvm/vfio.c                                    |  98 ++---
 41 files changed, 852 insertions(+), 480 deletions(-)
 create mode 100644 tools/testing/selftests/kvm/x86/sev_dbg_test.c
$ git am -3 ../patches/0001-KVM-selftests-Fix-up-semantic-changes.patch
Applying: KVM: selftests: Fix up semantic changes
Using index info to reconstruct a base tree...
M	tools/testing/selftests/kvm/lib/kvm_util.c
Falling back to patching base and 3-way merge...
Auto-merging tools/testing/selftests/kvm/lib/kvm_util.c
No changes -- Patch already applied.
$ git am -3 ../patches/kvm-x86-init
Applying: Fix up merge
Using index info to reconstruct a base tree...
M	arch/x86/virt/vmx/tdx/tdx_global_metadata.c
Falling back to patching base and 3-way merge...
No changes -- Patch already applied.
Merging xen-tip/linux-next (4594437880ce3 x86/xen: Tolerate nested XEN_LAZY_MMU entering/leaving)
$ git merge -m Merge branch 'linux-next' of https://git.kernel.org/pub/scm/linux/kernel/git/xen/tip.git xen-tip/linux-next
Already up to date.
Merging percpu/for-next (8f0b4cce4481f Linux 6.19-rc1)
$ git merge -m Merge branch 'for-next' of https://git.kernel.org/pub/scm/linux/kernel/git/dennis/percpu.git percpu/for-next
Already up to date.
Merging workqueues/for-next (2ccd533ef9153 Merge branch 'for-7.2' into for-next)
$ git merge -m Merge branch 'for-next' of https://git.kernel.org/pub/scm/linux/kernel/git/tj/wq.git workqueues/for-next
Auto-merging drivers/media/platform/synopsys/hdmirx/snps_hdmirx.c
Auto-merging kernel/workqueue.c
Auto-merging lib/Kconfig.debug
Merge made by the 'ort' strategy.
 drivers/media/pci/ddbridge/ddbridge-core.c         |  2 +-
 .../media/platform/synopsys/hdmirx/snps_hdmirx.c   |  8 ++---
 drivers/platform/cznic/turris-omnia-mcu-gpio.c     |  2 +-
 drivers/rapidio/rio.c                              |  2 +-
 drivers/virt/acrn/irqfd.c                          |  2 +-
 kernel/umh.c                                       |  2 +-
 kernel/workqueue.c                                 | 38 ++++++++--------------
 lib/Kconfig.debug                                  |  5 +++
 8 files changed, 28 insertions(+), 33 deletions(-)
Merging sched-ext/for-next (d83f90561532a Merge branch 'for-7.1-fixes' into for-next)
$ git merge -m Merge branch 'for-next' of https://git.kernel.org/pub/scm/linux/kernel/git/tj/sched_ext.git sched-ext/for-next
Auto-merging kernel/sched/ext.c
Merge made by the 'ort' strategy.
 Documentation/scheduler/sched-ext.rst              |    7 +-
 include/linux/sched/ext.h                          |    9 +
 kernel/sched/build_policy.c                        |    5 +
 kernel/sched/ext.c                                 | 1150 ++++++++++++++++----
 kernel/sched/ext_cid.c                             |  409 +++++++
 kernel/sched/ext_cid.h                             |  164 +++
 kernel/sched/ext_idle.c                            |    9 +-
 kernel/sched/ext_internal.h                        |  235 +++-
 kernel/sched/ext_types.h                           |  104 ++
 tools/sched_ext/README.md                          |    6 +-
 tools/sched_ext/include/scx/cid.bpf.h              |  666 ++++++++++++
 tools/sched_ext/include/scx/common.bpf.h           |   28 +
 tools/sched_ext/include/scx/compat.bpf.h           |   30 +-
 tools/sched_ext/include/scx/compat.h               |   23 +-
 tools/sched_ext/include/scx/user_exit_info.bpf.h   |    3 +
 tools/sched_ext/include/scx/user_exit_info.h       |    2 +
 .../sched_ext/include/scx/user_exit_info_common.h  |    5 +
 tools/sched_ext/scx_central.bpf.c                  |   10 +-
 tools/sched_ext/scx_cpu0.bpf.c                     |    2 -
 tools/sched_ext/scx_cpu0.c                         |    2 -
 tools/sched_ext/scx_flatcg.c                       |   12 +-
 tools/sched_ext/scx_qmap.bpf.c                     |  893 +++++++++------
 tools/sched_ext/scx_qmap.c                         |  109 +-
 tools/sched_ext/scx_qmap.h                         |   73 ++
 .../selftests/sched_ext/non_scx_kfunc_deny.bpf.c   |    7 +-
 tools/testing/selftests/sched_ext/select_cpu_dfl.c |   54 +-
 26 files changed, 3319 insertions(+), 698 deletions(-)
 create mode 100644 kernel/sched/ext_cid.c
 create mode 100644 kernel/sched/ext_cid.h
 create mode 100644 kernel/sched/ext_types.h
 create mode 100644 tools/sched_ext/include/scx/cid.bpf.h
 create mode 100644 tools/sched_ext/scx_qmap.h
Merging drivers-x86/for-next (165e81354eefd platform/x86: thinkpad_acpi: Add debugfs entry to display HWDD raw)
$ git merge -m Merge branch 'for-next' of https://git.kernel.org/pub/scm/linux/kernel/git/pdx86/platform-drivers-x86.git drivers-x86/for-next
Auto-merging MAINTAINERS
Auto-merging drivers/platform/x86/intel/vsec_tpmi.c
Merge made by the 'ort' strategy.
 .../pm/intel_uncore_frequency_scaling.rst          |    7 +
 MAINTAINERS                                        |    8 +
 arch/x86/platform/olpc/olpc-xo15-sci.c             |   33 +-
 drivers/acpi/bus.c                                 |   15 +
 drivers/char/sonypi.c                              |    5 +-
 drivers/platform/arm64/Kconfig                     |   13 +
 drivers/platform/arm64/Makefile                    |    1 +
 drivers/platform/arm64/qcom-hamoa-ec.c             |  451 ++++++
 drivers/platform/x86/Kconfig                       |    1 +
 drivers/platform/x86/barco-p50-gpio.c              |   10 +-
 .../x86/dell/dell-wmi-sysman/biosattr-interface.c  |    8 +-
 .../x86/dell/dell-wmi-sysman/dell-wmi-sysman.h     |    4 +-
 .../dell/dell-wmi-sysman/passwordattr-interface.c  |    4 +-
 drivers/platform/x86/dell/dell-wmi-sysman/sysman.c |    6 +-
 drivers/platform/x86/dell/dell_rbu.c               |    4 +-
 drivers/platform/x86/intel/pmc/Makefile            |    3 +-
 drivers/platform/x86/intel/pmc/arl.c               |   13 +-
 drivers/platform/x86/intel/pmc/core.c              |  137 +-
 drivers/platform/x86/intel/pmc/core.h              |   68 +-
 drivers/platform/x86/intel/pmc/lnl.c               |    6 +-
 drivers/platform/x86/intel/pmc/mtl.c               |    7 +-
 drivers/platform/x86/intel/pmc/nvl.c               | 1539 ++++++++++++++++++++
 drivers/platform/x86/intel/pmc/ptl.c               |    8 +-
 drivers/platform/x86/intel/pmc/wcl.c               |    6 +-
 .../uncore-frequency/uncore-frequency-common.c     |   16 +-
 .../uncore-frequency/uncore-frequency-common.h     |    8 +-
 .../intel/uncore-frequency/uncore-frequency-tpmi.c |   15 +-
 drivers/platform/x86/intel/vsec.c                  |   14 +-
 drivers/platform/x86/intel/vsec_tpmi.c             |   13 +-
 drivers/platform/x86/lenovo/thinkpad_acpi.c        |   42 +-
 drivers/platform/x86/meraki-mx100.c                |   41 +-
 drivers/platform/x86/panasonic-laptop.c            |   19 +-
 drivers/platform/x86/pcengines-apuv2.c             |    2 +-
 drivers/platform/x86/pmc_atom.c                    |    4 +-
 drivers/platform/x86/sel3350-platform.c            |  136 +-
 drivers/platform/x86/x86-android-tablets/core.c    |   64 +-
 drivers/platform/x86/xo15-ebook.c                  |   72 +-
 include/linux/acpi.h                               |    7 +
 include/linux/intel_vsec.h                         |    6 +-
 39 files changed, 2612 insertions(+), 204 deletions(-)
 create mode 100644 drivers/platform/arm64/qcom-hamoa-ec.c
 create mode 100644 drivers/platform/x86/intel/pmc/nvl.c
$ git am -3 ../patches/0001-hid-Fix-up-mismerge.patch
Applying: hid: Fix up mismerge
$ git reset HEAD^
Unstaged changes after reset:
M	drivers/hid/hid-asus.c
$ git add -A .
$ git commit -v -a --amend
warning: notes ref refs/notes/commits is invalid
[master 7e2835b3b678c] Merge branch 'for-next' of https://git.kernel.org/pub/scm/linux/kernel/git/pdx86/platform-drivers-x86.git
 Date: Mon May 18 15:56:27 2026 +0100
Merging chrome-platform/for-next (51dcff9796fd4 platform/chrome: wilco_ec: event: Check ACPI_COMPANION())
$ git merge -m Merge branch 'for-next' of https://git.kernel.org/pub/scm/linux/kernel/git/chrome-platform/linux.git chrome-platform/for-next
Merge made by the 'ort' strategy.
 drivers/platform/chrome/chromeos_privacy_screen.c |  3 +++
 drivers/platform/chrome/chromeos_tbmc.c           |  6 ++++-
 drivers/platform/chrome/cros_ec_sensorhub.c       |  6 ++++-
 drivers/platform/chrome/cros_ec_sysfs.c           |  5 ++--
 drivers/platform/chrome/cros_kbd_led_backlight.c  | 28 ++++++-----------------
 drivers/platform/chrome/wilco_ec/event.c          |  8 +++++--
 include/linux/platform_data/cros_ec_proto.h       |  2 ++
 7 files changed, 31 insertions(+), 27 deletions(-)
Merging chrome-platform-firmware/for-firmware-next (86e3bbc716332 firmware: google: Skip failing entries instead of aborting populate)
$ git merge -m Merge branch 'for-firmware-next' of https://git.kernel.org/pub/scm/linux/kernel/git/chrome-platform/linux.git chrome-platform-firmware/for-firmware-next
Merge made by the 'ort' strategy.
 drivers/firmware/google/coreboot_table.c | 17 ++++++++++++-----
 1 file changed, 12 insertions(+), 5 deletions(-)
Merging hsi/for-next (254f49634ee16 Linux 7.1-rc1)
$ git merge -m Merge branch 'for-next' of https://git.kernel.org/pub/scm/linux/kernel/git/sre/linux-hsi.git hsi/for-next
Already up to date.
Merging leds-lj/for-leds-next (863ba87055290 dt-binding: leds: Publish common bindings under dual license)
$ git merge -m Merge branch 'for-leds-next' of https://git.kernel.org/pub/scm/linux/kernel/git/lee/leds.git leds-lj/for-leds-next
Merge made by the 'ort' strategy.
 Documentation/devicetree/bindings/leds/irled/ir-spi-led.yaml | 2 +-
 drivers/leds/leds-pca9532.c                                  | 8 +++++---
 drivers/leds/leds-st1202.c                                   | 1 -
 include/dt-bindings/leds/common.h                            | 2 +-
 4 files changed, 7 insertions(+), 6 deletions(-)
Merging ipmi/for-next (c9ccd876a06e5 ipmi:kcs: Reduce the number of retries)
$ git merge -m Merge branch 'for-next' of https://github.com/cminyard/linux-ipmi.git ipmi/for-next
Merge made by the 'ort' strategy.
 drivers/char/ipmi/ipmi_kcs_sm.c | 2 +-
 1 file changed, 1 insertion(+), 1 deletion(-)
Merging driver-core/driver-core-next (8d3bea93f483c Merge patch series "rust: auxiliary: replace drvdata() with registration data")
$ git merge -m Merge branch 'driver-core-next' of https://git.kernel.org/pub/scm/linux/kernel/git/driver-core/driver-core.git driver-core/driver-core-next
Auto-merging Documentation/admin-guide/kernel-parameters.txt
Auto-merging MAINTAINERS
Auto-merging drivers/acpi/bus.c
Auto-merging drivers/base/memory.c
Auto-merging drivers/base/platform.c
Auto-merging drivers/iommu/iommu.c
Auto-merging drivers/pci/pwrctrl/core.c
Auto-merging include/acpi/acpi_bus.h
Auto-merging kernel/dma/mapping.c
Auto-merging rust/helpers/helpers.c
Merge made by the 'ort' strategy.
 Documentation/admin-guide/kernel-parameters.txt |   5 +-
 MAINTAINERS                                     |   1 +
 arch/arc/mm/dma.c                               |   4 +-
 arch/arm/mach-highbank/highbank.c               |   2 +-
 arch/arm/mach-mvebu/coherency.c                 |   2 +-
 arch/arm/mm/dma-mapping-nommu.c                 |   4 +-
 arch/arm/mm/dma-mapping.c                       |  28 ++--
 arch/arm64/kernel/cpufeature.c                  |   2 +-
 arch/arm64/mm/dma-mapping.c                     |   2 +-
 arch/mips/mm/dma-noncoherent.c                  |   2 +-
 arch/powerpc/kernel/dma-iommu.c                 |   8 +-
 arch/powerpc/platforms/pseries/hotplug-memory.c |   4 +-
 arch/riscv/mm/dma-noncoherent.c                 |   2 +-
 drivers/acpi/bus.c                              |   6 +-
 drivers/acpi/scan.c                             |   2 +-
 drivers/base/base.h                             |  30 ++--
 drivers/base/bus.c                              |  11 +-
 drivers/base/core.c                             |  44 +++---
 drivers/base/cpu.c                              |   4 +-
 drivers/base/dd.c                               |  18 +--
 drivers/base/faux.c                             |  32 ++--
 drivers/base/firmware_loader/sysfs_upload.c     |   8 +-
 drivers/base/isa.c                              |  12 +-
 drivers/base/memory.c                           |   2 +-
 drivers/base/pinctrl.c                          |   2 +-
 drivers/base/platform.c                         |   2 +-
 drivers/base/swnode.c                           |  40 +++--
 drivers/dma/ti/k3-udma-glue.c                   |   6 +-
 drivers/dma/ti/k3-udma.c                        |   6 +-
 drivers/gpu/nova-core/driver.rs                 |  10 +-
 drivers/iommu/dma-iommu.c                       |   9 +-
 drivers/iommu/iommu.c                           |   5 +-
 drivers/net/pcs/pcs-xpcs-plat.c                 |   2 +-
 drivers/of/device.c                             |   6 +-
 drivers/pci/of.c                                |   2 +-
 drivers/pci/pwrctrl/core.c                      |   2 +-
 drivers/tty/serial/serial_base_bus.c            |   2 +-
 drivers/usb/gadget/udc/aspeed-vhub/dev.c        |   2 +-
 fs/sysfs/file.c                                 |   5 +-
 include/acpi/acpi_bus.h                         |  11 ++
 include/linux/auxiliary_bus.h                   |   4 +
 include/linux/device.h                          |  91 +++++------
 include/linux/device/class.h                    |   2 +-
 include/linux/dma-map-ops.h                     |   6 +-
 include/linux/dma-mapping.h                     |   2 +-
 include/linux/fwnode.h                          |   3 +
 include/linux/iommu-dma.h                       |   3 +-
 kernel/cpu.c                                    |   4 +-
 kernel/dma/mapping.c                            |  12 +-
 mm/hmm.c                                        |   2 +-
 rust/helpers/acpi.c                             |  16 ++
 rust/helpers/helpers.c                          |   1 +
 rust/kernel/alloc/kbox.rs                       |  22 +++
 rust/kernel/auxiliary.rs                        | 194 +++++++++++++++++-------
 rust/kernel/device.rs                           |  60 --------
 rust/kernel/driver.rs                           |  74 +++++++--
 samples/rust/rust_driver_auxiliary.rs           |  40 +++--
 57 files changed, 507 insertions(+), 376 deletions(-)
 create mode 100644 rust/helpers/acpi.c
Merging usb/usb-next (e18b0dbb6ec60 Merge tag 'v7.1-rc3' into usb-next)
$ git merge -m Merge branch 'usb-next' of https://git.kernel.org/pub/scm/linux/kernel/git/gregkh/usb.git usb/usb-next
Merge made by the 'ort' strategy.
 .../devicetree/bindings/usb/cdns,usb3.yaml         |  10 +-
 .../devicetree/bindings/usb/genesys,gl850g.yaml    |  18 ++
 arch/arm/mach-pxa/devices.c                        |   7 -
 arch/arm/mach-pxa/gumstix.c                        |   1 -
 arch/arm/mach-pxa/udc.h                            |   8 -
 drivers/usb/Makefile                               |   2 -
 drivers/usb/cdns3/Kconfig                          | 112 +++----
 drivers/usb/cdns3/Makefile                         |  46 +--
 drivers/usb/cdns3/cdns3-gadget.c                   |   1 +
 drivers/usb/cdns3/cdns3-plat.c                     |  27 +-
 drivers/usb/cdns3/cdnsp-gadget.c                   |  50 ++-
 drivers/usb/cdns3/cdnsp-gadget.h                   |   1 +
 drivers/usb/cdns3/cdnsp-mem.c                      |  73 +++--
 drivers/usb/cdns3/cdnsp-pci.c                      | 209 ++++++------
 drivers/usb/cdns3/cdnsp-ring.c                     |   9 +-
 drivers/usb/cdns3/core.c                           |  45 +--
 drivers/usb/cdns3/core.h                           |   5 +-
 drivers/usb/cdns3/gadget-export.h                  |  10 +-
 drivers/usb/cdns3/host-export.h                    |   4 +-
 drivers/usb/gadget/udc/core.c                      |   7 +-
 drivers/usb/gadget/udc/pxa25x_udc.c                |  41 +--
 drivers/usb/gadget/udc/pxa25x_udc.h                |   2 +-
 drivers/usb/gadget/udc/pxa27x_udc.c                |  35 +--
 drivers/usb/gadget/udc/pxa27x_udc.h                |   2 -
 drivers/usb/misc/Kconfig                           |   2 +-
 drivers/usb/misc/onboard_usb_dev.c                 |   1 +
 drivers/usb/misc/onboard_usb_dev.h                 |   8 +
 drivers/usb/typec/mux/intel_pmc_mux.c              |  19 +-
 drivers/usb/typec/mux/ps883x.c                     | 350 +++++++++++----------
 include/linux/platform_data/pxa2xx_udc.h           |  15 -
 30 files changed, 550 insertions(+), 570 deletions(-)
 delete mode 100644 arch/arm/mach-pxa/udc.h
Merging thunderbolt/next (c12b5ee30fb66 thunderbolt: test: add KUnit regression tests for XDomain property parser)
$ git merge -m Merge branch 'next' of https://git.kernel.org/pub/scm/linux/kernel/git/westeri/thunderbolt.git thunderbolt/next
Merge made by the 'ort' strategy.
 drivers/thunderbolt/debugfs.c  |   8 +-
 drivers/thunderbolt/dma_test.c |  20 ++---
 drivers/thunderbolt/domain.c   |  33 ++++++++
 drivers/thunderbolt/icm.c      |  15 ++++
 drivers/thunderbolt/nhi.c      |   4 +
 drivers/thunderbolt/path.c     |  31 +++++--
 drivers/thunderbolt/switch.c   |  14 ++++
 drivers/thunderbolt/tb.c       |  65 ++++++++-------
 drivers/thunderbolt/tb.h       |   2 +
 drivers/thunderbolt/test.c     | 126 ++++++++++++++++++++++++++++
 drivers/thunderbolt/xdomain.c  | 185 +++++++++++++++++++++++++++++------------
 include/linux/thunderbolt.h    |   4 +
 12 files changed, 401 insertions(+), 106 deletions(-)
Merging usb-serial/usb-next (e690592f98c81 USB: serial: whiteheat: drop termbits include)
$ git merge -m Merge branch 'usb-next' of https://git.kernel.org/pub/scm/linux/kernel/git/johan/usb-serial.git usb-serial/usb-next
Merge made by the 'ort' strategy.
 drivers/usb/serial/ark3116.c          |  1 -
 drivers/usb/serial/belkin_sa.c        |  2 --
 drivers/usb/serial/cyberjack.c        |  2 --
 drivers/usb/serial/cypress_m8.c       |  2 --
 drivers/usb/serial/digi_acceleport.c  |  2 --
 drivers/usb/serial/empeg.c            |  3 ---
 drivers/usb/serial/f81232.c           |  3 ---
 drivers/usb/serial/f81534.c           |  1 -
 drivers/usb/serial/ftdi_sio.c         |  1 -
 drivers/usb/serial/garmin_gps.c       |  3 ---
 drivers/usb/serial/generic.c          |  1 -
 drivers/usb/serial/io_edgeport.c      |  2 +-
 drivers/usb/serial/io_ti.c            |  2 --
 drivers/usb/serial/ipaq.c             |  3 ---
 drivers/usb/serial/ipw.c              |  2 --
 drivers/usb/serial/ir-usb.c           |  2 --
 drivers/usb/serial/iuu_phoenix.c      |  2 --
 drivers/usb/serial/keyspan.c          |  2 --
 drivers/usb/serial/keyspan_pda.c      |  2 --
 drivers/usb/serial/kl5kusb105.c       |  2 --
 drivers/usb/serial/kobil_sct.c        |  2 --
 drivers/usb/serial/mct_u232.c         |  2 --
 drivers/usb/serial/metro-usb.c        |  3 ---
 drivers/usb/serial/mos7720.c          |  3 ++-
 drivers/usb/serial/mos7840.c          |  1 -
 drivers/usb/serial/mxuport.c          | 40 ++++++++++++++---------------------
 drivers/usb/serial/omninet.c          |  2 --
 drivers/usb/serial/opticon.c          |  2 --
 drivers/usb/serial/option.c           |  1 -
 drivers/usb/serial/oti6858.c          |  3 ---
 drivers/usb/serial/pl2303.c           |  3 ---
 drivers/usb/serial/qcserial.c         |  1 -
 drivers/usb/serial/quatech2.c         |  2 --
 drivers/usb/serial/safe_serial.c      |  2 --
 drivers/usb/serial/spcp8x5.c          |  2 --
 drivers/usb/serial/ssu100.c           |  2 --
 drivers/usb/serial/symbolserial.c     |  2 --
 drivers/usb/serial/ti_usb_3410_5052.c |  2 --
 drivers/usb/serial/usb-serial.c       |  3 ---
 drivers/usb/serial/usb_wwan.c         |  1 -
 drivers/usb/serial/visor.c            |  4 ----
 drivers/usb/serial/whiteheat.c        |  4 ----
 drivers/usb/serial/wishbone-serial.c  |  1 -
 drivers/usb/serial/xr_serial.c        |  1 +
 drivers/usb/serial/xsens_mt.c         |  1 -
 45 files changed, 20 insertions(+), 110 deletions(-)
Merging tty/tty-next (16e95bfb79b5d serial: qcom-geni: Avoid probing debug console UART without console support)
$ git merge -m Merge branch 'tty-next' of https://git.kernel.org/pub/scm/linux/kernel/git/gregkh/tty.git tty/tty-next
Auto-merging arch/powerpc/configs/ppc6xx_defconfig
Auto-merging drivers/net/ppp/Kconfig
Auto-merging drivers/tty/serial/pch_uart.c
Auto-merging drivers/tty/serial/qcom_geni_serial.c
Auto-merging drivers/tty/serial/sh-sci.c
Merge made by the 'ort' strategy.
 .../bindings/serial/qcom,sa8255p-geni-uart.yaml    |   13 +-
 .../bindings/serial/snps-dw-apb-uart.yaml          |    1 +
 Documentation/userspace-api/ioctl/ioctl-number.rst |    1 -
 arch/powerpc/configs/ppc6xx_defconfig              |    1 -
 drivers/net/ppp/Kconfig                            |    4 +-
 drivers/tty/Kconfig                                |   11 +-
 drivers/tty/Makefile                               |    1 -
 drivers/tty/n_hdlc.c                               |    7 -
 drivers/tty/serial/8250/8250_dw.c                  |   31 +-
 drivers/tty/serial/8250/8250_dwlib.c               |   49 -
 drivers/tty/serial/8250/8250_dwlib.h               |   73 +
 drivers/tty/serial/8250/8250_mtk.c                 |   23 +-
 drivers/tty/serial/8250/8250_pci.c                 | 3120 ++++++------
 drivers/tty/serial/8250/8250_port.c                |    6 +-
 drivers/tty/serial/Kconfig                         |    6 +-
 drivers/tty/serial/apbuart.c                       |    2 -
 drivers/tty/serial/bcm63xx_uart.c                  |    2 +-
 drivers/tty/serial/icom.c                          |    2 -
 drivers/tty/serial/jsm/jsm_driver.c                |   38 +-
 drivers/tty/serial/max310x.c                       |  179 +-
 drivers/tty/serial/mxs-auart.c                     |    2 +-
 drivers/tty/serial/omap-serial.c                   |    2 +-
 drivers/tty/serial/pch_uart.c                      |    2 +-
 drivers/tty/serial/pxa.c                           |    2 +-
 drivers/tty/serial/qcom_geni_serial.c              |   20 +-
 drivers/tty/serial/samsung_tty.c                   |    8 +-
 drivers/tty/serial/serial_core.c                   |   34 +-
 drivers/tty/serial/serial_txx9.c                   |    4 +-
 drivers/tty/serial/sh-sci.c                        |    2 +-
 drivers/tty/serial/sunsu.c                         |    2 +-
 drivers/tty/synclink_gt.c                          | 5038 --------------------
 include/linux/serial_core.h                        |   12 +
 include/linux/serial_sci.h                         |    1 -
 include/linux/synclink.h                           |   37 -
 include/uapi/linux/synclink.h                      |  301 --
 35 files changed, 1868 insertions(+), 7169 deletions(-)
 delete mode 100644 drivers/tty/synclink_gt.c
 delete mode 100644 include/linux/synclink.h
 delete mode 100644 include/uapi/linux/synclink.h
Merging char-misc/char-misc-next (5d6919055dec1 Linux 7.1-rc3)
$ git merge -m Merge branch 'char-misc-next' of https://git.kernel.org/pub/scm/linux/kernel/git/gregkh/char-misc.git char-misc/char-misc-next
Already up to date.
$ git am -3 ../patches/0001-bus-mhi-Fix-up-interaction-with-net-next-tree.patch
Applying: bus: mhi: Fix up interaction with net-next tree
Using index info to reconstruct a base tree...
M	drivers/net/wireless/ath/ath12k/wifi7/mhi.c
Falling back to patching base and 3-way merge...
No changes -- Patch already applied.
Merging coresight/next (f4526ffee6ff9 coresight: fix missing error code when trace ID is invalid)
$ git merge -m Merge branch 'next' of https://git.kernel.org/pub/scm/linux/kernel/git/coresight/linux.git coresight/next
Merge made by the 'ort' strategy.
 drivers/hwtracing/coresight/coresight-core.c       | 23 +++++-----
 .../hwtracing/coresight/coresight-cti-platform.c   |  1 +
 drivers/hwtracing/coresight/coresight-etm-perf.c   |  5 ++-
 drivers/hwtracing/coresight/coresight-etm4x-core.c | 52 +++++++++++++++-------
 drivers/hwtracing/coresight/coresight-priv.h       |  2 +-
 drivers/hwtracing/coresight/coresight-sysfs.c      |  4 +-
 drivers/hwtracing/coresight/coresight-tmc-etr.c    |  4 +-
 7 files changed, 58 insertions(+), 33 deletions(-)
Merging fastrpc/for-next (6de23f81a5e08 Linux 7.0-rc1)
$ git merge -m Merge branch 'for-next' of https://git.kernel.org/pub/scm/linux/kernel/git/srini/fastrpc.git fastrpc/for-next
Already up to date.
Merging fpga/for-next (24da2324f8d26 fpga: lattice-sysconfig-spi: simplify with spi_get_device_match_data())
$ git merge -m Merge branch 'for-next' of https://git.kernel.org/pub/scm/linux/kernel/git/fpga/linux-fpga.git fpga/for-next
Auto-merging Documentation/devicetree/bindings/vendor-prefixes.yaml
Merge made by the 'ort' strategy.
 .../bindings/fpga/efinix,trion-config.yaml         |  98 ++++++++
 .../bindings/fpga/technologic,ts7300-fpga.yaml     |  36 +++
 .../devicetree/bindings/vendor-prefixes.yaml       |   2 +
 drivers/fpga/Kconfig                               |   7 +
 drivers/fpga/Makefile                              |   1 +
 drivers/fpga/efinix-spi.c                          | 260 +++++++++++++++++++++
 drivers/fpga/lattice-sysconfig-spi.c               |  29 ++-
 drivers/fpga/of-fpga-region.c                      |   3 +-
 drivers/fpga/ts73xx-fpga.c                         |   9 +
 9 files changed, 427 insertions(+), 18 deletions(-)
 create mode 100644 Documentation/devicetree/bindings/fpga/efinix,trion-config.yaml
 create mode 100644 Documentation/devicetree/bindings/fpga/technologic,ts7300-fpga.yaml
 create mode 100644 drivers/fpga/efinix-spi.c
Merging icc/icc-next (a24b55c5c084f Merge branch 'icc-eliza' into icc-next)
$ git merge -m Merge branch 'icc-next' of https://git.kernel.org/pub/scm/linux/kernel/git/djakov/icc.git icc/icc-next
Merge made by the 'ort' strategy.
 .../bindings/interconnect/qcom,hawi-rpmh.yaml      |  131 +
 .../bindings/interconnect/qcom,msm8998-bwmon.yaml  |    1 +
 .../bindings/interconnect/qcom,nord-rpmh.yaml      |  131 +
 .../bindings/interconnect/qcom,sdm660.yaml         |   13 +
 .../bindings/interconnect/qcom,shikra.yaml         |  134 +
 .../bindings/interconnect/qcom,sm6115.yaml         |   33 +-
 .../bindings/interconnect/qcom,x1e80100-rpmh.yaml  |   62 +
 drivers/interconnect/core.c                        |    2 +-
 drivers/interconnect/qcom/Kconfig                  |   95 +-
 drivers/interconnect/qcom/Makefile                 |    6 +
 drivers/interconnect/qcom/eliza.c                  |   15 +-
 drivers/interconnect/qcom/hawi.c                   | 2028 +++++++++++++++
 drivers/interconnect/qcom/msm8953.c                |    2 +-
 drivers/interconnect/qcom/nord.c                   | 2682 ++++++++++++++++++++
 drivers/interconnect/qcom/shikra.c                 | 1837 ++++++++++++++
 drivers/interconnect/qcom/x1e80100.c               |  485 ++++
 include/dt-bindings/interconnect/qcom,eliza-rpmh.h |    1 +
 include/dt-bindings/interconnect/qcom,hawi-rpmh.h  |  165 ++
 include/dt-bindings/interconnect/qcom,nord-rpmh.h  |  217 ++
 include/dt-bindings/interconnect/qcom,shikra.h     |  121 +
 20 files changed, 8123 insertions(+), 38 deletions(-)
 create mode 100644 Documentation/devicetree/bindings/interconnect/qcom,hawi-rpmh.yaml
 create mode 100644 Documentation/devicetree/bindings/interconnect/qcom,nord-rpmh.yaml
 create mode 100644 Documentation/devicetree/bindings/interconnect/qcom,shikra.yaml
 create mode 100644 drivers/interconnect/qcom/hawi.c
 create mode 100644 drivers/interconnect/qcom/nord.c
 create mode 100644 drivers/interconnect/qcom/shikra.c
 create mode 100644 include/dt-bindings/interconnect/qcom,hawi-rpmh.h
 create mode 100644 include/dt-bindings/interconnect/qcom,nord-rpmh.h
 create mode 100644 include/dt-bindings/interconnect/qcom,shikra.h
Merging iio/togreg (1548c54e9adc3 iio: magnetometer: ak8975: consistently use 'data' parameter)
$ git merge -m Merge branch 'togreg' of https://git.kernel.org/pub/scm/linux/kernel/git/jic23/iio.git iio/togreg
Auto-merging MAINTAINERS
Auto-merging drivers/iio/adc/Kconfig
Auto-merging drivers/iio/adc/nxp-sar-adc.c
Auto-merging drivers/iio/adc/ti-ads1298.c
Auto-merging drivers/iio/common/ssp_sensors/ssp_dev.c
Auto-merging drivers/iio/dac/ad5686.c
Auto-merging drivers/iio/imu/st_lsm6dsx/st_lsm6dsx_buffer.c
CONFLICT (content): Merge conflict in drivers/iio/imu/st_lsm6dsx/st_lsm6dsx_buffer.c
Auto-merging drivers/iio/industrialio-buffer.c
Resolved 'drivers/iio/imu/st_lsm6dsx/st_lsm6dsx_buffer.c' using previous resolution.
Automatic merge failed; fix conflicts and then commit the result.
$ git commit --no-edit -v -a
[master 08132af3b86c3] Merge branch 'togreg' of https://git.kernel.org/pub/scm/linux/kernel/git/jic23/iio.git
$ git diff -M --stat --summary HEAD^..
 Documentation/ABI/testing/sysfs-bus-iio            |   51 +-
 .../devicetree/bindings/iio/adc/adi,ad4080.yaml    |   53 +-
 .../devicetree/bindings/iio/adc/adi,ad4130.yaml    |   19 +-
 .../devicetree/bindings/iio/adc/adi,ad4691.yaml    |  180 ++
 .../devicetree/bindings/iio/adc/avia-hx711.yaml    |   37 +-
 .../bindings/iio/adc/qcom,pm8018-adc.yaml          |   15 +
 .../devicetree/bindings/iio/dac/adi,ad5706r.yaml   |  105 ++
 .../bindings/iio/dac/microchip,mcp47feb02.yaml     |   36 +-
 .../bindings/iio/gyroscope/bosch,bmg160.yaml       |    6 +
 .../devicetree/bindings/iio/light/tsl2772.yaml     |    2 +
 Documentation/driver-api/iio/buffers.rst           |    7 +-
 Documentation/iio/ad4691.rst                       |  204 +++
 Documentation/iio/adxl313.rst                      |    8 +-
 Documentation/iio/iio_devbuf.rst                   |    3 +-
 Documentation/iio/index.rst                        |    1 +
 Documentation/misc-devices/apds990x.rst            |  128 --
 Documentation/misc-devices/index.rst               |    1 -
 MAINTAINERS                                        |   32 +-
 drivers/iio/accel/adxl313_core.c                   |   10 +-
 drivers/iio/accel/adxl313_i2c.c                    |   10 +-
 drivers/iio/accel/adxl313_spi.c                    |   11 +-
 drivers/iio/accel/adxl355_core.c                   |   30 +-
 drivers/iio/accel/adxl355_i2c.c                    |   11 +-
 drivers/iio/accel/adxl355_spi.c                    |   11 +-
 drivers/iio/accel/adxl367.c                        |    4 +-
 drivers/iio/accel/adxl372.c                        |   10 +-
 drivers/iio/accel/adxl380.c                        |    4 +-
 drivers/iio/adc/Kconfig                            |   19 +-
 drivers/iio/adc/Makefile                           |    1 +
 drivers/iio/adc/ad4062.c                           |    7 +-
 drivers/iio/adc/ad4080.c                           |  257 ++-
 drivers/iio/adc/ad4130.c                           |  493 +++++-
 drivers/iio/adc/ad4170-4.c                         |   47 +-
 drivers/iio/adc/ad4691.c                           | 1792 ++++++++++++++++++++
 drivers/iio/adc/ad7191.c                           |   63 +-
 drivers/iio/adc/ad7192.c                           |    7 +-
 drivers/iio/adc/ad7280a.c                          |   75 +-
 drivers/iio/adc/ad7292.c                           |   16 +-
 drivers/iio/adc/ad7625.c                           |    4 +-
 drivers/iio/adc/ad7768-1.c                         |    6 +-
 drivers/iio/adc/ad7780.c                           |   46 +-
 drivers/iio/adc/ad7791.c                           |   19 +-
 drivers/iio/adc/ad7793.c                           |   37 +-
 drivers/iio/adc/ad7949.c                           |   25 +-
 drivers/iio/adc/ad799x.c                           |  135 +-
 drivers/iio/adc/ad9467.c                           |    9 +-
 drivers/iio/adc/hx711.c                            |   31 +-
 drivers/iio/adc/ingenic-adc.c                      |   68 +-
 drivers/iio/adc/ltc2309.c                          |   16 +-
 drivers/iio/adc/mcp3422.c                          |   65 +-
 drivers/iio/adc/nxp-sar-adc.c                      |    6 +-
 drivers/iio/adc/pac1921.c                          |    2 +-
 drivers/iio/adc/qcom-pm8xxx-xoadc.c                |   39 +-
 drivers/iio/adc/rtq6056.c                          |   10 +-
 drivers/iio/adc/ti-ads1298.c                       |   19 +-
 drivers/iio/adc/ti-ads7924.c                       |    5 +-
 drivers/iio/adc/ti-ads7950.c                       |  256 ++-
 drivers/iio/adc/ti-ads8688.c                       |   70 +-
 drivers/iio/addac/ad74115.c                        |    5 +-
 drivers/iio/chemical/scd30_i2c.c                   |    5 +-
 drivers/iio/chemical/sgp30.c                       |    3 +-
 drivers/iio/common/ssp_sensors/ssp_dev.c           |    2 +-
 drivers/iio/common/ssp_sensors/ssp_spi.c           |    8 +-
 drivers/iio/dac/Kconfig                            |   11 +
 drivers/iio/dac/Makefile                           |    1 +
 drivers/iio/dac/ad3552r.c                          |    7 +-
 drivers/iio/dac/ad5686.c                           |    4 +-
 drivers/iio/dac/ad5706r.c                          |  253 +++
 drivers/iio/dac/ad5755.c                           |    5 +-
 drivers/iio/dac/ad5758.c                           |    4 +-
 drivers/iio/dac/ad7303.c                           |    4 +-
 drivers/iio/dac/ltc2664.c                          |    4 +-
 drivers/iio/dac/mcp4821.c                          |  137 +-
 drivers/iio/frequency/adrf6780.c                   |    7 +-
 drivers/iio/gyro/adxrs290.c                        |   75 +-
 drivers/iio/imu/bno055/bno055.c                    |   27 +-
 drivers/iio/imu/st_lsm6dsx/Makefile                |    2 +-
 drivers/iio/imu/st_lsm6dsx/st_lsm6dsx.h            |   28 +-
 drivers/iio/imu/st_lsm6dsx/st_lsm6dsx_buffer.c     |   43 +-
 drivers/iio/imu/st_lsm6dsx/st_lsm6dsx_core.c       |   58 +
 drivers/iio/imu/st_lsm6dsx/st_lsm6dsx_fusion.c     |  241 +++
 drivers/iio/industrialio-backend.c                 |   53 +-
 drivers/iio/industrialio-buffer.c                  |   48 +-
 drivers/iio/industrialio-core.c                    |    1 +
 drivers/iio/light/apds9160.c                       |    2 +-
 drivers/iio/light/cm3232.c                         |    3 +-
 drivers/iio/light/iqs621-als.c                     |  111 +-
 drivers/iio/light/si1133.c                         |   70 +-
 drivers/iio/light/stk3310.c                        |  105 +-
 drivers/iio/light/tsl2563.c                        |    8 +-
 drivers/iio/light/tsl2583.c                        |    6 +-
 drivers/iio/light/tsl2772.c                        |   16 +
 drivers/iio/light/vcnl4000.c                       |  276 ++-
 drivers/iio/magnetometer/ak8975.c                  |  221 ++-
 drivers/iio/magnetometer/hid-sensor-magn-3d.c      |    6 +-
 drivers/iio/magnetometer/rm3100-core.c             |   94 +-
 drivers/iio/magnetometer/yamaha-yas530.c           |   22 +-
 drivers/iio/orientation/hid-sensor-rotation.c      |   71 +-
 drivers/iio/proximity/srf08.c                      |   17 +-
 drivers/iio/temperature/maxim_thermocouple.c       |    6 +-
 drivers/misc/Kconfig                               |   10 -
 drivers/misc/Makefile                              |    1 -
 drivers/misc/apds990x.c                            | 1284 --------------
 drivers/staging/iio/frequency/ad9832.c             |   20 +-
 drivers/staging/iio/frequency/ad9834.c             |   45 +-
 include/linux/iio/backend.h                        |    1 +
 include/linux/iio/buffer.h                         |   14 +-
 include/linux/iio/iio.h                            |   33 +-
 include/linux/platform_data/apds990x.h             |   65 -
 include/uapi/linux/iio/types.h                     |    1 +
 tools/iio/iio_event_monitor.c                      |    1 +
 tools/iio/iio_generic_buffer.c                     |   70 +-
 tools/iio/iio_utils.c                              |   12 +-
 tools/iio/iio_utils.h                              |    4 +-
 114 files changed, 5246 insertions(+), 3019 deletions(-)
 create mode 100644 Documentation/devicetree/bindings/iio/adc/adi,ad4691.yaml
 create mode 100644 Documentation/devicetree/bindings/iio/dac/adi,ad5706r.yaml
 create mode 100644 Documentation/iio/ad4691.rst
 delete mode 100644 Documentation/misc-devices/apds990x.rst
 create mode 100644 drivers/iio/adc/ad4691.c
 create mode 100644 drivers/iio/dac/ad5706r.c
 create mode 100644 drivers/iio/imu/st_lsm6dsx/st_lsm6dsx_fusion.c
 delete mode 100644 drivers/misc/apds990x.c
 delete mode 100644 include/linux/platform_data/apds990x.h
Merging phy-next/next (fd6cd05ceabdf phy: mediatek: xsphy: reduce main allocation)
$ git merge -m Merge branch 'next' of https://git.kernel.org/pub/scm/linux/kernel/git/phy/linux-phy.git phy-next/next
Auto-merging MAINTAINERS
Auto-merging drivers/phy/qualcomm/phy-qcom-qmp-ufs.c
Auto-merging drivers/phy/spacemit/phy-k1-usb2.c
Merge made by the 'ort' strategy.
 .../bindings/display/msm/qcom,sa8775p-mdss.yaml    |   6 +-
 .../bindings/phy/axiado,ax3000-emmc-phy.yaml       |  37 ++
 .../bindings/phy/econet,en751221-pcie-phy.yaml     |  50 +++
 .../devicetree/bindings/phy/fsl,lynx-28g.yaml      |  48 ++-
 .../devicetree/bindings/phy/qcom,edp-phy.yaml      |   1 +
 .../bindings/phy/qcom,sc8280xp-qmp-ufs-phy.yaml    |   1 +
 .../phy/qcom,sc8280xp-qmp-usb43dp-phy.yaml         |   4 +
 .../bindings/phy/qcom,snps-eusb2-phy.yaml          |   1 +
 .../bindings/phy/rockchip,inno-usb2phy.yaml        |  44 ++-
 .../devicetree/bindings/phy/spacemit,usb2-phy.yaml |   6 +-
 .../devicetree/bindings/phy/ti,phy-gmii-sel.yaml   |  23 +-
 .../devicetree/bindings/phy/ti,phy-j721e-wiz.yaml  |  19 +-
 MAINTAINERS                                        |  18 +
 drivers/phy/Kconfig                                |  26 ++
 drivers/phy/Makefile                               |   3 +
 drivers/phy/axiado/Kconfig                         |  11 +
 drivers/phy/axiado/Makefile                        |   1 +
 drivers/phy/axiado/phy-axiado-emmc.c               | 217 +++++++++++
 drivers/phy/freescale/phy-fsl-imx8qm-hsio.c        |  23 +-
 drivers/phy/freescale/phy-fsl-lynx-28g.c           | 411 ++++++++++++++++++---
 drivers/phy/mediatek/phy-mtk-xsphy.c               |  15 +-
 drivers/phy/phy-airoha-pcie-regs.h                 |   2 +-
 drivers/phy/phy-can-transceiver.c                  |  93 +++--
 drivers/phy/phy-econet-pcie.c                      | 182 +++++++++
 drivers/phy/phy-eyeq5-eth.c                        | 280 ++++++++++++++
 drivers/phy/qualcomm/phy-qcom-m31-eusb2.c          |   2 +-
 drivers/phy/qualcomm/phy-qcom-qmp-pcie-msm8996.c   | 110 +++---
 drivers/phy/qualcomm/phy-qcom-qmp-pcie.c           | 212 +++++------
 drivers/phy/qualcomm/phy-qcom-qmp-qserdes-com-v2.h |   3 +
 drivers/phy/qualcomm/phy-qcom-qmp-qserdes-com.h    | 140 -------
 .../phy/qualcomm/phy-qcom-qmp-qserdes-txrx-v2.h    | 247 ++++++++++---
 drivers/phy/qualcomm/phy-qcom-qmp-qserdes-txrx.h   | 205 ----------
 drivers/phy/qualcomm/phy-qcom-qmp-ufs.c            | 254 ++++++-------
 drivers/phy/qualcomm/phy-qcom-qmp-usb.c            | 262 ++++++-------
 drivers/phy/qualcomm/phy-qcom-qmp-usbc.c           | 310 ++++++++--------
 drivers/phy/qualcomm/phy-qcom-qmp.h                |   3 -
 drivers/phy/qualcomm/phy-qcom-usb-hs.c             |  15 +-
 drivers/phy/renesas/phy-rcar-gen3-usb2.c           |  10 +-
 drivers/phy/renesas/phy-rzg3e-usb3.c               |   8 +-
 drivers/phy/rockchip/phy-rockchip-inno-usb2.c      | 191 +++++++---
 drivers/phy/spacemit/phy-k1-usb2.c                 |  34 +-
 drivers/phy/st/Kconfig                             |   2 +-
 drivers/phy/st/phy-miphy28lp.c                     |  12 +-
 drivers/phy/tegra/Kconfig                          |   2 +-
 drivers/phy/ti/phy-gmii-sel.c                      |  13 +
 drivers/phy/ti/phy-j721e-wiz.c                     |  24 ++
 46 files changed, 2387 insertions(+), 1194 deletions(-)
 create mode 100644 Documentation/devicetree/bindings/phy/axiado,ax3000-emmc-phy.yaml
 create mode 100644 Documentation/devicetree/bindings/phy/econet,en751221-pcie-phy.yaml
 create mode 100644 drivers/phy/axiado/Kconfig
 create mode 100644 drivers/phy/axiado/Makefile
 create mode 100644 drivers/phy/axiado/phy-axiado-emmc.c
 create mode 100644 drivers/phy/phy-econet-pcie.c
 create mode 100644 drivers/phy/phy-eyeq5-eth.c
 delete mode 100644 drivers/phy/qualcomm/phy-qcom-qmp-qserdes-com.h
 delete mode 100644 drivers/phy/qualcomm/phy-qcom-qmp-qserdes-txrx.h
Merging soundwire/next (8a7fe10eec64b soundwire: intel_ace2x: release bpt_stream when close it)
$ git merge -m Merge branch 'next' of https://git.kernel.org/pub/scm/linux/kernel/git/vkoul/soundwire.git soundwire/next
Merge made by the 'ort' strategy.
 drivers/soundwire/generic_bandwidth_allocation.c | 56 +++++++++++-------------
 drivers/soundwire/intel.c                        | 31 +++----------
 drivers/soundwire/intel_ace2x.c                  | 40 +++++++++++------
 drivers/soundwire/intel_auxdevice.c              |  3 ++
 drivers/soundwire/slave.c                        |  4 +-
 drivers/soundwire/stream.c                       | 13 +++++-
 6 files changed, 77 insertions(+), 70 deletions(-)
Merging extcon/extcon-next (254f49634ee16 Linux 7.1-rc1)
$ git merge -m Merge branch 'extcon-next' of https://git.kernel.org/pub/scm/linux/kernel/git/chanwoo/extcon.git extcon/extcon-next
Already up to date.
Merging gnss/gnss-next (5d6919055dec1 Linux 7.1-rc3)
$ git merge -m Merge branch 'gnss-next' of https://git.kernel.org/pub/scm/linux/kernel/git/johan/gnss.git gnss/gnss-next
Already up to date.
Merging vfio/next (30471982cd667 vfio/cdx: Consolidate MSI configured state onto cdx_irqs)
$ git merge -m Merge branch 'next' of https://github.com/awilliam/linux-vfio.git vfio/next
Already up to date.
Merging w1/for-next (254f49634ee16 Linux 7.1-rc1)
$ git merge -m Merge branch 'for-next' of https://git.kernel.org/pub/scm/linux/kernel/git/krzk/linux-w1.git w1/for-next
Already up to date.
Merging spmi/spmi-next (254f49634ee16 Linux 7.1-rc1)
$ git merge -m Merge branch 'spmi-next' of https://git.kernel.org/pub/scm/linux/kernel/git/sboyd/spmi.git spmi/spmi-next
Already up to date.
Merging staging/staging-next (6abf0b2df0b1c staging: rtl8723bs: fix type issue in DYNAMIC_BB_DYNAMIC_TXPWR)
$ git merge -m Merge branch 'staging-next' of https://git.kernel.org/pub/scm/linux/kernel/git/gregkh/staging.git staging/staging-next
Auto-merging drivers/staging/rtl8723bs/core/rtw_mlme.c
Merge made by the 'ort' strategy.
 .../cavium-octeon/executive/cvmx-helper-util.c     |   2 +-
 arch/mips/cavium-octeon/executive/cvmx-helper.c    |   8 +-
 arch/mips/cavium-octeon/executive/cvmx-pko.c       |   6 +-
 arch/mips/cavium-octeon/executive/cvmx-spi.c       |  16 +-
 arch/mips/include/asm/octeon/cvmx-helper-util.h    |   2 +-
 arch/mips/include/asm/octeon/cvmx-helper.h         |   6 +-
 arch/mips/include/asm/octeon/cvmx-pip.h            |   6 +-
 arch/mips/include/asm/octeon/cvmx-pko.h            |  26 +--
 arch/mips/include/asm/octeon/cvmx-pow.h            |  12 +-
 arch/mips/include/asm/octeon/cvmx-spi.h            |  38 ++--
 drivers/staging/fbtft/fb_ssd1351.c                 |   3 +-
 drivers/staging/fbtft/fbtft-core.c                 |   3 +-
 drivers/staging/fbtft/fbtft-io.c                   |   7 -
 drivers/staging/fbtft/fbtft.h                      |   1 -
 .../greybus/Documentation/firmware/authenticate.c  |   2 +-
 .../greybus/Documentation/sysfs-bus-greybus        |   2 +-
 drivers/staging/most/dim2/dim2.c                   |   6 +-
 drivers/staging/most/dim2/errors.h                 |   2 +-
 drivers/staging/most/dim2/hal.c                    |   2 +-
 drivers/staging/most/dim2/hal.h                    |   2 +-
 drivers/staging/most/dim2/reg.h                    |   2 +-
 drivers/staging/most/dim2/sysfs.h                  |   2 +-
 drivers/staging/most/net/net.c                     |  18 +-
 drivers/staging/most/video/video.c                 |  23 +--
 drivers/staging/nvec/nvec.c                        |   8 +-
 drivers/staging/octeon/ethernet.c                  |   6 +-
 drivers/staging/octeon/octeon-stubs.h              |  48 ++---
 drivers/staging/rtl8723bs/core/rtw_ap.c            |  90 ++-------
 drivers/staging/rtl8723bs/core/rtw_btcoex.c        |  15 +-
 drivers/staging/rtl8723bs/core/rtw_cmd.c           |  12 +-
 drivers/staging/rtl8723bs/core/rtw_efuse.c         |  25 ++-
 drivers/staging/rtl8723bs/core/rtw_ieee80211.c     |   3 +-
 drivers/staging/rtl8723bs/core/rtw_io.c            |  20 +-
 drivers/staging/rtl8723bs/core/rtw_ioctl_set.c     |  58 +++---
 drivers/staging/rtl8723bs/core/rtw_mlme.c          |  46 ++---
 drivers/staging/rtl8723bs/core/rtw_mlme_ext.c      | 118 ++---------
 drivers/staging/rtl8723bs/core/rtw_pwrctrl.c       |   2 +-
 drivers/staging/rtl8723bs/core/rtw_recv.c          | 156 ++++-----------
 drivers/staging/rtl8723bs/core/rtw_security.c      | 221 ++++++++++-----------
 drivers/staging/rtl8723bs/core/rtw_sta_mgt.c       |   3 +-
 drivers/staging/rtl8723bs/core/rtw_wlan_util.c     |  57 ++----
 drivers/staging/rtl8723bs/core/rtw_xmit.c          | 183 +++++++++--------
 drivers/staging/rtl8723bs/hal/HalBtc8723b1Ant.c    |  58 +++---
 drivers/staging/rtl8723bs/hal/HalBtc8723b1Ant.h    |  18 +-
 drivers/staging/rtl8723bs/hal/HalBtc8723b2Ant.c    |  27 ++-
 drivers/staging/rtl8723bs/hal/HalBtc8723b2Ant.h    |  16 +-
 drivers/staging/rtl8723bs/hal/HalBtcOutSrc.h       |  10 +-
 drivers/staging/rtl8723bs/hal/HalHWImg8723B_BB.c   |  30 +--
 drivers/staging/rtl8723bs/hal/HalHWImg8723B_MAC.c  |  24 +--
 drivers/staging/rtl8723bs/hal/HalHWImg8723B_MAC.h  |  12 +-
 drivers/staging/rtl8723bs/hal/HalHWImg8723B_RF.c   |  24 +--
 drivers/staging/rtl8723bs/hal/HalHWImg8723B_RF.h   |  20 +-
 drivers/staging/rtl8723bs/hal/HalPhyRf_8723B.c     |  32 ++-
 drivers/staging/rtl8723bs/hal/hal_btcoex.c         |  25 +--
 drivers/staging/rtl8723bs/hal/hal_com.c            |  83 ++------
 drivers/staging/rtl8723bs/hal/hal_com_phycfg.c     |  21 +-
 drivers/staging/rtl8723bs/hal/hal_intf.c           |  45 +----
 drivers/staging/rtl8723bs/hal/hal_pwr_seq.c        |  18 +-
 drivers/staging/rtl8723bs/hal/odm.c                |  72 ++-----
 drivers/staging/rtl8723bs/hal/odm.h                |  54 +++--
 drivers/staging/rtl8723bs/hal/odm_CfoTracking.c    |   2 +-
 drivers/staging/rtl8723bs/hal/odm_DIG.c            |  54 +++--
 drivers/staging/rtl8723bs/hal/odm_DIG.h            |   4 +-
 .../rtl8723bs/hal/odm_DynamicBBPowerSaving.c       |  12 +-
 drivers/staging/rtl8723bs/hal/odm_HWConfig.c       |   4 +-
 drivers/staging/rtl8723bs/hal/odm_RegDefine11N.h   |   4 +-
 drivers/staging/rtl8723bs/hal/odm_interface.h      |   8 -
 drivers/staging/rtl8723bs/hal/odm_types.h          |   6 -
 drivers/staging/rtl8723bs/hal/rtl8723b_cmd.c       |  34 ++--
 drivers/staging/rtl8723bs/hal/rtl8723b_dm.c        |  14 +-
 drivers/staging/rtl8723bs/hal/rtl8723b_hal_init.c  | 105 +++++-----
 drivers/staging/rtl8723bs/hal/rtl8723b_phycfg.c    |  67 +++----
 drivers/staging/rtl8723bs/hal/rtl8723b_rf6052.c    |   9 +-
 drivers/staging/rtl8723bs/hal/rtl8723bs_recv.c     |   2 +-
 drivers/staging/rtl8723bs/hal/rtl8723bs_xmit.c     |  14 +-
 drivers/staging/rtl8723bs/hal/sdio_halinit.c       |  79 +++-----
 drivers/staging/rtl8723bs/hal/sdio_ops.c           | 152 ++------------
 drivers/staging/rtl8723bs/include/HalVerDef.h      |  85 --------
 drivers/staging/rtl8723bs/include/cmd_osdep.h      |   1 -
 drivers/staging/rtl8723bs/include/drv_types.h      |   9 +-
 drivers/staging/rtl8723bs/include/hal_com.h        |   3 -
 drivers/staging/rtl8723bs/include/hal_com_reg.h    | 104 +++++-----
 drivers/staging/rtl8723bs/include/hal_data.h       |   6 +-
 drivers/staging/rtl8723bs/include/hal_intf.h       |  29 +--
 drivers/staging/rtl8723bs/include/hal_phy.h        |   4 +-
 drivers/staging/rtl8723bs/include/hal_pwr_seq.h    | 182 ++++++++---------
 drivers/staging/rtl8723bs/include/ieee80211.h      |  54 ++---
 drivers/staging/rtl8723bs/include/osdep_service.h  |  56 ------
 drivers/staging/rtl8723bs/include/rtl8192c_recv.h  |   1 -
 drivers/staging/rtl8723bs/include/rtl8723b_dm.h    |   1 -
 drivers/staging/rtl8723bs/include/rtl8723b_hal.h   |   3 +-
 drivers/staging/rtl8723bs/include/rtl8723b_recv.h  |   2 +-
 drivers/staging/rtl8723bs/include/rtl8723b_spec.h  |  88 ++++----
 drivers/staging/rtl8723bs/include/rtw_btcoex.h     |  11 +-
 drivers/staging/rtl8723bs/include/rtw_cmd.h        |   6 +-
 drivers/staging/rtl8723bs/include/rtw_efuse.h      |  14 +-
 drivers/staging/rtl8723bs/include/rtw_ht.h         |  16 +-
 drivers/staging/rtl8723bs/include/rtw_io.h         |  16 --
 drivers/staging/rtl8723bs/include/rtw_ioctl_set.h  |   1 -
 drivers/staging/rtl8723bs/include/rtw_mlme.h       |   6 +-
 drivers/staging/rtl8723bs/include/rtw_mlme_ext.h   |  17 +-
 drivers/staging/rtl8723bs/include/rtw_pwrctrl.h    |   4 +-
 drivers/staging/rtl8723bs/include/rtw_recv.h       |   8 +-
 drivers/staging/rtl8723bs/include/rtw_wifi_regd.h  |   1 -
 drivers/staging/rtl8723bs/include/rtw_xmit.h       |   1 -
 drivers/staging/rtl8723bs/include/sdio_ops.h       |   4 +-
 drivers/staging/rtl8723bs/include/sdio_ops_linux.h |   1 -
 drivers/staging/rtl8723bs/include/wifi.h           |  28 +--
 drivers/staging/rtl8723bs/include/xmit_osdep.h     |   1 -
 drivers/staging/rtl8723bs/os_dep/ioctl_cfg80211.c  |  63 +++---
 drivers/staging/rtl8723bs/os_dep/os_intfs.c        |  27 +--
 drivers/staging/rtl8723bs/os_dep/sdio_intf.c       |  20 +-
 drivers/staging/rtl8723bs/os_dep/sdio_ops_linux.c  |   4 +-
 drivers/staging/rtl8723bs/os_dep/wifi_regd.c       |  18 +-
 drivers/staging/rtl8723bs/os_dep/xmit_linux.c      |  15 +-
 drivers/staging/sm750fb/ddk750_power.c             |  17 --
 drivers/staging/sm750fb/ddk750_power.h             |   5 -
 drivers/staging/sm750fb/sm750.c                    |  42 ++--
 drivers/staging/sm750fb/sm750.h                    |  12 +-
 drivers/staging/sm750fb/sm750_accel.c              |  21 +-
 drivers/staging/sm750fb/sm750_cursor.c             |  43 ----
 drivers/staging/sm750fb/sm750_cursor.h             |   2 -
 drivers/staging/sm750fb/sm750_hw.c                 |  21 +-
 drivers/staging/vme_user/vme.c                     |  24 +--
 124 files changed, 1293 insertions(+), 2231 deletions(-)
 delete mode 100644 drivers/staging/rtl8723bs/include/HalVerDef.h
Merging counter-next/counter-next (ee4133b921a17 counter: intel-qep: Replace manual mutex logic with lock guards)
$ git merge -m Merge branch 'counter-next' of https://git.kernel.org/pub/scm/linux/kernel/git/wbg/counter.git counter-next/counter-next
Merge made by the 'ort' strategy.
 drivers/counter/intel-qep.c | 50 ++++++++++++++++-----------------------------
 1 file changed, 18 insertions(+), 32 deletions(-)
Merging mux/for-next (59b723cd2adba Linux 6.12-rc6)
$ git merge -m Merge branch 'for-next' of https://gitlab.com/peda-linux/mux.git mux/for-next
Already up to date.
Merging dmaengine/next (254f49634ee16 Linux 7.1-rc1)
$ git merge -m Merge branch 'next' of https://git.kernel.org/pub/scm/linux/kernel/git/vkoul/dmaengine.git dmaengine/next
Already up to date.
Merging cgroup/for-next (6c79fb30f5cd9 Merge branch 'for-7.2' into for-next)
$ git merge -m Merge branch 'for-next' of https://git.kernel.org/pub/scm/linux/kernel/git/tj/cgroup.git cgroup/for-next
Auto-merging include/linux/cgroup.h
Auto-merging kernel/cgroup/cgroup.c
Auto-merging tools/testing/selftests/cgroup/lib/cgroup_util.c
Auto-merging tools/testing/selftests/cgroup/test_freezer.c
Auto-merging tools/testing/selftests/cgroup/test_memcontrol.c
CONFLICT (content): Merge conflict in tools/testing/selftests/cgroup/test_memcontrol.c
Resolved 'tools/testing/selftests/cgroup/test_memcontrol.c' using previous resolution.
Automatic merge failed; fix conflicts and then commit the result.
$ git commit --no-edit -v -a
[master b9fd16d1688f8] Merge branch 'for-next' of https://git.kernel.org/pub/scm/linux/kernel/git/tj/cgroup.git
$ git diff -M --stat --summary HEAD^..
 Documentation/admin-guide/cgroup-v2.rst           |  53 ++++
 include/linux/cgroup-defs.h                       |  30 ++-
 include/linux/cgroup.h                            |  27 +-
 include/linux/cgroup_rdma.h                       |   4 +
 kernel/cgroup/cgroup.c                            | 179 ++++++------
 kernel/cgroup/cpuset-v1.c                         |   2 +-
 kernel/cgroup/cpuset.c                            |   5 +-
 kernel/cgroup/rdma.c                              | 315 +++++++++++++++++-----
 tools/testing/selftests/cgroup/lib/cgroup_util.c  |   9 +-
 tools/testing/selftests/cgroup/test_cpu.c         |   2 +-
 tools/testing/selftests/cgroup/test_cpuset_prs.sh |   2 +-
 tools/testing/selftests/cgroup/test_freezer.c     |   2 +-
 tools/testing/selftests/cgroup/test_memcontrol.c  |  53 ++--
 13 files changed, 483 insertions(+), 200 deletions(-)
Merging scsi/for-next (b71cb088b2e34 scsi: target: tcm_loop: Fix NULL ptr dereference)
$ git merge -m Merge branch 'for-next' of https://git.kernel.org/pub/scm/linux/kernel/git/jejb/scsi.git scsi/for-next
Already up to date.
Merging scsi-mkp/for-next (016d484531e31 scsi: isci: Remove unused macro scu_get_command_request_logical_port())
$ git merge -m Merge branch 'for-next' of https://git.kernel.org/pub/scm/linux/kernel/git/mkp/scsi.git scsi-mkp/for-next
Auto-merging drivers/scsi/hisi_sas/hisi_sas_v3_hw.c
Auto-merging drivers/ufs/core/ufshcd.c
Merge made by the 'ort' strategy.
 .../bindings/ufs/qcom,sa8255p-ufshc.yaml           |   6 +-
 .../devicetree/bindings/ufs/qcom,sm8650-ufshc.yaml |   3 +
 .../bindings/ufs/samsung,exynos-ufs.yaml           |   1 +
 Documentation/scsi/st.rst                          |   2 +-
 drivers/scsi/Kconfig                               |   1 -
 drivers/scsi/Makefile                              |   4 +-
 drivers/scsi/advansys.c                            |   1 -
 drivers/scsi/hisi_sas/hisi_sas_v3_hw.c             |  12 +-
 drivers/scsi/isci/scu_task_context.h               |   2 -
 drivers/scsi/libiscsi.c                            |   4 +-
 drivers/scsi/mvsas/mv_sas.h                        |   6 +-
 drivers/scsi/ncr53c8xx.c                           |   2 +-
 drivers/scsi/ncr53c8xx.h                           |   4 +-
 drivers/scsi/pm8001/pm8001_ctl.c                   |   8 +
 drivers/scsi/pm8001/pm80xx_hwi.c                   |   7 +
 drivers/scsi/scsi_scan.c                           |   2 +-
 drivers/scsi/scsi_transport_srp.c                  |  10 +-
 drivers/scsi/snic/vnic_dev.c                       |   1 -
 drivers/scsi/storvsc_drv.c                         |   8 +-
 drivers/ufs/core/ufs-sysfs.c                       |  30 ++-
 drivers/ufs/core/ufs-txeq.c                        | 287 +++++++++++++++++++++
 drivers/ufs/core/ufshcd-priv.h                     |   5 +-
 drivers/ufs/core/ufshcd.c                          | 164 +++++++-----
 drivers/ufs/host/Kconfig                           |   2 +-
 drivers/ufs/host/tc-dwc-g210-pci.c                 |   4 +-
 drivers/ufs/host/ufs-exynos.c                      | 110 ++++++++
 drivers/ufs/host/ufs-qcom.c                        |  10 +
 drivers/ufs/host/ufs-qcom.h                        |  11 +
 drivers/ufs/host/ufshcd-pci.c                      |  29 +--
 include/ufs/ufs.h                                  |   2 +
 include/ufs/ufshcd.h                               |   2 +
 31 files changed, 629 insertions(+), 111 deletions(-)
Merging vhost/linux-next (ebcff9dacaf2c vduse: avoid adding implicit padding)
$ git merge -m Merge branch 'linux-next' of https://git.kernel.org/pub/scm/linux/kernel/git/mst/vhost.git vhost/linux-next
Already up to date.
Merging rpmsg/for-next (54dacf6efe719 Merge branch 'rproc-next' into for-next)
$ git merge -m Merge branch 'for-next' of https://git.kernel.org/pub/scm/linux/kernel/git/remoteproc/linux.git rpmsg/for-next
Merge made by the 'ort' strategy.
 .../bindings/remoteproc/fsl,imx-rproc.yaml         |  3 +
 drivers/firmware/xilinx/zynqmp.c                   | 28 +++++++
 drivers/remoteproc/Kconfig                         |  1 -
 drivers/remoteproc/imx_rproc.c                     | 92 +++++++++++++++++++++-
 drivers/remoteproc/imx_rproc.h                     |  2 +
 drivers/remoteproc/xlnx_r5_remoteproc.c            | 46 ++++++++---
 include/linux/firmware/xlnx-zynqmp.h               | 21 +++++
 7 files changed, 180 insertions(+), 13 deletions(-)
Merging gpio-brgl/gpio/for-next (cccecb5cbe72d Merge tag 'ib-mfd-gpio-v7.2' of git://git.kernel.org/pub/scm/linux/kernel/git/lee/mfd into gpio/for-next)
$ git merge -m Merge branch 'gpio/for-next' of https://git.kernel.org/pub/scm/linux/kernel/git/brgl/linux.git gpio-brgl/gpio/for-next
Merge made by the 'ort' strategy.
 .../bindings/gpio/fairchild,74hc595.yaml           |  13 ++
 .../devicetree/bindings/gpio/gpio-zynq.yaml        |  17 +-
 .../devicetree/bindings/gpio/snps,dw-apb-gpio.yaml |   6 +
 .../bindings/gpio/waveshare,dsi-touch-gpio.yaml    |  73 ++++++++
 drivers/gpio/Kconfig                               |  18 +-
 drivers/gpio/Makefile                              |   1 +
 drivers/gpio/gpio-74x164.c                         |  17 +-
 drivers/gpio/gpio-altera.c                         | 124 ++++--------
 drivers/gpio/gpio-amd8111.c                        |   4 +-
 drivers/gpio/gpio-ep93xx.c                         |   3 +-
 drivers/gpio/gpio-ixp4xx.c                         |   7 +-
 drivers/gpio/gpio-pca953x.c                        |   7 +-
 drivers/gpio/gpio-regmap.c                         |  74 +++++++-
 drivers/gpio/gpio-sim.c                            |  24 +--
 drivers/gpio/gpio-timberdale.c                     |  26 +--
 drivers/gpio/gpio-usbio.c                          |   1 +
 drivers/gpio/gpio-waveshare-dsi.c                  | 208 +++++++++++++++++++++
 drivers/gpio/gpio-xilinx.c                         |   6 +-
 drivers/gpio/gpio-zevio.c                          |   4 +-
 drivers/gpio/gpio-zynq.c                           |  12 ++
 drivers/gpio/gpiolib-devres.c                      |   7 +
 drivers/gpio/gpiolib.c                             |  22 +++
 drivers/mfd/timberdale.c                           |  33 ++--
 drivers/mfd/timberdale.h                           |   1 -
 include/linux/gpio.h                               | 162 +---------------
 include/linux/gpio/consumer.h                      |  14 ++
 include/linux/gpio/legacy.h                        | 173 +++++++++++++++++
 include/linux/gpio/regmap.h                        |   7 +
 include/linux/timb_gpio.h                          |  25 ---
 29 files changed, 745 insertions(+), 344 deletions(-)
 create mode 100644 Documentation/devicetree/bindings/gpio/waveshare,dsi-touch-gpio.yaml
 create mode 100644 drivers/gpio/gpio-waveshare-dsi.c
 create mode 100644 include/linux/gpio/legacy.h
 delete mode 100644 include/linux/timb_gpio.h
Merging gpio-intel/for-next (3bb62e3f99a55 gpiolib: acpi: Only trigger ActiveBoth interrupts on boot)
$ git merge -m Merge branch 'for-next' of https://git.kernel.org/pub/scm/linux/kernel/git/andy/linux-gpio-intel.git gpio-intel/for-next
Already up to date.
Merging pinctrl/for-next (73d4991a6949e Merge branch 'devel' into for-next)
$ git merge -m Merge branch 'for-next' of https://git.kernel.org/pub/scm/linux/kernel/git/linusw/linux-pinctrl.git pinctrl/for-next
Merge made by the 'ort' strategy.
 .../pinctrl/aspeed,ast2700-soc0-pinctrl.yaml       |  188 +++
 .../bindings/pinctrl/mediatek,mt65xx-pinctrl.yaml  |    1 +
 .../bindings/pinctrl/mediatek,mt8188-pinctrl.yaml  |    5 +
 .../pinctrl/nvidia,tegra234-pinmux-aon.yaml        |    6 +-
 .../bindings/pinctrl/nvidia,tegra234-pinmux.yaml   |    6 +-
 .../bindings/pinctrl/pinctrl-multiplexer.yaml      |   57 +
 .../devicetree/bindings/pinctrl/pinctrl.yaml       |    2 +-
 .../bindings/pinctrl/qcom,eliza-tlmm.yaml          |   26 +-
 .../bindings/pinctrl/qcom,ipq4019-pinctrl.yaml     |    5 -
 .../bindings/pinctrl/qcom,ipq9650-tlmm.yaml        |  118 ++
 .../bindings/pinctrl/qcom,nord-tlmm.yaml           |  141 ++
 .../bindings/pinctrl/qcom,sdm845-pinctrl.yaml      |    5 -
 .../pinctrl/qcom,sm6350-lpass-lpi-pinctrl.yaml     |  124 ++
 .../bindings/pinctrl/qcom,tlmm-common.yaml         |    6 +
 drivers/mux/core.c                                 |   43 +-
 drivers/pinctrl/Kconfig                            |    9 +
 drivers/pinctrl/Makefile                           |    9 +-
 drivers/pinctrl/aspeed/Kconfig                     |    9 +
 drivers/pinctrl/aspeed/Makefile                    |    1 +
 drivers/pinctrl/aspeed/pinctrl-aspeed-g7-soc0.c    |  749 +++++++++
 drivers/pinctrl/bcm/pinctrl-bcm4908.c              |    2 +-
 drivers/pinctrl/bcm/pinctrl-ns.c                   |    2 +-
 drivers/pinctrl/freescale/pinctrl-imx1-core.c      |   48 +-
 drivers/pinctrl/mediatek/mtk-eint.c                |    6 +-
 drivers/pinctrl/mediatek/pinctrl-airoha.c          |    2 +-
 drivers/pinctrl/mediatek/pinctrl-moore.c           |   21 +-
 drivers/pinctrl/mediatek/pinctrl-mtk-common.c      |   13 +-
 drivers/pinctrl/mediatek/pinctrl-paris.c           |    8 +-
 drivers/pinctrl/meson/pinctrl-amlogic-a4.c         |    6 +-
 drivers/pinctrl/pinconf-generic.c                  |    7 +-
 drivers/pinctrl/pinconf.h                          |   18 +
 drivers/pinctrl/pinctrl-amd.c                      |   35 +
 drivers/pinctrl/pinctrl-equilibrium.c              |    3 +-
 drivers/pinctrl/pinctrl-generic-mux.c              |  184 ++
 drivers/pinctrl/pinctrl-generic.c                  |   95 +-
 drivers/pinctrl/pinctrl-ingenic.c                  |    3 +-
 drivers/pinctrl/pinctrl-rockchip.c                 |    2 +-
 drivers/pinctrl/pinctrl-single.c                   |    3 +-
 drivers/pinctrl/pinmux.c                           |    5 +
 drivers/pinctrl/qcom/Kconfig                       |   34 +-
 drivers/pinctrl/qcom/Kconfig.msm                   |  164 +-
 drivers/pinctrl/qcom/Makefile                      |    3 +
 drivers/pinctrl/qcom/pinctrl-apq8064.c             |    2 +-
 drivers/pinctrl/qcom/pinctrl-apq8084.c             |    2 +-
 drivers/pinctrl/qcom/pinctrl-eliza.c               |  194 ++-
 drivers/pinctrl/qcom/pinctrl-glymur.c              |    2 +-
 drivers/pinctrl/qcom/pinctrl-hawi.c                |    2 +-
 drivers/pinctrl/qcom/pinctrl-ipq4019.c             |    4 +-
 drivers/pinctrl/qcom/pinctrl-ipq6018.c             |    2 +-
 drivers/pinctrl/qcom/pinctrl-ipq8064.c             |    2 +-
 drivers/pinctrl/qcom/pinctrl-ipq8074.c             |    2 +-
 drivers/pinctrl/qcom/pinctrl-ipq9650.c             |  762 +++++++++
 drivers/pinctrl/qcom/pinctrl-kaanapali.c           |    2 +-
 drivers/pinctrl/qcom/pinctrl-lpass-lpi.c           |    2 +
 drivers/pinctrl/qcom/pinctrl-lpass-lpi.h           |   20 +
 drivers/pinctrl/qcom/pinctrl-mdm9607.c             |    2 +-
 drivers/pinctrl/qcom/pinctrl-mdm9615.c             |    2 +-
 drivers/pinctrl/qcom/pinctrl-milos.c               |    2 +-
 drivers/pinctrl/qcom/pinctrl-msm.h                 |    5 +
 drivers/pinctrl/qcom/pinctrl-msm8226.c             |    2 +-
 drivers/pinctrl/qcom/pinctrl-msm8660.c             |    2 +-
 drivers/pinctrl/qcom/pinctrl-msm8916.c             |    2 +-
 drivers/pinctrl/qcom/pinctrl-msm8953.c             |    2 +-
 drivers/pinctrl/qcom/pinctrl-msm8960.c             |    2 +-
 drivers/pinctrl/qcom/pinctrl-msm8976.c             |    2 +-
 drivers/pinctrl/qcom/pinctrl-msm8994.c             |    2 +-
 drivers/pinctrl/qcom/pinctrl-msm8996.c             |    2 +-
 drivers/pinctrl/qcom/pinctrl-msm8998.c             |    2 +-
 drivers/pinctrl/qcom/pinctrl-msm8x74.c             |    2 +-
 drivers/pinctrl/qcom/pinctrl-nord.c                | 1770 ++++++++++++++++++++
 drivers/pinctrl/qcom/pinctrl-qcm2290.c             |   25 +-
 drivers/pinctrl/qcom/pinctrl-qcs404.c              |    2 +-
 drivers/pinctrl/qcom/pinctrl-qcs615.c              |    8 +-
 drivers/pinctrl/qcom/pinctrl-qdu1000.c             |    6 -
 drivers/pinctrl/qcom/pinctrl-sc7180.c              |    2 +-
 drivers/pinctrl/qcom/pinctrl-sc7280.c              |    2 +-
 drivers/pinctrl/qcom/pinctrl-sdm660.c              |    2 +-
 drivers/pinctrl/qcom/pinctrl-sdm845.c              |    2 +-
 drivers/pinctrl/qcom/pinctrl-sdx55.c               |    2 +-
 drivers/pinctrl/qcom/pinctrl-sdx65.c               |    2 +-
 drivers/pinctrl/qcom/pinctrl-sm4450.c              |    7 -
 drivers/pinctrl/qcom/pinctrl-sm6115.c              |    2 +-
 drivers/pinctrl/qcom/pinctrl-sm6125.c              |    2 +-
 drivers/pinctrl/qcom/pinctrl-sm6350-lpass-lpi.c    |  149 ++
 drivers/pinctrl/qcom/pinctrl-sm6350.c              |    2 +-
 drivers/pinctrl/qcom/pinctrl-sm6375.c              |    2 +-
 drivers/pinctrl/qcom/pinctrl-sm8150.c              |   10 +-
 drivers/pinctrl/qcom/pinctrl-sm8250.c              |    2 +-
 drivers/pinctrl/qcom/pinctrl-sm8350.c              |    2 +-
 drivers/pinctrl/qcom/pinctrl-sm8450.c              |    2 +-
 drivers/pinctrl/qcom/pinctrl-sm8550.c              |    2 +-
 drivers/pinctrl/qcom/pinctrl-sm8650.c              |    2 +-
 drivers/pinctrl/qcom/pinctrl-sm8750.c              |    2 +-
 drivers/pinctrl/qcom/pinctrl-ssbi-gpio.c           |   10 +-
 drivers/pinctrl/qcom/pinctrl-x1e80100.c            |    2 +-
 drivers/pinctrl/realtek/Kconfig                    |   12 +-
 drivers/pinctrl/realtek/pinctrl-rtd.c              |   12 +-
 drivers/pinctrl/sophgo/pinctrl-cv18xx.c            |   14 +-
 drivers/pinctrl/starfive/pinctrl-starfive-jh7110.c |   12 +-
 drivers/pinctrl/starfive/pinctrl-starfive-jh7110.h |    2 +-
 drivers/pinctrl/sunxi/pinctrl-sunxi.c              |    2 +-
 drivers/pinctrl/tegra/Kconfig                      |   22 +-
 drivers/pinctrl/vt8500/Kconfig                     |   13 +-
 .../dt-bindings/pinctrl/mediatek,mt6392-pinfunc.h  |   39 +
 include/linux/mux/consumer.h                       |    8 +-
 include/linux/pinctrl/pinmux.h                     |    5 +
 106 files changed, 5006 insertions(+), 359 deletions(-)
 create mode 100644 Documentation/devicetree/bindings/pinctrl/aspeed,ast2700-soc0-pinctrl.yaml
 create mode 100644 Documentation/devicetree/bindings/pinctrl/pinctrl-multiplexer.yaml
 create mode 100644 Documentation/devicetree/bindings/pinctrl/qcom,ipq9650-tlmm.yaml
 create mode 100644 Documentation/devicetree/bindings/pinctrl/qcom,nord-tlmm.yaml
 create mode 100644 Documentation/devicetree/bindings/pinctrl/qcom,sm6350-lpass-lpi-pinctrl.yaml
 create mode 100644 drivers/pinctrl/aspeed/pinctrl-aspeed-g7-soc0.c
 create mode 100644 drivers/pinctrl/pinctrl-generic-mux.c
 create mode 100644 drivers/pinctrl/qcom/pinctrl-ipq9650.c
 create mode 100644 drivers/pinctrl/qcom/pinctrl-nord.c
 create mode 100644 drivers/pinctrl/qcom/pinctrl-sm6350-lpass-lpi.c
 create mode 100644 include/dt-bindings/pinctrl/mediatek,mt6392-pinfunc.h
Merging pinctrl-intel/for-next (2b9ef70d3abe1 pinctrl: intel: move PWM base computation past feature check)
$ git merge -m Merge branch 'for-next' of https://git.kernel.org/pub/scm/linux/kernel/git/pinctrl/intel.git pinctrl-intel/for-next
Merge made by the 'ort' strategy.
 drivers/pinctrl/intel/pinctrl-intel.c | 3 ++-
 1 file changed, 2 insertions(+), 1 deletion(-)
Merging pinctrl-renesas/renesas-pinctrl (c7c8352fe569d pinctrl: renesas: sh-pfc: Implement .pin_config_group_get() callback)
$ git merge -m Merge branch 'renesas-pinctrl' of https://git.kernel.org/pub/scm/linux/kernel/git/geert/renesas-drivers.git pinctrl-renesas/renesas-pinctrl
Merge made by the 'ort' strategy.
 drivers/pinctrl/renesas/pinctrl-rzg2l.c | 577 ++++++++++++++++++++++++++++++--
 drivers/pinctrl/renesas/pinctrl-rzv2m.c |   3 +-
 drivers/pinctrl/renesas/pinctrl.c       |  25 ++
 3 files changed, 583 insertions(+), 22 deletions(-)
Merging pinctrl-samsung/for-next (254f49634ee16 Linux 7.1-rc1)
$ git merge -m Merge branch 'for-next' of https://git.kernel.org/pub/scm/linux/kernel/git/pinctrl/samsung.git pinctrl-samsung/for-next
Already up to date.
Merging pwm/pwm/for-next (b1385d0c7b7c6 Merge branch 'pwm/fixes' of https://git.kernel.org/pub/scm/linux/kernel/git/ukleinek/linux)
$ git merge -m Merge branch 'pwm/for-next' of https://git.kernel.org/pub/scm/linux/kernel/git/ukleinek/linux.git pwm/pwm/for-next
Merge made by the 'ort' strategy.
 .../devicetree/bindings/pwm/marvell,pxa-pwm.yaml   |  41 +++-
 .../devicetree/bindings/pwm/qcom,ipq6018-pwm.yaml  |  51 ++++
 drivers/pwm/Kconfig                                |  12 +
 drivers/pwm/Makefile                               |   1 +
 drivers/pwm/pwm-atmel-tcb.c                        |   2 +-
 drivers/pwm/pwm-dwc.c                              |   2 +-
 drivers/pwm/pwm-ipq.c                              | 264 +++++++++++++++++++++
 drivers/pwm/pwm-lpss-pci.c                         |  18 +-
 drivers/pwm/pwm-pxa.c                              |   8 +-
 drivers/pwm/pwm-stm32.c                            |  27 +--
 10 files changed, 389 insertions(+), 37 deletions(-)
 create mode 100644 Documentation/devicetree/bindings/pwm/qcom,ipq6018-pwm.yaml
 create mode 100644 drivers/pwm/pwm-ipq.c
Merging ktest/for-next (932cdaf3e273a ktest: Add logfile to failure directory)
$ git merge -m Merge branch 'for-next' of https://git.kernel.org/pub/scm/linux/kernel/git/rostedt/linux-ktest.git ktest/for-next
Already up to date.
Merging kselftest/next (5f4974231fb36 kselftest: fix doc for ksft_test_result_report())
$ git merge -m Merge branch 'next' of https://git.kernel.org/pub/scm/linux/kernel/git/shuah/linux-kselftest.git kselftest/next
Auto-merging tools/testing/selftests/kselftest.h
Merge made by the 'ort' strategy.
 Documentation/dev-tools/kselftest.rst         |  12 +++
 tools/testing/selftests/kselftest.h           |   4 +-
 tools/testing/selftests/resctrl/cache.c       |  30 +++---
 tools/testing/selftests/resctrl/cat_test.c    |  41 ++------
 tools/testing/selftests/resctrl/cmt_test.c    |  36 ++++++-
 tools/testing/selftests/resctrl/fill_buf.c    |   4 +-
 tools/testing/selftests/resctrl/mba_test.c    |   6 +-
 tools/testing/selftests/resctrl/mbm_test.c    |   6 +-
 tools/testing/selftests/resctrl/resctrl.h     |  20 ++--
 tools/testing/selftests/resctrl/resctrl_val.c | 141 +++++++++++++++++++-------
 10 files changed, 196 insertions(+), 104 deletions(-)
Merging kunit/test (254f49634ee16 Linux 7.1-rc1)
$ git merge -m Merge branch 'test' of https://git.kernel.org/pub/scm/linux/kernel/git/shuah/linux-kselftest.git kunit/test
Already up to date.
Merging kunit-next/kunit (5c1553dd5db30 kunit: Add documentation for warning backtrace suppression API)
$ git merge -m Merge branch 'kunit' of https://git.kernel.org/pub/scm/linux/kernel/git/shuah/linux-kselftest.git kunit-next/kunit
Merge made by the 'ort' strategy.
 Documentation/dev-tools/kunit/usage.rst     |  46 ++++++-
 drivers/gpu/drm/tests/drm_rect_test.c       |  46 ++++++-
 include/kunit/test-bug.h                    |  26 ++++
 include/kunit/test.h                        |  98 ++++++++++++++
 kernel/panic.c                              |  11 ++
 lib/bug.c                                   |  14 +-
 lib/kunit/Makefile                          |   4 +-
 lib/kunit/backtrace-suppression-test.c      | 198 ++++++++++++++++++++++++++++
 lib/kunit/bug.c                             | 120 +++++++++++++++++
 lib/kunit/hooks-impl.h                      |   2 +
 scripts/clang-tools/gen_compile_commands.py |   2 +
 tools/testing/kunit/kunit_kernel.py         |   2 +-
 tools/testing/kunit/kunit_parser.py         |   2 +-
 tools/testing/kunit/qemu_configs/or1k.py    |  18 +++
 14 files changed, 577 insertions(+), 12 deletions(-)
 create mode 100644 lib/kunit/backtrace-suppression-test.c
 create mode 100644 lib/kunit/bug.c
 create mode 100644 tools/testing/kunit/qemu_configs/or1k.py
Merging livepatching/for-next (8f7168335cb2e selftests: livepatch: Check if stack_order sysfs attribute exists)
$ git merge -m Merge branch 'for-next' of https://git.kernel.org/pub/scm/linux/kernel/git/livepatching/livepatching.git livepatching/for-next
Merge made by the 'ort' strategy.
 tools/testing/selftests/livepatch/functions.sh     |  10 +
 tools/testing/selftests/livepatch/test-kprobe.sh   |   8 +-
 tools/testing/selftests/livepatch/test-sysfs.sh    | 213 +++++++++++----------
 .../livepatch/test_modules/test_klp_syscall.c      |  27 ++-
 4 files changed, 150 insertions(+), 108 deletions(-)
Merging rtc/rtc-next (b72386864481c rtc: ab8500: replace sprintf() with sysfs_emit())
$ git merge -m Merge branch 'rtc-next' of https://git.kernel.org/pub/scm/linux/kernel/git/abelloni/linux.git rtc/rtc-next
Merge made by the 'ort' strategy.
 drivers/rtc/rtc-ab8500.c | 3 +--
 1 file changed, 1 insertion(+), 2 deletions(-)
Merging nvdimm/libnvdimm-for-next (45df9111692c6 dax/fsdev: fix uninitialized kaddr in fsdev_dax_zero_page_range())
$ git merge -m Merge branch 'libnvdimm-for-next' of https://git.kernel.org/pub/scm/linux/kernel/git/nvdimm/nvdimm.git nvdimm/libnvdimm-for-next
Already up to date.
Merging at24/at24/for-next (254f49634ee16 Linux 7.1-rc1)
$ git merge -m Merge branch 'at24/for-next' of https://git.kernel.org/pub/scm/linux/kernel/git/brgl/linux.git at24/at24/for-next
Already up to date.
Merging ntb/ntb-next (7b3302c687cae ntb_hw_amd: Fix incorrect debug message in link disable path)
$ git merge -m Merge branch 'ntb-next' of https://github.com/jonmason/ntb.git ntb/ntb-next
Merge made by the 'ort' strategy.
 drivers/ntb/hw/amd/ntb_hw_amd.c | 2 +-
 1 file changed, 1 insertion(+), 1 deletion(-)
Merging seccomp/for-next/seccomp (41fa043273841 selftests/seccomp: Add hard-coded __NR_uprobe for x86_64)
$ git merge -m Merge branch 'for-next/seccomp' of https://git.kernel.org/pub/scm/linux/kernel/git/kees/linux.git seccomp/for-next/seccomp
Already up to date.
Merging slimbus/for-next (6de23f81a5e08 Linux 7.0-rc1)
$ git merge -m Merge branch 'for-next' of https://git.kernel.org/pub/scm/linux/kernel/git/srini/slimbus.git slimbus/for-next
Already up to date.
Merging nvmem/for-next (8d48419d141cb Merge branches 'nvmem-fixes' and 'nvmem-for-7.1' into nvmem-for-next)
$ git merge -m Merge branch 'for-next' of https://git.kernel.org/pub/scm/linux/kernel/git/srini/nvmem.git nvmem/for-next
Merge made by the 'ort' strategy.
Merging hyperv/hyperv-next (5170a82e89211 x86/hyperv: Skip LP/VP creation on kexec)
$ git merge -m Merge branch 'hyperv-next' of https://git.kernel.org/pub/scm/linux/kernel/git/hyperv/linux.git hyperv/hyperv-next
Already up to date.
Merging auxdisplay/for-next (4dc76c305a73b auxdisplay: Kconfig: drop unneeded quotes in PANEL_BOOT_MESSAGE dep)
$ git merge -m Merge branch 'for-next' of https://git.kernel.org/pub/scm/linux/kernel/git/andy/linux-auxdisplay.git auxdisplay/for-next
Merge made by the 'ort' strategy.
 drivers/auxdisplay/Kconfig        | 2 +-
 drivers/auxdisplay/line-display.c | 2 +-
 drivers/auxdisplay/max6959.c      | 5 +----
 3 files changed, 3 insertions(+), 6 deletions(-)
Merging kgdb/kgdb/for-next (fdbdd0ccb30af kdb: remove redundant check for scancode 0xe0)
$ git merge -m Merge branch 'kgdb/for-next' of https://git.kernel.org/pub/scm/linux/kernel/git/danielt/linux.git kgdb/kgdb/for-next
Already up to date.
Merging hmm/hmm (19272b37aa4f8 Linux 6.16-rc1)
$ git merge -m Merge branch 'hmm' of https://git.kernel.org/pub/scm/linux/kernel/git/rdma/rdma.git hmm/hmm
Already up to date.
Merging cfi/cfi/next (254f49634ee16 Linux 7.1-rc1)
$ git merge -m Merge branch 'cfi/next' of https://git.kernel.org/pub/scm/linux/kernel/git/mtd/linux.git cfi/cfi/next
Already up to date.
Merging mhi/mhi-next (519ddf194b158 bus: mhi: ep: Protect mhi_ep_handle_syserr() in the error path)
$ git merge -m Merge branch 'mhi-next' of https://git.kernel.org/pub/scm/linux/kernel/git/mani/mhi.git mhi/mhi-next
Merge made by the 'ort' strategy.
 drivers/bus/mhi/ep/main.c          | 11 +++++++----
 drivers/bus/mhi/host/pci_generic.c | 16 +++++++++++++++-
 2 files changed, 22 insertions(+), 5 deletions(-)
$ git am -3 ../patches/0001-fix-up-for-net-qrtr-Drop-the-MHI-auto_queue-feature-.patch
Applying: fix up for "net: qrtr: Drop the MHI auto_queue feature for IPCR DL channels"
Using index info to reconstruct a base tree...
M	drivers/net/wireless/ath/ath12k/wifi7/mhi.c
Falling back to patching base and 3-way merge...
No changes -- Patch already applied.
Merging memblock/for-next (d5759519805c5 x86/alternative: delay freeing of smp_locks section)
$ git merge -m Merge branch 'for-next' of https://git.kernel.org/pub/scm/linux/kernel/git/rppt/memblock.git memblock/for-next
Already up to date.
Merging cxl/next (6c724ce0ec6ed Merge branch 'for-7.1/cxl-misc' into cxl-for-next)
$ git merge -m Merge branch 'next' of https://git.kernel.org/pub/scm/linux/kernel/git/cxl/cxl.git cxl/next
Already up to date.
Merging zstd/zstd-next (65d1f5507ed2c zstd: Import upstream v1.5.7)
$ git merge -m Merge branch 'zstd-next' of https://github.com/terrelln/linux.git zstd/zstd-next
Already up to date.
Merging efi/next (48a4282157823 efi/capsule-loader: fix incorrect sizeof in phys array reallocation)
$ git merge -m Merge branch 'next' of https://git.kernel.org/pub/scm/linux/kernel/git/efi/efi.git efi/next
Already up to date.
Merging unicode/for-next (bcfee135d5847 utf8: Remove unused utf8_normalize)
$ git merge -m Merge branch 'for-next' of https://git.kernel.org/pub/scm/linux/kernel/git/krisman/unicode.git unicode/for-next
Auto-merging fs/unicode/utf8-core.c
Merge made by the 'ort' strategy.
 fs/unicode/utf8-core.c  | 22 ----------------------
 include/linux/unicode.h |  3 ---
 2 files changed, 25 deletions(-)
Merging slab/slab/for-next (7140d88bb8233 Merge branch 'slab/for-7.2/alloc_token' into slab/for-next)
$ git merge -m Merge branch 'slab/for-next' of https://git.kernel.org/pub/scm/linux/kernel/git/vbabka/slab.git slab/slab/for-next
Auto-merging Makefile
Auto-merging include/linux/slab.h
Auto-merging init/Kconfig
Auto-merging mm/Kconfig
Auto-merging mm/kfence/kfence_test.c
Auto-merging mm/slab_common.c
Auto-merging mm/slub.c
Merge made by the 'ort' strategy.
 Makefile                            |   5 +
 include/linux/instruction_pointer.h |  24 ++
 include/linux/percpu.h              |   2 +-
 include/linux/slab.h                | 318 +++++++++++++++++------
 init/Kconfig                        |   3 +
 kernel/configs/hardening.config     |   2 +-
 mm/Kconfig                          |  73 +++++-
 mm/kfence/kfence_test.c             |   4 +-
 mm/slab.h                           |   4 +-
 mm/slab_common.c                    |  52 ++--
 mm/slub.c                           | 505 ++++++++++++++++--------------------
 11 files changed, 596 insertions(+), 396 deletions(-)
Merging random/master (bb9ff576fdff4 virt: vmgenid: remap memory as decrypted)
$ git merge -m Merge branch 'master' of https://git.kernel.org/pub/scm/linux/kernel/git/crng/random.git random/master
Merge made by the 'ort' strategy.
 drivers/virt/vmgenid.c | 3 ++-
 1 file changed, 2 insertions(+), 1 deletion(-)
Merging landlock/next (9c5b83756e7b7 landlock: Demonstrate best-effort allowed_access filtering)
$ git merge -m Merge branch 'next' of https://git.kernel.org/pub/scm/linux/kernel/git/mic/linux.git landlock/next
Merge made by the 'ort' strategy.
 Documentation/userspace-api/landlock.rst           |  48 +++++----
 security/landlock/domain.c                         |   9 +-
 security/landlock/domain.h                         |   5 +-
 tools/testing/selftests/landlock/audit.h           | 119 +++++++++++++++------
 tools/testing/selftests/landlock/audit_test.c      |   2 +
 tools/testing/selftests/landlock/ptrace_test.c     |   1 +
 .../selftests/landlock/scoped_abstract_unix_test.c |   1 +
 7 files changed, 126 insertions(+), 59 deletions(-)
Merging sysctl/sysctl-next (f63a9df7e3f9f sysctl: fix uninitialized variable in proc_do_large_bitmap)
$ git merge -m Merge branch 'sysctl-next' of https://git.kernel.org/pub/scm/linux/kernel/git/sysctl/sysctl.git sysctl/sysctl-next
Already up to date.
Merging execve/for-next/execve (9bf092c97b86a sched: update task_struct->comm comment)
$ git merge -m Merge branch 'for-next/execve' of https://git.kernel.org/pub/scm/linux/kernel/git/kees/linux.git execve/for-next/execve
Already up to date.
Merging bitmap/bitmap-for-next (1f9b1c892339a bitops: use common function parameter names)
$ git merge -m Merge branch 'bitmap-for-next' of https://github.com/norov/linux.git bitmap/bitmap-for-next
Auto-merging drivers/iio/magnetometer/yamaha-yas530.c
Auto-merging drivers/iio/pressure/bmp280-core.c
Merge made by the 'ort' strategy.
 arch/x86/include/asm/extable_fixup_types.h         | 13 ++++------
 arch/x86/mm/extable.c                              |  2 +-
 drivers/iio/adc/intel_dc_ti_adc.c                  |  4 ++--
 drivers/iio/magnetometer/yamaha-yas530.c           | 12 +++++-----
 drivers/iio/pressure/bmp280-core.c                 |  2 +-
 drivers/iio/temperature/mcp9600.c                  |  2 +-
 drivers/net/wireless/realtek/rtw89/rtw8852a_rfk.c  |  4 ++--
 .../net/wireless/realtek/rtw89/rtw8852b_common.c   |  4 ++--
 drivers/net/wireless/realtek/rtw89/rtw8852b_rfk.c  |  4 ++--
 drivers/net/wireless/realtek/rtw89/rtw8852c.c      |  4 ++--
 drivers/ptp/ptp_fc3.c                              |  4 ++--
 drivers/rtc/rtc-rv3032.c                           |  2 +-
 include/asm-generic/bitops/lock.h                  | 28 +++++++++++-----------
 include/linux/bitfield.h                           | 16 +++++++++++++
 14 files changed, 56 insertions(+), 45 deletions(-)
Merging hte/for-next (005b25ad11717 hte: tegra194: Add Tegra264 GTE support)
$ git merge -m Merge branch 'for-next' of https://git.kernel.org/pub/scm/linux/kernel/git/pateldipen1984/linux.git hte/for-next
Already up to date.
Merging kspp/for-next/kspp (9a21dcb870e13 Merge branches 'for-linus/hardening' and 'for-next/hardening' into for-next/kspp)
$ git merge -m Merge branch 'for-next/kspp' of https://git.kernel.org/pub/scm/linux/kernel/git/kees/linux.git kspp/for-next/kspp
Auto-merging MAINTAINERS
Merge made by the 'ort' strategy.
 MAINTAINERS            |  2 +-
 include/linux/stddef.h | 65 ++++++++++++++++++++++++++++++++++++++++++++++++++
 lib/string_helpers.c   |  8 +++----
 3 files changed, 70 insertions(+), 5 deletions(-)
Merging nolibc/for-next (2ee39c5fb3a0c selftests/nolibc: test open mode handling)
$ git merge -m Merge branch 'for-next' of https://git.kernel.org/pub/scm/linux/kernel/git/nolibc/linux-nolibc.git nolibc/for-next
Merge made by the 'ort' strategy.
 tools/include/nolibc/Makefile                  |   4 +-
 tools/include/nolibc/alloca.h                  |  15 ++
 tools/include/nolibc/arch-arm.h                |   2 +-
 tools/include/nolibc/arch-arm64.h              |   2 +-
 tools/include/nolibc/arch-loongarch.h          |   2 +-
 tools/include/nolibc/arch-m68k.h               |   2 +-
 tools/include/nolibc/arch-mips.h               |  96 +++++++------
 tools/include/nolibc/arch-openrisc.h           | 160 +++++++++++++++++++++
 tools/include/nolibc/arch-parisc.h             | 185 +++++++++++++++++++++++++
 tools/include/nolibc/arch-powerpc.h            |   8 +-
 tools/include/nolibc/arch-riscv.h              |   2 +-
 tools/include/nolibc/arch-s390.h               |   2 +-
 tools/include/nolibc/arch-sh.h                 |   2 +-
 tools/include/nolibc/arch-sparc.h              |   2 +-
 tools/include/nolibc/arch-x86.h                |  74 +++++-----
 tools/include/nolibc/arch.h                    |   4 +
 tools/include/nolibc/assert.h                  |  36 +++++
 tools/include/nolibc/compiler.h                |   4 +-
 tools/include/nolibc/crt.h                     |   8 +-
 tools/include/nolibc/fcntl.h                   |  45 +++---
 tools/include/nolibc/nolibc.h                  |   2 +
 tools/include/nolibc/stackprotector.h          |   2 +-
 tools/include/nolibc/sys.h                     |  32 ++++-
 tools/include/nolibc/sys/mman.h                |   6 +-
 tools/testing/selftests/nolibc/Makefile.nolibc |  50 ++-----
 tools/testing/selftests/nolibc/nolibc-test.c   | 118 +++++++++++++++-
 tools/testing/selftests/nolibc/run-tests.sh    |  10 +-
 27 files changed, 702 insertions(+), 173 deletions(-)
 create mode 100644 tools/include/nolibc/alloca.h
 create mode 100644 tools/include/nolibc/arch-openrisc.h
 create mode 100644 tools/include/nolibc/arch-parisc.h
 create mode 100644 tools/include/nolibc/assert.h
Merging iommufd/for-next (254f49634ee16 Linux 7.1-rc1)
$ git merge -m Merge branch 'for-next' of https://git.kernel.org/pub/scm/linux/kernel/git/jgg/iommufd.git iommufd/for-next
Already up to date.
Merging turbostat/next (d052a81a8a23c tools/power turbostat: Cleanup: bool force_load)
$ git merge -m Merge branch 'next' of https://git.kernel.org/pub/scm/linux/kernel/git/lenb/linux.git turbostat/next
Merge made by the 'ort' strategy.
 tools/power/x86/turbostat/turbostat.8 |   6 +-
 tools/power/x86/turbostat/turbostat.c | 627 ++++++++++++++++++----------------
 2 files changed, 329 insertions(+), 304 deletions(-)
Merging pwrseq/pwrseq/for-next (513f49c33e91e power: sequencing: print power sequencing device parent in debugfs)
$ git merge -m Merge branch 'pwrseq/for-next' of https://git.kernel.org/pub/scm/linux/kernel/git/brgl/linux.git pwrseq/pwrseq/for-next
Merge made by the 'ort' strategy.
 drivers/power/sequencing/core.c | 2 +-
 1 file changed, 1 insertion(+), 1 deletion(-)
Merging capabilities-next/caps-next (0715881360074 ipc: don't audit capability check in ipc_permissions())
$ git merge -m Merge branch 'caps-next' of https://git.kernel.org/pub/scm/linux/kernel/git/sergeh/linux.git capabilities-next/caps-next
Already up to date.
$ git am -3 ../patches/0001-sign-file-Fix-up-merge-issue.patch
Applying: sign-file: Fix up merge issue
Using index info to reconstruct a base tree...
M	scripts/sign-file.c
Falling back to patching base and 3-way merge...
Auto-merging scripts/sign-file.c
No changes -- Patch already applied.
Merging ipe/next (028ef9c96e961 Linux 7.0)
$ git merge -m Merge branch 'next' of https://git.kernel.org/pub/scm/linux/kernel/git/wufan/ipe.git ipe/next
Already up to date.
Merging kcsan/next (07a1a6562ce29 kcsan: Silence -Wmaybe-uninitialized when calling __kcsan_check_access())
$ git merge -m Merge branch 'next' of https://git.kernel.org/pub/scm/linux/kernel/git/melver/linux.git kcsan/next
Merge made by the 'ort' strategy.
 include/linux/kcsan-checks.h | 6 +++---
 1 file changed, 3 insertions(+), 3 deletions(-)
Merging crc/crc-next (254f49634ee16 Linux 7.1-rc1)
$ git merge -m Merge branch 'crc-next' of https://git.kernel.org/pub/scm/linux/kernel/git/ebiggers/linux.git crc/crc-next
Already up to date.
Merging keys-next/keys-next (965e9a2cf23b0 pkcs7: Change a pr_warn() to pr_warn_once())
$ git merge -m Merge branch 'keys-next' of https://git.kernel.org/pub/scm/linux/kernel/git/dhowells/linux-fs.git keys-next/keys-next
Already up to date.
Merging fwctl/for-next (254f49634ee16 Linux 7.1-rc1)
$ git merge -m Merge branch 'for-next' of https://git.kernel.org/pub/scm/linux/kernel/git/fwctl/fwctl.git fwctl/for-next
Already up to date.
Merging devsec-tsm/next (3177779ae17db virt: coco: change tsm_class to a const struct)
$ git merge -m Merge branch 'next' of https://git.kernel.org/pub/scm/linux/kernel/git/devsec/tsm.git devsec-tsm/next
Already up to date.
Merging hisilicon/for-next (b419e155e31d9 Merge branch 'next/dt64' into for-next)
$ git merge -m Merge branch 'for-next' of https://github.com/hisilicon/linux-hisi.git hisilicon/for-next
Merge made by the 'ort' strategy.
Merging kthread/for-next (fa39ec4f89f26 doc: Add housekeeping documentation)
$ git merge -m Merge branch 'for-next' of https://git.kernel.org/pub/scm/linux/kernel/git/frederic/linux-dynticks.git kthread/for-next
Already up to date.
Merging nfc/for-next (be1c0b650ce97 nfc: nxp-nci: Add ISO15693 support)
$ git merge -m Merge branch 'for-next' of https://codeberg.org/linux-nfc/linux.git nfc/for-next
Merge made by the 'ort' strategy.
 drivers/nfc/nxp-nci/core.c | 1 +
 drivers/nfc/trf7970a.c     | 6 +++---
 net/nfc/nci/uart.c         | 2 +-
 3 files changed, 5 insertions(+), 4 deletions(-)
